geography,geo_type,collection_date_approx,decimal_year,share_of_businesses_using_ai_pct,source,source_url,trust_tier
Alaska,US state,2025-12-01,2025.917,10.9,"US Census Bureau BTOS (Q7, answer Yes)",https://www.census.gov/hfp/btos/,T1
Alaska,US state,2026-02-23,2026.148,14.4,"US Census Bureau BTOS (Q7, answer Yes)",https://www.census.gov/hfp/btos/,T1
Alaska,US state,2026-04-20,2026.301,15.8,"US Census Bureau BTOS (Q7, answer Yes)",https://www.census.gov/hfp/btos/,T1
Alaska,US state,2026-05-04,2026.339,14.0,"US Census Bureau BTOS (Q7, answer Yes)",https://www.census.gov/hfp/btos/,T1
Alaska,US state,2026-05-18,2026.378,19.6,"US Census Bureau BTOS (Q7, answer Yes)",https://www.census.gov/hfp/btos/,T1
Alabama,US state,2023-10-23,2023.81,4.0,"US Census Bureau BTOS (Q7, answer Yes)",https://www.census.gov/hfp/btos/,T1
Alabama,US state,2023-11-20,2023.887,3.9,"US Census Bureau BTOS (Q7, answer Yes)",https://www.census.gov/hfp/btos/,T1
Alabama,US state,2023-12-04,2023.925,3.2,"US Census Bureau BTOS (Q7, answer Yes)",https://www.census.gov/hfp/btos/,T1
Alabama,US state,2024-01-01,2024.003,3.3,"US Census Bureau BTOS (Q7, answer Yes)",https://www.census.gov/hfp/btos/,T1
Alabama,US state,2024-01-15,2024.041,4.1,"US Census Bureau BTOS (Q7, answer Yes)",https://www.census.gov/hfp/btos/,T1
Alabama,US state,2024-01-29,2024.079,3.9,"US Census Bureau BTOS (Q7, answer Yes)",https://www.census.gov/hfp/btos/,T1
Alabama,US state,2024-02-12,2024.118,4.3,"US Census Bureau BTOS (Q7, answer Yes)",https://www.census.gov/hfp/btos/,T1
Alabama,US state,2024-02-26,2024.156,3.3,"US Census Bureau BTOS (Q7, answer Yes)",https://www.census.gov/hfp/btos/,T1
Alabama,US state,2024-04-08,2024.271,3.1,"US Census Bureau BTOS (Q7, answer Yes)",https://www.census.gov/hfp/btos/,T1
Alabama,US state,2024-04-22,2024.309,3.5,"US Census Bureau BTOS (Q7, answer Yes)",https://www.census.gov/hfp/btos/,T1
Alabama,US state,2024-05-06,2024.348,3.0,"US Census Bureau BTOS (Q7, answer Yes)",https://www.census.gov/hfp/btos/,T1
Alabama,US state,2024-07-01,2024.501,3.7,"US Census Bureau BTOS (Q7, answer Yes)",https://www.census.gov/hfp/btos/,T1
Alabama,US state,2024-07-15,2024.539,3.5,"US Census Bureau BTOS (Q7, answer Yes)",https://www.census.gov/hfp/btos/,T1
Alabama,US state,2024-07-29,2024.578,3.8,"US Census Bureau BTOS (Q7, answer Yes)",https://www.census.gov/hfp/btos/,T1
Alabama,US state,2024-08-12,2024.616,3.1,"US Census Bureau BTOS (Q7, answer Yes)",https://www.census.gov/hfp/btos/,T1
Alabama,US state,2024-09-09,2024.693,5.8,"US Census Bureau BTOS (Q7, answer Yes)",https://www.census.gov/hfp/btos/,T1
Alabama,US state,2024-09-23,2024.731,3.7,"US Census Bureau BTOS (Q7, answer Yes)",https://www.census.gov/hfp/btos/,T1
Alabama,US state,2024-10-07,2024.769,2.6,"US Census Bureau BTOS (Q7, answer Yes)",https://www.census.gov/hfp/btos/,T1
Alabama,US state,2024-10-21,2024.808,3.9,"US Census Bureau BTOS (Q7, answer Yes)",https://www.census.gov/hfp/btos/,T1
Alabama,US state,2024-11-18,2024.884,3.3,"US Census Bureau BTOS (Q7, answer Yes)",https://www.census.gov/hfp/btos/,T1
Alabama,US state,2024-12-02,2024.923,6.4,"US Census Bureau BTOS (Q7, answer Yes)",https://www.census.gov/hfp/btos/,T1
Alabama,US state,2024-12-16,2024.961,6.5,"US Census Bureau BTOS (Q7, answer Yes)",https://www.census.gov/hfp/btos/,T1
Alabama,US state,2024-12-30,2024.999,3.5,"US Census Bureau BTOS (Q7, answer Yes)",https://www.census.gov/hfp/btos/,T1
Alabama,US state,2025-01-13,2025.036,4.1,"US Census Bureau BTOS (Q7, answer Yes)",https://www.census.gov/hfp/btos/,T1
Alabama,US state,2025-01-27,2025.074,5.2,"US Census Bureau BTOS (Q7, answer Yes)",https://www.census.gov/hfp/btos/,T1
Alabama,US state,2025-02-10,2025.112,3.7,"US Census Bureau BTOS (Q7, answer Yes)",https://www.census.gov/hfp/btos/,T1
Alabama,US state,2025-02-24,2025.151,6.0,"US Census Bureau BTOS (Q7, answer Yes)",https://www.census.gov/hfp/btos/,T1
Alabama,US state,2025-03-10,2025.189,5.5,"US Census Bureau BTOS (Q7, answer Yes)",https://www.census.gov/hfp/btos/,T1
Alabama,US state,2025-03-24,2025.227,5.4,"US Census Bureau BTOS (Q7, answer Yes)",https://www.census.gov/hfp/btos/,T1
Alabama,US state,2025-04-21,2025.304,7.5,"US Census Bureau BTOS (Q7, answer Yes)",https://www.census.gov/hfp/btos/,T1
Alabama,US state,2025-05-05,2025.342,5.7,"US Census Bureau BTOS (Q7, answer Yes)",https://www.census.gov/hfp/btos/,T1
Alabama,US state,2025-05-19,2025.381,10.2,"US Census Bureau BTOS (Q7, answer Yes)",https://www.census.gov/hfp/btos/,T1
Alabama,US state,2025-06-02,2025.419,5.9,"US Census Bureau BTOS (Q7, answer Yes)",https://www.census.gov/hfp/btos/,T1
Alabama,US state,2025-06-30,2025.496,7.1,"US Census Bureau BTOS (Q7, answer Yes)",https://www.census.gov/hfp/btos/,T1
Alabama,US state,2025-07-14,2025.534,6.3,"US Census Bureau BTOS (Q7, answer Yes)",https://www.census.gov/hfp/btos/,T1
Alabama,US state,2025-07-28,2025.572,6.6,"US Census Bureau BTOS (Q7, answer Yes)",https://www.census.gov/hfp/btos/,T1
Alabama,US state,2025-08-11,2025.611,10.1,"US Census Bureau BTOS (Q7, answer Yes)",https://www.census.gov/hfp/btos/,T1
Alabama,US state,2025-08-25,2025.649,6.3,"US Census Bureau BTOS (Q7, answer Yes)",https://www.census.gov/hfp/btos/,T1
Alabama,US state,2025-09-08,2025.687,5.9,"US Census Bureau BTOS (Q7, answer Yes)",https://www.census.gov/hfp/btos/,T1
Alabama,US state,2025-09-22,2025.726,7.1,"US Census Bureau BTOS (Q7, answer Yes)",https://www.census.gov/hfp/btos/,T1
Alabama,US state,2025-11-17,2025.879,14.5,"US Census Bureau BTOS (Q7, answer Yes)",https://www.census.gov/hfp/btos/,T1
Alabama,US state,2025-12-01,2025.917,15.1,"US Census Bureau BTOS (Q7, answer Yes)",https://www.census.gov/hfp/btos/,T1
Alabama,US state,2025-12-15,2025.956,19.2,"US Census Bureau BTOS (Q7, answer Yes)",https://www.census.gov/hfp/btos/,T1
Alabama,US state,2025-12-29,2025.994,15.5,"US Census Bureau BTOS (Q7, answer Yes)",https://www.census.gov/hfp/btos/,T1
Alabama,US state,2026-01-12,2026.033,13.5,"US Census Bureau BTOS (Q7, answer Yes)",https://www.census.gov/hfp/btos/,T1
Alabama,US state,2026-01-26,2026.071,17.4,"US Census Bureau BTOS (Q7, answer Yes)",https://www.census.gov/hfp/btos/,T1
Alabama,US state,2026-02-09,2026.11,11.0,"US Census Bureau BTOS (Q7, answer Yes)",https://www.census.gov/hfp/btos/,T1
Alabama,US state,2026-02-23,2026.148,22.2,"US Census Bureau BTOS (Q7, answer Yes)",https://www.census.gov/hfp/btos/,T1
Alabama,US state,2026-03-09,2026.186,14.6,"US Census Bureau BTOS (Q7, answer Yes)",https://www.census.gov/hfp/btos/,T1
Alabama,US state,2026-03-23,2026.225,17.0,"US Census Bureau BTOS (Q7, answer Yes)",https://www.census.gov/hfp/btos/,T1
Alabama,US state,2026-04-06,2026.263,14.3,"US Census Bureau BTOS (Q7, answer Yes)",https://www.census.gov/hfp/btos/,T1
Alabama,US state,2026-04-20,2026.301,16.1,"US Census Bureau BTOS (Q7, answer Yes)",https://www.census.gov/hfp/btos/,T1
Alabama,US state,2026-05-04,2026.339,16.7,"US Census Bureau BTOS (Q7, answer Yes)",https://www.census.gov/hfp/btos/,T1
Alabama,US state,2026-05-18,2026.378,21.1,"US Census Bureau BTOS (Q7, answer Yes)",https://www.census.gov/hfp/btos/,T1
Alabama,US state,2026-06-01,2026.416,21.4,"US Census Bureau BTOS (Q7, answer Yes)",https://www.census.gov/hfp/btos/,T1
Alabama,US state,2026-06-15,2026.454,16.7,"US Census Bureau BTOS (Q7, answer Yes)",https://www.census.gov/hfp/btos/,T1
Arkansas,US state,2023-10-09,2023.772,4.6,"US Census Bureau BTOS (Q7, answer Yes)",https://www.census.gov/hfp/btos/,T1
Arkansas,US state,2023-11-20,2023.887,5.3,"US Census Bureau BTOS (Q7, answer Yes)",https://www.census.gov/hfp/btos/,T1
Arkansas,US state,2024-03-25,2024.233,4.0,"US Census Bureau BTOS (Q7, answer Yes)",https://www.census.gov/hfp/btos/,T1
Arkansas,US state,2024-04-22,2024.309,4.8,"US Census Bureau BTOS (Q7, answer Yes)",https://www.census.gov/hfp/btos/,T1
Arkansas,US state,2024-06-17,2024.463,5.8,"US Census Bureau BTOS (Q7, answer Yes)",https://www.census.gov/hfp/btos/,T1
Arkansas,US state,2024-09-09,2024.693,5.8,"US Census Bureau BTOS (Q7, answer Yes)",https://www.census.gov/hfp/btos/,T1
Arkansas,US state,2024-10-07,2024.769,5.0,"US Census Bureau BTOS (Q7, answer Yes)",https://www.census.gov/hfp/btos/,T1
Arkansas,US state,2024-12-30,2024.999,5.8,"US Census Bureau BTOS (Q7, answer Yes)",https://www.census.gov/hfp/btos/,T1
Arkansas,US state,2025-03-10,2025.189,5.3,"US Census Bureau BTOS (Q7, answer Yes)",https://www.census.gov/hfp/btos/,T1
Arkansas,US state,2025-03-24,2025.227,9.8,"US Census Bureau BTOS (Q7, answer Yes)",https://www.census.gov/hfp/btos/,T1
Arkansas,US state,2025-05-19,2025.381,7.1,"US Census Bureau BTOS (Q7, answer Yes)",https://www.census.gov/hfp/btos/,T1
Arkansas,US state,2025-06-16,2025.457,9.1,"US Census Bureau BTOS (Q7, answer Yes)",https://www.census.gov/hfp/btos/,T1
Arkansas,US state,2025-06-30,2025.496,9.3,"US Census Bureau BTOS (Q7, answer Yes)",https://www.census.gov/hfp/btos/,T1
Arkansas,US state,2025-07-14,2025.534,7.5,"US Census Bureau BTOS (Q7, answer Yes)",https://www.census.gov/hfp/btos/,T1
Arkansas,US state,2025-07-28,2025.572,5.8,"US Census Bureau BTOS (Q7, answer Yes)",https://www.census.gov/hfp/btos/,T1
Arkansas,US state,2025-08-11,2025.611,6.4,"US Census Bureau BTOS (Q7, answer Yes)",https://www.census.gov/hfp/btos/,T1
Arkansas,US state,2025-08-25,2025.649,8.6,"US Census Bureau BTOS (Q7, answer Yes)",https://www.census.gov/hfp/btos/,T1
Arkansas,US state,2025-09-08,2025.687,8.0,"US Census Bureau BTOS (Q7, answer Yes)",https://www.census.gov/hfp/btos/,T1
Arkansas,US state,2025-09-22,2025.726,5.8,"US Census Bureau BTOS (Q7, answer Yes)",https://www.census.gov/hfp/btos/,T1
Arkansas,US state,2025-11-17,2025.879,14.4,"US Census Bureau BTOS (Q7, answer Yes)",https://www.census.gov/hfp/btos/,T1
Arkansas,US state,2025-12-01,2025.917,13.9,"US Census Bureau BTOS (Q7, answer Yes)",https://www.census.gov/hfp/btos/,T1
Arkansas,US state,2025-12-15,2025.956,10.2,"US Census Bureau BTOS (Q7, answer Yes)",https://www.census.gov/hfp/btos/,T1
Arkansas,US state,2025-12-29,2025.994,10.3,"US Census Bureau BTOS (Q7, answer Yes)",https://www.census.gov/hfp/btos/,T1
Arkansas,US state,2026-01-12,2026.033,12.2,"US Census Bureau BTOS (Q7, answer Yes)",https://www.census.gov/hfp/btos/,T1
Arkansas,US state,2026-01-26,2026.071,8.7,"US Census Bureau BTOS (Q7, answer Yes)",https://www.census.gov/hfp/btos/,T1
Arkansas,US state,2026-02-09,2026.11,16.7,"US Census Bureau BTOS (Q7, answer Yes)",https://www.census.gov/hfp/btos/,T1
Arkansas,US state,2026-02-23,2026.148,13.2,"US Census Bureau BTOS (Q7, answer Yes)",https://www.census.gov/hfp/btos/,T1
Arkansas,US state,2026-03-09,2026.186,9.7,"US Census Bureau BTOS (Q7, answer Yes)",https://www.census.gov/hfp/btos/,T1
Arkansas,US state,2026-03-23,2026.225,14.1,"US Census Bureau BTOS (Q7, answer Yes)",https://www.census.gov/hfp/btos/,T1
Arkansas,US state,2026-04-06,2026.263,16.1,"US Census Bureau BTOS (Q7, answer Yes)",https://www.census.gov/hfp/btos/,T1
Arkansas,US state,2026-04-20,2026.301,16.3,"US Census Bureau BTOS (Q7, answer Yes)",https://www.census.gov/hfp/btos/,T1
Arkansas,US state,2026-05-04,2026.339,17.6,"US Census Bureau BTOS (Q7, answer Yes)",https://www.census.gov/hfp/btos/,T1
Arkansas,US state,2026-05-18,2026.378,13.5,"US Census Bureau BTOS (Q7, answer Yes)",https://www.census.gov/hfp/btos/,T1
Arkansas,US state,2026-06-01,2026.416,16.5,"US Census Bureau BTOS (Q7, answer Yes)",https://www.census.gov/hfp/btos/,T1
Arkansas,US state,2026-06-15,2026.454,18.0,"US Census Bureau BTOS (Q7, answer Yes)",https://www.census.gov/hfp/btos/,T1
Arizona,US state,2023-09-11,2023.695,5.1,"US Census Bureau BTOS (Q7, answer Yes)",https://www.census.gov/hfp/btos/,T1
Arizona,US state,2023-09-25,2023.734,4.4,"US Census Bureau BTOS (Q7, answer Yes)",https://www.census.gov/hfp/btos/,T1
Arizona,US state,2023-10-09,2023.772,6.8,"US Census Bureau BTOS (Q7, answer Yes)",https://www.census.gov/hfp/btos/,T1
Arizona,US state,2023-10-23,2023.81,5.6,"US Census Bureau BTOS (Q7, answer Yes)",https://www.census.gov/hfp/btos/,T1
Arizona,US state,2023-11-06,2023.849,5.5,"US Census Bureau BTOS (Q7, answer Yes)",https://www.census.gov/hfp/btos/,T1
Arizona,US state,2023-11-20,2023.887,6.4,"US Census Bureau BTOS (Q7, answer Yes)",https://www.census.gov/hfp/btos/,T1
Arizona,US state,2023-12-04,2023.925,6.4,"US Census Bureau BTOS (Q7, answer Yes)",https://www.census.gov/hfp/btos/,T1
Arizona,US state,2023-12-18,2023.964,5.8,"US Census Bureau BTOS (Q7, answer Yes)",https://www.census.gov/hfp/btos/,T1
Arizona,US state,2024-01-01,2024.003,5.3,"US Census Bureau BTOS (Q7, answer Yes)",https://www.census.gov/hfp/btos/,T1
Arizona,US state,2024-01-15,2024.041,5.7,"US Census Bureau BTOS (Q7, answer Yes)",https://www.census.gov/hfp/btos/,T1
Arizona,US state,2024-01-29,2024.079,5.6,"US Census Bureau BTOS (Q7, answer Yes)",https://www.census.gov/hfp/btos/,T1
Arizona,US state,2024-02-12,2024.118,7.6,"US Census Bureau BTOS (Q7, answer Yes)",https://www.census.gov/hfp/btos/,T1
Arizona,US state,2024-02-26,2024.156,4.8,"US Census Bureau BTOS (Q7, answer Yes)",https://www.census.gov/hfp/btos/,T1
Arizona,US state,2024-03-11,2024.194,4.8,"US Census Bureau BTOS (Q7, answer Yes)",https://www.census.gov/hfp/btos/,T1
Arizona,US state,2024-03-25,2024.233,5.2,"US Census Bureau BTOS (Q7, answer Yes)",https://www.census.gov/hfp/btos/,T1
Arizona,US state,2024-04-08,2024.271,6.8,"US Census Bureau BTOS (Q7, answer Yes)",https://www.census.gov/hfp/btos/,T1
Arizona,US state,2024-04-22,2024.309,4.8,"US Census Bureau BTOS (Q7, answer Yes)",https://www.census.gov/hfp/btos/,T1
Arizona,US state,2024-05-06,2024.348,5.0,"US Census Bureau BTOS (Q7, answer Yes)",https://www.census.gov/hfp/btos/,T1
Arizona,US state,2024-05-20,2024.386,6.2,"US Census Bureau BTOS (Q7, answer Yes)",https://www.census.gov/hfp/btos/,T1
Arizona,US state,2024-06-03,2024.424,6.3,"US Census Bureau BTOS (Q7, answer Yes)",https://www.census.gov/hfp/btos/,T1
Arizona,US state,2024-06-17,2024.463,6.0,"US Census Bureau BTOS (Q7, answer Yes)",https://www.census.gov/hfp/btos/,T1
Arizona,US state,2024-07-01,2024.501,4.9,"US Census Bureau BTOS (Q7, answer Yes)",https://www.census.gov/hfp/btos/,T1
Arizona,US state,2024-07-15,2024.539,7.6,"US Census Bureau BTOS (Q7, answer Yes)",https://www.census.gov/hfp/btos/,T1
Arizona,US state,2024-07-29,2024.578,6.8,"US Census Bureau BTOS (Q7, answer Yes)",https://www.census.gov/hfp/btos/,T1
Arizona,US state,2024-08-12,2024.616,5.3,"US Census Bureau BTOS (Q7, answer Yes)",https://www.census.gov/hfp/btos/,T1
Arizona,US state,2024-08-26,2024.654,5.3,"US Census Bureau BTOS (Q7, answer Yes)",https://www.census.gov/hfp/btos/,T1
Arizona,US state,2024-09-09,2024.693,9.4,"US Census Bureau BTOS (Q7, answer Yes)",https://www.census.gov/hfp/btos/,T1
Arizona,US state,2024-09-23,2024.731,8.1,"US Census Bureau BTOS (Q7, answer Yes)",https://www.census.gov/hfp/btos/,T1
Arizona,US state,2024-10-07,2024.769,6.1,"US Census Bureau BTOS (Q7, answer Yes)",https://www.census.gov/hfp/btos/,T1
Arizona,US state,2024-10-21,2024.808,7.1,"US Census Bureau BTOS (Q7, answer Yes)",https://www.census.gov/hfp/btos/,T1
Arizona,US state,2024-11-04,2024.846,8.0,"US Census Bureau BTOS (Q7, answer Yes)",https://www.census.gov/hfp/btos/,T1
Arizona,US state,2024-11-18,2024.884,6.3,"US Census Bureau BTOS (Q7, answer Yes)",https://www.census.gov/hfp/btos/,T1
Arizona,US state,2024-12-02,2024.923,7.5,"US Census Bureau BTOS (Q7, answer Yes)",https://www.census.gov/hfp/btos/,T1
Arizona,US state,2024-12-16,2024.961,8.4,"US Census Bureau BTOS (Q7, answer Yes)",https://www.census.gov/hfp/btos/,T1
Arizona,US state,2024-12-30,2024.999,6.1,"US Census Bureau BTOS (Q7, answer Yes)",https://www.census.gov/hfp/btos/,T1
Arizona,US state,2025-01-13,2025.036,6.7,"US Census Bureau BTOS (Q7, answer Yes)",https://www.census.gov/hfp/btos/,T1
Arizona,US state,2025-01-27,2025.074,7.1,"US Census Bureau BTOS (Q7, answer Yes)",https://www.census.gov/hfp/btos/,T1
Arizona,US state,2025-02-10,2025.112,6.2,"US Census Bureau BTOS (Q7, answer Yes)",https://www.census.gov/hfp/btos/,T1
Arizona,US state,2025-02-24,2025.151,8.5,"US Census Bureau BTOS (Q7, answer Yes)",https://www.census.gov/hfp/btos/,T1
Arizona,US state,2025-03-10,2025.189,10.2,"US Census Bureau BTOS (Q7, answer Yes)",https://www.census.gov/hfp/btos/,T1
Arizona,US state,2025-03-24,2025.227,8.8,"US Census Bureau BTOS (Q7, answer Yes)",https://www.census.gov/hfp/btos/,T1
Arizona,US state,2025-04-07,2025.266,9.8,"US Census Bureau BTOS (Q7, answer Yes)",https://www.census.gov/hfp/btos/,T1
Arizona,US state,2025-04-21,2025.304,11.0,"US Census Bureau BTOS (Q7, answer Yes)",https://www.census.gov/hfp/btos/,T1
Arizona,US state,2025-05-05,2025.342,5.9,"US Census Bureau BTOS (Q7, answer Yes)",https://www.census.gov/hfp/btos/,T1
Arizona,US state,2025-05-19,2025.381,12.6,"US Census Bureau BTOS (Q7, answer Yes)",https://www.census.gov/hfp/btos/,T1
Arizona,US state,2025-06-02,2025.419,13.3,"US Census Bureau BTOS (Q7, answer Yes)",https://www.census.gov/hfp/btos/,T1
Arizona,US state,2025-06-16,2025.457,9.2,"US Census Bureau BTOS (Q7, answer Yes)",https://www.census.gov/hfp/btos/,T1
Arizona,US state,2025-06-30,2025.496,11.6,"US Census Bureau BTOS (Q7, answer Yes)",https://www.census.gov/hfp/btos/,T1
Arizona,US state,2025-07-14,2025.534,12.2,"US Census Bureau BTOS (Q7, answer Yes)",https://www.census.gov/hfp/btos/,T1
Arizona,US state,2025-07-28,2025.572,9.9,"US Census Bureau BTOS (Q7, answer Yes)",https://www.census.gov/hfp/btos/,T1
Arizona,US state,2025-08-11,2025.611,10.4,"US Census Bureau BTOS (Q7, answer Yes)",https://www.census.gov/hfp/btos/,T1
Arizona,US state,2025-08-25,2025.649,12.2,"US Census Bureau BTOS (Q7, answer Yes)",https://www.census.gov/hfp/btos/,T1
Arizona,US state,2025-09-08,2025.687,12.0,"US Census Bureau BTOS (Q7, answer Yes)",https://www.census.gov/hfp/btos/,T1
Arizona,US state,2025-09-22,2025.726,14.4,"US Census Bureau BTOS (Q7, answer Yes)",https://www.census.gov/hfp/btos/,T1
Arizona,US state,2025-11-17,2025.879,24.5,"US Census Bureau BTOS (Q7, answer Yes)",https://www.census.gov/hfp/btos/,T1
Arizona,US state,2025-12-01,2025.917,19.7,"US Census Bureau BTOS (Q7, answer Yes)",https://www.census.gov/hfp/btos/,T1
Arizona,US state,2025-12-15,2025.956,25.5,"US Census Bureau BTOS (Q7, answer Yes)",https://www.census.gov/hfp/btos/,T1
Arizona,US state,2025-12-29,2025.994,24.3,"US Census Bureau BTOS (Q7, answer Yes)",https://www.census.gov/hfp/btos/,T1
Arizona,US state,2026-01-12,2026.033,18.2,"US Census Bureau BTOS (Q7, answer Yes)",https://www.census.gov/hfp/btos/,T1
Arizona,US state,2026-01-26,2026.071,23.3,"US Census Bureau BTOS (Q7, answer Yes)",https://www.census.gov/hfp/btos/,T1
Arizona,US state,2026-02-09,2026.11,21.8,"US Census Bureau BTOS (Q7, answer Yes)",https://www.census.gov/hfp/btos/,T1
Arizona,US state,2026-02-23,2026.148,21.5,"US Census Bureau BTOS (Q7, answer Yes)",https://www.census.gov/hfp/btos/,T1
Arizona,US state,2026-03-09,2026.186,28.3,"US Census Bureau BTOS (Q7, answer Yes)",https://www.census.gov/hfp/btos/,T1
Arizona,US state,2026-03-23,2026.225,25.0,"US Census Bureau BTOS (Q7, answer Yes)",https://www.census.gov/hfp/btos/,T1
Arizona,US state,2026-04-06,2026.263,27.9,"US Census Bureau BTOS (Q7, answer Yes)",https://www.census.gov/hfp/btos/,T1
Arizona,US state,2026-04-20,2026.301,25.0,"US Census Bureau BTOS (Q7, answer Yes)",https://www.census.gov/hfp/btos/,T1
Arizona,US state,2026-05-04,2026.339,28.0,"US Census Bureau BTOS (Q7, answer Yes)",https://www.census.gov/hfp/btos/,T1
Arizona,US state,2026-05-18,2026.378,24.9,"US Census Bureau BTOS (Q7, answer Yes)",https://www.census.gov/hfp/btos/,T1
Arizona,US state,2026-06-01,2026.416,26.4,"US Census Bureau BTOS (Q7, answer Yes)",https://www.census.gov/hfp/btos/,T1
Arizona,US state,2026-06-15,2026.454,22.0,"US Census Bureau BTOS (Q7, answer Yes)",https://www.census.gov/hfp/btos/,T1
California,US state,2023-09-11,2023.695,4.9,"US Census Bureau BTOS (Q7, answer Yes)",https://www.census.gov/hfp/btos/,T1
California,US state,2023-09-25,2023.734,4.4,"US Census Bureau BTOS (Q7, answer Yes)",https://www.census.gov/hfp/btos/,T1
California,US state,2023-10-09,2023.772,4.7,"US Census Bureau BTOS (Q7, answer Yes)",https://www.census.gov/hfp/btos/,T1
California,US state,2023-10-23,2023.81,4.9,"US Census Bureau BTOS (Q7, answer Yes)",https://www.census.gov/hfp/btos/,T1
California,US state,2023-11-06,2023.849,5.7,"US Census Bureau BTOS (Q7, answer Yes)",https://www.census.gov/hfp/btos/,T1
California,US state,2023-11-20,2023.887,5.8,"US Census Bureau BTOS (Q7, answer Yes)",https://www.census.gov/hfp/btos/,T1
California,US state,2023-12-04,2023.925,6.1,"US Census Bureau BTOS (Q7, answer Yes)",https://www.census.gov/hfp/btos/,T1
California,US state,2023-12-18,2023.964,5.9,"US Census Bureau BTOS (Q7, answer Yes)",https://www.census.gov/hfp/btos/,T1
California,US state,2024-01-01,2024.003,6.3,"US Census Bureau BTOS (Q7, answer Yes)",https://www.census.gov/hfp/btos/,T1
California,US state,2024-01-15,2024.041,6.4,"US Census Bureau BTOS (Q7, answer Yes)",https://www.census.gov/hfp/btos/,T1
California,US state,2024-01-29,2024.079,6.2,"US Census Bureau BTOS (Q7, answer Yes)",https://www.census.gov/hfp/btos/,T1
California,US state,2024-02-12,2024.118,6.6,"US Census Bureau BTOS (Q7, answer Yes)",https://www.census.gov/hfp/btos/,T1
California,US state,2024-02-26,2024.156,5.8,"US Census Bureau BTOS (Q7, answer Yes)",https://www.census.gov/hfp/btos/,T1
California,US state,2024-03-11,2024.194,4.6,"US Census Bureau BTOS (Q7, answer Yes)",https://www.census.gov/hfp/btos/,T1
California,US state,2024-03-25,2024.233,5.0,"US Census Bureau BTOS (Q7, answer Yes)",https://www.census.gov/hfp/btos/,T1
California,US state,2024-04-08,2024.271,5.9,"US Census Bureau BTOS (Q7, answer Yes)",https://www.census.gov/hfp/btos/,T1
California,US state,2024-04-22,2024.309,5.9,"US Census Bureau BTOS (Q7, answer Yes)",https://www.census.gov/hfp/btos/,T1
California,US state,2024-05-06,2024.348,5.5,"US Census Bureau BTOS (Q7, answer Yes)",https://www.census.gov/hfp/btos/,T1
California,US state,2024-05-20,2024.386,6.0,"US Census Bureau BTOS (Q7, answer Yes)",https://www.census.gov/hfp/btos/,T1
California,US state,2024-06-03,2024.424,5.0,"US Census Bureau BTOS (Q7, answer Yes)",https://www.census.gov/hfp/btos/,T1
California,US state,2024-06-17,2024.463,5.9,"US Census Bureau BTOS (Q7, answer Yes)",https://www.census.gov/hfp/btos/,T1
California,US state,2024-07-01,2024.501,6.3,"US Census Bureau BTOS (Q7, answer Yes)",https://www.census.gov/hfp/btos/,T1
California,US state,2024-07-15,2024.539,6.4,"US Census Bureau BTOS (Q7, answer Yes)",https://www.census.gov/hfp/btos/,T1
California,US state,2024-07-29,2024.578,6.5,"US Census Bureau BTOS (Q7, answer Yes)",https://www.census.gov/hfp/btos/,T1
California,US state,2024-08-12,2024.616,7.0,"US Census Bureau BTOS (Q7, answer Yes)",https://www.census.gov/hfp/btos/,T1
California,US state,2024-08-26,2024.654,7.3,"US Census Bureau BTOS (Q7, answer Yes)",https://www.census.gov/hfp/btos/,T1
California,US state,2024-09-09,2024.693,6.9,"US Census Bureau BTOS (Q7, answer Yes)",https://www.census.gov/hfp/btos/,T1
California,US state,2024-09-23,2024.731,6.7,"US Census Bureau BTOS (Q7, answer Yes)",https://www.census.gov/hfp/btos/,T1
California,US state,2024-10-07,2024.769,7.4,"US Census Bureau BTOS (Q7, answer Yes)",https://www.census.gov/hfp/btos/,T1
California,US state,2024-10-21,2024.808,7.3,"US Census Bureau BTOS (Q7, answer Yes)",https://www.census.gov/hfp/btos/,T1
California,US state,2024-11-04,2024.846,7.2,"US Census Bureau BTOS (Q7, answer Yes)",https://www.census.gov/hfp/btos/,T1
California,US state,2024-11-18,2024.884,8.0,"US Census Bureau BTOS (Q7, answer Yes)",https://www.census.gov/hfp/btos/,T1
California,US state,2024-12-02,2024.923,6.4,"US Census Bureau BTOS (Q7, answer Yes)",https://www.census.gov/hfp/btos/,T1
California,US state,2024-12-16,2024.961,7.3,"US Census Bureau BTOS (Q7, answer Yes)",https://www.census.gov/hfp/btos/,T1
California,US state,2024-12-30,2024.999,7.0,"US Census Bureau BTOS (Q7, answer Yes)",https://www.census.gov/hfp/btos/,T1
California,US state,2025-01-13,2025.036,7.0,"US Census Bureau BTOS (Q7, answer Yes)",https://www.census.gov/hfp/btos/,T1
California,US state,2025-01-27,2025.074,7.7,"US Census Bureau BTOS (Q7, answer Yes)",https://www.census.gov/hfp/btos/,T1
California,US state,2025-02-10,2025.112,9.0,"US Census Bureau BTOS (Q7, answer Yes)",https://www.census.gov/hfp/btos/,T1
California,US state,2025-02-24,2025.151,8.5,"US Census Bureau BTOS (Q7, answer Yes)",https://www.census.gov/hfp/btos/,T1
California,US state,2025-03-10,2025.189,9.3,"US Census Bureau BTOS (Q7, answer Yes)",https://www.census.gov/hfp/btos/,T1
California,US state,2025-03-24,2025.227,8.6,"US Census Bureau BTOS (Q7, answer Yes)",https://www.census.gov/hfp/btos/,T1
California,US state,2025-04-07,2025.266,10.1,"US Census Bureau BTOS (Q7, answer Yes)",https://www.census.gov/hfp/btos/,T1
California,US state,2025-04-21,2025.304,9.3,"US Census Bureau BTOS (Q7, answer Yes)",https://www.census.gov/hfp/btos/,T1
California,US state,2025-05-05,2025.342,9.8,"US Census Bureau BTOS (Q7, answer Yes)",https://www.census.gov/hfp/btos/,T1
California,US state,2025-05-19,2025.381,9.4,"US Census Bureau BTOS (Q7, answer Yes)",https://www.census.gov/hfp/btos/,T1
California,US state,2025-06-02,2025.419,11.5,"US Census Bureau BTOS (Q7, answer Yes)",https://www.census.gov/hfp/btos/,T1
California,US state,2025-06-16,2025.457,11.1,"US Census Bureau BTOS (Q7, answer Yes)",https://www.census.gov/hfp/btos/,T1
California,US state,2025-06-30,2025.496,9.4,"US Census Bureau BTOS (Q7, answer Yes)",https://www.census.gov/hfp/btos/,T1
California,US state,2025-07-14,2025.534,11.2,"US Census Bureau BTOS (Q7, answer Yes)",https://www.census.gov/hfp/btos/,T1
California,US state,2025-07-28,2025.572,10.4,"US Census Bureau BTOS (Q7, answer Yes)",https://www.census.gov/hfp/btos/,T1
California,US state,2025-08-11,2025.611,10.5,"US Census Bureau BTOS (Q7, answer Yes)",https://www.census.gov/hfp/btos/,T1
California,US state,2025-08-25,2025.649,9.5,"US Census Bureau BTOS (Q7, answer Yes)",https://www.census.gov/hfp/btos/,T1
California,US state,2025-09-08,2025.687,10.8,"US Census Bureau BTOS (Q7, answer Yes)",https://www.census.gov/hfp/btos/,T1
California,US state,2025-09-22,2025.726,11.0,"US Census Bureau BTOS (Q7, answer Yes)",https://www.census.gov/hfp/btos/,T1
California,US state,2025-11-17,2025.879,19.4,"US Census Bureau BTOS (Q7, answer Yes)",https://www.census.gov/hfp/btos/,T1
California,US state,2025-12-01,2025.917,18.4,"US Census Bureau BTOS (Q7, answer Yes)",https://www.census.gov/hfp/btos/,T1
California,US state,2025-12-15,2025.956,18.4,"US Census Bureau BTOS (Q7, answer Yes)",https://www.census.gov/hfp/btos/,T1
California,US state,2025-12-29,2025.994,19.1,"US Census Bureau BTOS (Q7, answer Yes)",https://www.census.gov/hfp/btos/,T1
California,US state,2026-01-12,2026.033,19.4,"US Census Bureau BTOS (Q7, answer Yes)",https://www.census.gov/hfp/btos/,T1
California,US state,2026-01-26,2026.071,19.8,"US Census Bureau BTOS (Q7, answer Yes)",https://www.census.gov/hfp/btos/,T1
California,US state,2026-02-09,2026.11,20.2,"US Census Bureau BTOS (Q7, answer Yes)",https://www.census.gov/hfp/btos/,T1
California,US state,2026-02-23,2026.148,19.2,"US Census Bureau BTOS (Q7, answer Yes)",https://www.census.gov/hfp/btos/,T1
California,US state,2026-03-09,2026.186,19.3,"US Census Bureau BTOS (Q7, answer Yes)",https://www.census.gov/hfp/btos/,T1
California,US state,2026-03-23,2026.225,20.0,"US Census Bureau BTOS (Q7, answer Yes)",https://www.census.gov/hfp/btos/,T1
California,US state,2026-04-06,2026.263,21.4,"US Census Bureau BTOS (Q7, answer Yes)",https://www.census.gov/hfp/btos/,T1
California,US state,2026-04-20,2026.301,20.6,"US Census Bureau BTOS (Q7, answer Yes)",https://www.census.gov/hfp/btos/,T1
California,US state,2026-05-04,2026.339,20.6,"US Census Bureau BTOS (Q7, answer Yes)",https://www.census.gov/hfp/btos/,T1
California,US state,2026-05-18,2026.378,21.9,"US Census Bureau BTOS (Q7, answer Yes)",https://www.census.gov/hfp/btos/,T1
California,US state,2026-06-01,2026.416,22.2,"US Census Bureau BTOS (Q7, answer Yes)",https://www.census.gov/hfp/btos/,T1
California,US state,2026-06-15,2026.454,22.2,"US Census Bureau BTOS (Q7, answer Yes)",https://www.census.gov/hfp/btos/,T1
Colorado,US state,2023-09-11,2023.695,5.3,"US Census Bureau BTOS (Q7, answer Yes)",https://www.census.gov/hfp/btos/,T1
Colorado,US state,2023-09-25,2023.734,4.2,"US Census Bureau BTOS (Q7, answer Yes)",https://www.census.gov/hfp/btos/,T1
Colorado,US state,2023-10-09,2023.772,6.1,"US Census Bureau BTOS (Q7, answer Yes)",https://www.census.gov/hfp/btos/,T1
Colorado,US state,2023-10-23,2023.81,5.6,"US Census Bureau BTOS (Q7, answer Yes)",https://www.census.gov/hfp/btos/,T1
Colorado,US state,2023-11-06,2023.849,8.1,"US Census Bureau BTOS (Q7, answer Yes)",https://www.census.gov/hfp/btos/,T1
Colorado,US state,2023-11-20,2023.887,5.6,"US Census Bureau BTOS (Q7, answer Yes)",https://www.census.gov/hfp/btos/,T1
Colorado,US state,2023-12-04,2023.925,9.4,"US Census Bureau BTOS (Q7, answer Yes)",https://www.census.gov/hfp/btos/,T1
Colorado,US state,2023-12-18,2023.964,5.5,"US Census Bureau BTOS (Q7, answer Yes)",https://www.census.gov/hfp/btos/,T1
Colorado,US state,2024-01-01,2024.003,6.3,"US Census Bureau BTOS (Q7, answer Yes)",https://www.census.gov/hfp/btos/,T1
Colorado,US state,2024-01-15,2024.041,7.9,"US Census Bureau BTOS (Q7, answer Yes)",https://www.census.gov/hfp/btos/,T1
Colorado,US state,2024-01-29,2024.079,9.0,"US Census Bureau BTOS (Q7, answer Yes)",https://www.census.gov/hfp/btos/,T1
Colorado,US state,2024-02-12,2024.118,6.0,"US Census Bureau BTOS (Q7, answer Yes)",https://www.census.gov/hfp/btos/,T1
Colorado,US state,2024-02-26,2024.156,6.6,"US Census Bureau BTOS (Q7, answer Yes)",https://www.census.gov/hfp/btos/,T1
Colorado,US state,2024-03-11,2024.194,6.1,"US Census Bureau BTOS (Q7, answer Yes)",https://www.census.gov/hfp/btos/,T1
Colorado,US state,2024-03-25,2024.233,6.1,"US Census Bureau BTOS (Q7, answer Yes)",https://www.census.gov/hfp/btos/,T1
Colorado,US state,2024-04-08,2024.271,6.3,"US Census Bureau BTOS (Q7, answer Yes)",https://www.census.gov/hfp/btos/,T1
Colorado,US state,2024-04-22,2024.309,8.5,"US Census Bureau BTOS (Q7, answer Yes)",https://www.census.gov/hfp/btos/,T1
Colorado,US state,2024-05-06,2024.348,5.3,"US Census Bureau BTOS (Q7, answer Yes)",https://www.census.gov/hfp/btos/,T1
Colorado,US state,2024-05-20,2024.386,6.9,"US Census Bureau BTOS (Q7, answer Yes)",https://www.census.gov/hfp/btos/,T1
Colorado,US state,2024-06-03,2024.424,5.8,"US Census Bureau BTOS (Q7, answer Yes)",https://www.census.gov/hfp/btos/,T1
Colorado,US state,2024-06-17,2024.463,8.8,"US Census Bureau BTOS (Q7, answer Yes)",https://www.census.gov/hfp/btos/,T1
Colorado,US state,2024-07-01,2024.501,6.6,"US Census Bureau BTOS (Q7, answer Yes)",https://www.census.gov/hfp/btos/,T1
Colorado,US state,2024-07-15,2024.539,6.9,"US Census Bureau BTOS (Q7, answer Yes)",https://www.census.gov/hfp/btos/,T1
Colorado,US state,2024-07-29,2024.578,6.6,"US Census Bureau BTOS (Q7, answer Yes)",https://www.census.gov/hfp/btos/,T1
Colorado,US state,2024-08-12,2024.616,7.5,"US Census Bureau BTOS (Q7, answer Yes)",https://www.census.gov/hfp/btos/,T1
Colorado,US state,2024-08-26,2024.654,7.3,"US Census Bureau BTOS (Q7, answer Yes)",https://www.census.gov/hfp/btos/,T1
Colorado,US state,2024-09-09,2024.693,8.0,"US Census Bureau BTOS (Q7, answer Yes)",https://www.census.gov/hfp/btos/,T1
Colorado,US state,2024-09-23,2024.731,6.8,"US Census Bureau BTOS (Q7, answer Yes)",https://www.census.gov/hfp/btos/,T1
Colorado,US state,2024-10-07,2024.769,6.5,"US Census Bureau BTOS (Q7, answer Yes)",https://www.census.gov/hfp/btos/,T1
Colorado,US state,2024-10-21,2024.808,7.6,"US Census Bureau BTOS (Q7, answer Yes)",https://www.census.gov/hfp/btos/,T1
Colorado,US state,2024-11-04,2024.846,7.5,"US Census Bureau BTOS (Q7, answer Yes)",https://www.census.gov/hfp/btos/,T1
Colorado,US state,2024-11-18,2024.884,7.3,"US Census Bureau BTOS (Q7, answer Yes)",https://www.census.gov/hfp/btos/,T1
Colorado,US state,2024-12-02,2024.923,7.1,"US Census Bureau BTOS (Q7, answer Yes)",https://www.census.gov/hfp/btos/,T1
Colorado,US state,2024-12-16,2024.961,9.3,"US Census Bureau BTOS (Q7, answer Yes)",https://www.census.gov/hfp/btos/,T1
Colorado,US state,2024-12-30,2024.999,7.5,"US Census Bureau BTOS (Q7, answer Yes)",https://www.census.gov/hfp/btos/,T1
Colorado,US state,2025-01-13,2025.036,10.7,"US Census Bureau BTOS (Q7, answer Yes)",https://www.census.gov/hfp/btos/,T1
Colorado,US state,2025-01-27,2025.074,5.6,"US Census Bureau BTOS (Q7, answer Yes)",https://www.census.gov/hfp/btos/,T1
Colorado,US state,2025-02-10,2025.112,11.2,"US Census Bureau BTOS (Q7, answer Yes)",https://www.census.gov/hfp/btos/,T1
Colorado,US state,2025-02-24,2025.151,6.4,"US Census Bureau BTOS (Q7, answer Yes)",https://www.census.gov/hfp/btos/,T1
Colorado,US state,2025-03-10,2025.189,11.8,"US Census Bureau BTOS (Q7, answer Yes)",https://www.census.gov/hfp/btos/,T1
Colorado,US state,2025-03-24,2025.227,9.0,"US Census Bureau BTOS (Q7, answer Yes)",https://www.census.gov/hfp/btos/,T1
Colorado,US state,2025-04-07,2025.266,12.7,"US Census Bureau BTOS (Q7, answer Yes)",https://www.census.gov/hfp/btos/,T1
Colorado,US state,2025-04-21,2025.304,10.2,"US Census Bureau BTOS (Q7, answer Yes)",https://www.census.gov/hfp/btos/,T1
Colorado,US state,2025-05-05,2025.342,11.9,"US Census Bureau BTOS (Q7, answer Yes)",https://www.census.gov/hfp/btos/,T1
Colorado,US state,2025-05-19,2025.381,10.1,"US Census Bureau BTOS (Q7, answer Yes)",https://www.census.gov/hfp/btos/,T1
Colorado,US state,2025-06-02,2025.419,14.5,"US Census Bureau BTOS (Q7, answer Yes)",https://www.census.gov/hfp/btos/,T1
Colorado,US state,2025-06-16,2025.457,13.3,"US Census Bureau BTOS (Q7, answer Yes)",https://www.census.gov/hfp/btos/,T1
Colorado,US state,2025-06-30,2025.496,15.9,"US Census Bureau BTOS (Q7, answer Yes)",https://www.census.gov/hfp/btos/,T1
Colorado,US state,2025-07-14,2025.534,12.7,"US Census Bureau BTOS (Q7, answer Yes)",https://www.census.gov/hfp/btos/,T1
Colorado,US state,2025-07-28,2025.572,10.7,"US Census Bureau BTOS (Q7, answer Yes)",https://www.census.gov/hfp/btos/,T1
Colorado,US state,2025-08-11,2025.611,12.0,"US Census Bureau BTOS (Q7, answer Yes)",https://www.census.gov/hfp/btos/,T1
Colorado,US state,2025-08-25,2025.649,11.2,"US Census Bureau BTOS (Q7, answer Yes)",https://www.census.gov/hfp/btos/,T1
Colorado,US state,2025-09-08,2025.687,16.2,"US Census Bureau BTOS (Q7, answer Yes)",https://www.census.gov/hfp/btos/,T1
Colorado,US state,2025-09-22,2025.726,12.9,"US Census Bureau BTOS (Q7, answer Yes)",https://www.census.gov/hfp/btos/,T1
Colorado,US state,2025-11-17,2025.879,25.2,"US Census Bureau BTOS (Q7, answer Yes)",https://www.census.gov/hfp/btos/,T1
Colorado,US state,2025-12-01,2025.917,22.0,"US Census Bureau BTOS (Q7, answer Yes)",https://www.census.gov/hfp/btos/,T1
Colorado,US state,2025-12-15,2025.956,21.1,"US Census Bureau BTOS (Q7, answer Yes)",https://www.census.gov/hfp/btos/,T1
Colorado,US state,2025-12-29,2025.994,23.6,"US Census Bureau BTOS (Q7, answer Yes)",https://www.census.gov/hfp/btos/,T1
Colorado,US state,2026-01-12,2026.033,25.9,"US Census Bureau BTOS (Q7, answer Yes)",https://www.census.gov/hfp/btos/,T1
Colorado,US state,2026-01-26,2026.071,23.4,"US Census Bureau BTOS (Q7, answer Yes)",https://www.census.gov/hfp/btos/,T1
Colorado,US state,2026-02-09,2026.11,20.9,"US Census Bureau BTOS (Q7, answer Yes)",https://www.census.gov/hfp/btos/,T1
Colorado,US state,2026-02-23,2026.148,22.2,"US Census Bureau BTOS (Q7, answer Yes)",https://www.census.gov/hfp/btos/,T1
Colorado,US state,2026-03-09,2026.186,23.0,"US Census Bureau BTOS (Q7, answer Yes)",https://www.census.gov/hfp/btos/,T1
Colorado,US state,2026-03-23,2026.225,24.4,"US Census Bureau BTOS (Q7, answer Yes)",https://www.census.gov/hfp/btos/,T1
Colorado,US state,2026-04-06,2026.263,25.5,"US Census Bureau BTOS (Q7, answer Yes)",https://www.census.gov/hfp/btos/,T1
Colorado,US state,2026-04-20,2026.301,23.2,"US Census Bureau BTOS (Q7, answer Yes)",https://www.census.gov/hfp/btos/,T1
Colorado,US state,2026-05-04,2026.339,28.1,"US Census Bureau BTOS (Q7, answer Yes)",https://www.census.gov/hfp/btos/,T1
Colorado,US state,2026-05-18,2026.378,22.1,"US Census Bureau BTOS (Q7, answer Yes)",https://www.census.gov/hfp/btos/,T1
Colorado,US state,2026-06-01,2026.416,27.1,"US Census Bureau BTOS (Q7, answer Yes)",https://www.census.gov/hfp/btos/,T1
Colorado,US state,2026-06-15,2026.454,22.9,"US Census Bureau BTOS (Q7, answer Yes)",https://www.census.gov/hfp/btos/,T1
Connecticut,US state,2023-09-11,2023.695,3.5,"US Census Bureau BTOS (Q7, answer Yes)",https://www.census.gov/hfp/btos/,T1
Connecticut,US state,2023-09-25,2023.734,3.0,"US Census Bureau BTOS (Q7, answer Yes)",https://www.census.gov/hfp/btos/,T1
Connecticut,US state,2023-10-23,2023.81,3.6,"US Census Bureau BTOS (Q7, answer Yes)",https://www.census.gov/hfp/btos/,T1
Connecticut,US state,2023-11-06,2023.849,3.0,"US Census Bureau BTOS (Q7, answer Yes)",https://www.census.gov/hfp/btos/,T1
Connecticut,US state,2023-11-20,2023.887,4.0,"US Census Bureau BTOS (Q7, answer Yes)",https://www.census.gov/hfp/btos/,T1
Connecticut,US state,2023-12-04,2023.925,3.8,"US Census Bureau BTOS (Q7, answer Yes)",https://www.census.gov/hfp/btos/,T1
Connecticut,US state,2023-12-18,2023.964,4.8,"US Census Bureau BTOS (Q7, answer Yes)",https://www.census.gov/hfp/btos/,T1
Connecticut,US state,2024-01-01,2024.003,3.4,"US Census Bureau BTOS (Q7, answer Yes)",https://www.census.gov/hfp/btos/,T1
Connecticut,US state,2024-01-15,2024.041,3.4,"US Census Bureau BTOS (Q7, answer Yes)",https://www.census.gov/hfp/btos/,T1
Connecticut,US state,2024-01-29,2024.079,3.1,"US Census Bureau BTOS (Q7, answer Yes)",https://www.census.gov/hfp/btos/,T1
Connecticut,US state,2024-02-12,2024.118,4.1,"US Census Bureau BTOS (Q7, answer Yes)",https://www.census.gov/hfp/btos/,T1
Connecticut,US state,2024-03-11,2024.194,4.2,"US Census Bureau BTOS (Q7, answer Yes)",https://www.census.gov/hfp/btos/,T1
Connecticut,US state,2024-03-25,2024.233,3.5,"US Census Bureau BTOS (Q7, answer Yes)",https://www.census.gov/hfp/btos/,T1
Connecticut,US state,2024-04-08,2024.271,5.2,"US Census Bureau BTOS (Q7, answer Yes)",https://www.census.gov/hfp/btos/,T1
Connecticut,US state,2024-04-22,2024.309,4.0,"US Census Bureau BTOS (Q7, answer Yes)",https://www.census.gov/hfp/btos/,T1
Connecticut,US state,2024-05-06,2024.348,5.1,"US Census Bureau BTOS (Q7, answer Yes)",https://www.census.gov/hfp/btos/,T1
Connecticut,US state,2024-05-20,2024.386,4.7,"US Census Bureau BTOS (Q7, answer Yes)",https://www.census.gov/hfp/btos/,T1
Connecticut,US state,2024-06-03,2024.424,4.1,"US Census Bureau BTOS (Q7, answer Yes)",https://www.census.gov/hfp/btos/,T1
Connecticut,US state,2024-06-17,2024.463,4.0,"US Census Bureau BTOS (Q7, answer Yes)",https://www.census.gov/hfp/btos/,T1
Connecticut,US state,2024-07-01,2024.501,5.5,"US Census Bureau BTOS (Q7, answer Yes)",https://www.census.gov/hfp/btos/,T1
Connecticut,US state,2024-07-15,2024.539,3.8,"US Census Bureau BTOS (Q7, answer Yes)",https://www.census.gov/hfp/btos/,T1
Connecticut,US state,2024-07-29,2024.578,6.2,"US Census Bureau BTOS (Q7, answer Yes)",https://www.census.gov/hfp/btos/,T1
Connecticut,US state,2024-08-12,2024.616,6.8,"US Census Bureau BTOS (Q7, answer Yes)",https://www.census.gov/hfp/btos/,T1
Connecticut,US state,2024-08-26,2024.654,3.6,"US Census Bureau BTOS (Q7, answer Yes)",https://www.census.gov/hfp/btos/,T1
Connecticut,US state,2024-09-09,2024.693,5.1,"US Census Bureau BTOS (Q7, answer Yes)",https://www.census.gov/hfp/btos/,T1
Connecticut,US state,2024-09-23,2024.731,3.9,"US Census Bureau BTOS (Q7, answer Yes)",https://www.census.gov/hfp/btos/,T1
Connecticut,US state,2024-10-07,2024.769,6.3,"US Census Bureau BTOS (Q7, answer Yes)",https://www.census.gov/hfp/btos/,T1
Connecticut,US state,2024-10-21,2024.808,5.3,"US Census Bureau BTOS (Q7, answer Yes)",https://www.census.gov/hfp/btos/,T1
Connecticut,US state,2024-11-04,2024.846,6.0,"US Census Bureau BTOS (Q7, answer Yes)",https://www.census.gov/hfp/btos/,T1
Connecticut,US state,2024-12-02,2024.923,5.6,"US Census Bureau BTOS (Q7, answer Yes)",https://www.census.gov/hfp/btos/,T1
Connecticut,US state,2024-12-16,2024.961,4.4,"US Census Bureau BTOS (Q7, answer Yes)",https://www.census.gov/hfp/btos/,T1
Connecticut,US state,2024-12-30,2024.999,4.0,"US Census Bureau BTOS (Q7, answer Yes)",https://www.census.gov/hfp/btos/,T1
Connecticut,US state,2025-01-13,2025.036,8.2,"US Census Bureau BTOS (Q7, answer Yes)",https://www.census.gov/hfp/btos/,T1
Connecticut,US state,2025-01-27,2025.074,6.6,"US Census Bureau BTOS (Q7, answer Yes)",https://www.census.gov/hfp/btos/,T1
Connecticut,US state,2025-02-10,2025.112,6.3,"US Census Bureau BTOS (Q7, answer Yes)",https://www.census.gov/hfp/btos/,T1
Connecticut,US state,2025-02-24,2025.151,8.1,"US Census Bureau BTOS (Q7, answer Yes)",https://www.census.gov/hfp/btos/,T1
Connecticut,US state,2025-03-10,2025.189,5.7,"US Census Bureau BTOS (Q7, answer Yes)",https://www.census.gov/hfp/btos/,T1
Connecticut,US state,2025-03-24,2025.227,7.1,"US Census Bureau BTOS (Q7, answer Yes)",https://www.census.gov/hfp/btos/,T1
Connecticut,US state,2025-04-07,2025.266,9.7,"US Census Bureau BTOS (Q7, answer Yes)",https://www.census.gov/hfp/btos/,T1
Connecticut,US state,2025-04-21,2025.304,9.2,"US Census Bureau BTOS (Q7, answer Yes)",https://www.census.gov/hfp/btos/,T1
Connecticut,US state,2025-05-05,2025.342,9.0,"US Census Bureau BTOS (Q7, answer Yes)",https://www.census.gov/hfp/btos/,T1
Connecticut,US state,2025-05-19,2025.381,8.2,"US Census Bureau BTOS (Q7, answer Yes)",https://www.census.gov/hfp/btos/,T1
Connecticut,US state,2025-06-02,2025.419,7.1,"US Census Bureau BTOS (Q7, answer Yes)",https://www.census.gov/hfp/btos/,T1
Connecticut,US state,2025-06-16,2025.457,7.3,"US Census Bureau BTOS (Q7, answer Yes)",https://www.census.gov/hfp/btos/,T1
Connecticut,US state,2025-06-30,2025.496,8.3,"US Census Bureau BTOS (Q7, answer Yes)",https://www.census.gov/hfp/btos/,T1
Connecticut,US state,2025-07-14,2025.534,10.6,"US Census Bureau BTOS (Q7, answer Yes)",https://www.census.gov/hfp/btos/,T1
Connecticut,US state,2025-07-28,2025.572,8.3,"US Census Bureau BTOS (Q7, answer Yes)",https://www.census.gov/hfp/btos/,T1
Connecticut,US state,2025-08-11,2025.611,7.7,"US Census Bureau BTOS (Q7, answer Yes)",https://www.census.gov/hfp/btos/,T1
Connecticut,US state,2025-08-25,2025.649,10.6,"US Census Bureau BTOS (Q7, answer Yes)",https://www.census.gov/hfp/btos/,T1
Connecticut,US state,2025-09-08,2025.687,7.6,"US Census Bureau BTOS (Q7, answer Yes)",https://www.census.gov/hfp/btos/,T1
Connecticut,US state,2025-09-22,2025.726,8.5,"US Census Bureau BTOS (Q7, answer Yes)",https://www.census.gov/hfp/btos/,T1
Connecticut,US state,2025-11-17,2025.879,15.7,"US Census Bureau BTOS (Q7, answer Yes)",https://www.census.gov/hfp/btos/,T1
Connecticut,US state,2025-12-01,2025.917,18.8,"US Census Bureau BTOS (Q7, answer Yes)",https://www.census.gov/hfp/btos/,T1
Connecticut,US state,2025-12-15,2025.956,14.0,"US Census Bureau BTOS (Q7, answer Yes)",https://www.census.gov/hfp/btos/,T1
Connecticut,US state,2025-12-29,2025.994,13.9,"US Census Bureau BTOS (Q7, answer Yes)",https://www.census.gov/hfp/btos/,T1
Connecticut,US state,2026-01-12,2026.033,13.8,"US Census Bureau BTOS (Q7, answer Yes)",https://www.census.gov/hfp/btos/,T1
Connecticut,US state,2026-01-26,2026.071,17.7,"US Census Bureau BTOS (Q7, answer Yes)",https://www.census.gov/hfp/btos/,T1
Connecticut,US state,2026-02-09,2026.11,18.9,"US Census Bureau BTOS (Q7, answer Yes)",https://www.census.gov/hfp/btos/,T1
Connecticut,US state,2026-02-23,2026.148,18.3,"US Census Bureau BTOS (Q7, answer Yes)",https://www.census.gov/hfp/btos/,T1
Connecticut,US state,2026-03-09,2026.186,13.6,"US Census Bureau BTOS (Q7, answer Yes)",https://www.census.gov/hfp/btos/,T1
Connecticut,US state,2026-03-23,2026.225,17.7,"US Census Bureau BTOS (Q7, answer Yes)",https://www.census.gov/hfp/btos/,T1
Connecticut,US state,2026-04-06,2026.263,12.9,"US Census Bureau BTOS (Q7, answer Yes)",https://www.census.gov/hfp/btos/,T1
Connecticut,US state,2026-04-20,2026.301,17.9,"US Census Bureau BTOS (Q7, answer Yes)",https://www.census.gov/hfp/btos/,T1
Connecticut,US state,2026-05-04,2026.339,21.3,"US Census Bureau BTOS (Q7, answer Yes)",https://www.census.gov/hfp/btos/,T1
Connecticut,US state,2026-05-18,2026.378,17.9,"US Census Bureau BTOS (Q7, answer Yes)",https://www.census.gov/hfp/btos/,T1
Connecticut,US state,2026-06-01,2026.416,18.6,"US Census Bureau BTOS (Q7, answer Yes)",https://www.census.gov/hfp/btos/,T1
Connecticut,US state,2026-06-15,2026.454,22.2,"US Census Bureau BTOS (Q7, answer Yes)",https://www.census.gov/hfp/btos/,T1
Washington DC,US state,2023-09-11,2023.695,11.5,"US Census Bureau BTOS (Q7, answer Yes)",https://www.census.gov/hfp/btos/,T1
Washington DC,US state,2024-05-06,2024.348,10.7,"US Census Bureau BTOS (Q7, answer Yes)",https://www.census.gov/hfp/btos/,T1
Washington DC,US state,2024-07-01,2024.501,9.9,"US Census Bureau BTOS (Q7, answer Yes)",https://www.census.gov/hfp/btos/,T1
Washington DC,US state,2024-08-12,2024.616,14.0,"US Census Bureau BTOS (Q7, answer Yes)",https://www.census.gov/hfp/btos/,T1
Washington DC,US state,2024-09-23,2024.731,19.0,"US Census Bureau BTOS (Q7, answer Yes)",https://www.census.gov/hfp/btos/,T1
Washington DC,US state,2024-11-04,2024.846,12.8,"US Census Bureau BTOS (Q7, answer Yes)",https://www.census.gov/hfp/btos/,T1
Washington DC,US state,2025-01-13,2025.036,17.4,"US Census Bureau BTOS (Q7, answer Yes)",https://www.census.gov/hfp/btos/,T1
Washington DC,US state,2025-01-27,2025.074,16.3,"US Census Bureau BTOS (Q7, answer Yes)",https://www.census.gov/hfp/btos/,T1
Washington DC,US state,2025-02-10,2025.112,17.9,"US Census Bureau BTOS (Q7, answer Yes)",https://www.census.gov/hfp/btos/,T1
Washington DC,US state,2025-03-10,2025.189,21.7,"US Census Bureau BTOS (Q7, answer Yes)",https://www.census.gov/hfp/btos/,T1
Washington DC,US state,2025-03-24,2025.227,20.5,"US Census Bureau BTOS (Q7, answer Yes)",https://www.census.gov/hfp/btos/,T1
Washington DC,US state,2025-04-21,2025.304,17.1,"US Census Bureau BTOS (Q7, answer Yes)",https://www.census.gov/hfp/btos/,T1
Washington DC,US state,2025-05-05,2025.342,23.8,"US Census Bureau BTOS (Q7, answer Yes)",https://www.census.gov/hfp/btos/,T1
Washington DC,US state,2025-05-19,2025.381,19.1,"US Census Bureau BTOS (Q7, answer Yes)",https://www.census.gov/hfp/btos/,T1
Washington DC,US state,2025-06-02,2025.419,23.6,"US Census Bureau BTOS (Q7, answer Yes)",https://www.census.gov/hfp/btos/,T1
Washington DC,US state,2025-06-16,2025.457,30.1,"US Census Bureau BTOS (Q7, answer Yes)",https://www.census.gov/hfp/btos/,T1
Washington DC,US state,2025-08-11,2025.611,16.5,"US Census Bureau BTOS (Q7, answer Yes)",https://www.census.gov/hfp/btos/,T1
Washington DC,US state,2025-09-08,2025.687,22.0,"US Census Bureau BTOS (Q7, answer Yes)",https://www.census.gov/hfp/btos/,T1
Washington DC,US state,2025-11-17,2025.879,23.2,"US Census Bureau BTOS (Q7, answer Yes)",https://www.census.gov/hfp/btos/,T1
Washington DC,US state,2025-12-01,2025.917,19.3,"US Census Bureau BTOS (Q7, answer Yes)",https://www.census.gov/hfp/btos/,T1
Washington DC,US state,2025-12-15,2025.956,28.5,"US Census Bureau BTOS (Q7, answer Yes)",https://www.census.gov/hfp/btos/,T1
Washington DC,US state,2025-12-29,2025.994,24.4,"US Census Bureau BTOS (Q7, answer Yes)",https://www.census.gov/hfp/btos/,T1
Washington DC,US state,2026-01-12,2026.033,22.5,"US Census Bureau BTOS (Q7, answer Yes)",https://www.census.gov/hfp/btos/,T1
Washington DC,US state,2026-02-09,2026.11,14.0,"US Census Bureau BTOS (Q7, answer Yes)",https://www.census.gov/hfp/btos/,T1
Washington DC,US state,2026-02-23,2026.148,20.0,"US Census Bureau BTOS (Q7, answer Yes)",https://www.census.gov/hfp/btos/,T1
Washington DC,US state,2026-03-09,2026.186,31.7,"US Census Bureau BTOS (Q7, answer Yes)",https://www.census.gov/hfp/btos/,T1
Washington DC,US state,2026-03-23,2026.225,32.9,"US Census Bureau BTOS (Q7, answer Yes)",https://www.census.gov/hfp/btos/,T1
Washington DC,US state,2026-04-06,2026.263,35.3,"US Census Bureau BTOS (Q7, answer Yes)",https://www.census.gov/hfp/btos/,T1
Washington DC,US state,2026-05-04,2026.339,22.3,"US Census Bureau BTOS (Q7, answer Yes)",https://www.census.gov/hfp/btos/,T1
Washington DC,US state,2026-06-01,2026.416,29.9,"US Census Bureau BTOS (Q7, answer Yes)",https://www.census.gov/hfp/btos/,T1
Washington DC,US state,2026-06-15,2026.454,35.5,"US Census Bureau BTOS (Q7, answer Yes)",https://www.census.gov/hfp/btos/,T1
Delaware,US state,2023-10-23,2023.81,10.7,"US Census Bureau BTOS (Q7, answer Yes)",https://www.census.gov/hfp/btos/,T1
Delaware,US state,2023-11-20,2023.887,8.4,"US Census Bureau BTOS (Q7, answer Yes)",https://www.census.gov/hfp/btos/,T1
Delaware,US state,2024-01-15,2024.041,11.6,"US Census Bureau BTOS (Q7, answer Yes)",https://www.census.gov/hfp/btos/,T1
Delaware,US state,2024-04-08,2024.271,8.2,"US Census Bureau BTOS (Q7, answer Yes)",https://www.census.gov/hfp/btos/,T1
Delaware,US state,2024-10-07,2024.769,8.6,"US Census Bureau BTOS (Q7, answer Yes)",https://www.census.gov/hfp/btos/,T1
Delaware,US state,2025-01-13,2025.036,12.5,"US Census Bureau BTOS (Q7, answer Yes)",https://www.census.gov/hfp/btos/,T1
Delaware,US state,2025-01-27,2025.074,11.6,"US Census Bureau BTOS (Q7, answer Yes)",https://www.census.gov/hfp/btos/,T1
Delaware,US state,2025-04-07,2025.266,13.1,"US Census Bureau BTOS (Q7, answer Yes)",https://www.census.gov/hfp/btos/,T1
Delaware,US state,2025-04-21,2025.304,12.0,"US Census Bureau BTOS (Q7, answer Yes)",https://www.census.gov/hfp/btos/,T1
Delaware,US state,2025-06-02,2025.419,9.4,"US Census Bureau BTOS (Q7, answer Yes)",https://www.census.gov/hfp/btos/,T1
Delaware,US state,2025-06-30,2025.496,21.0,"US Census Bureau BTOS (Q7, answer Yes)",https://www.census.gov/hfp/btos/,T1
Delaware,US state,2025-07-28,2025.572,13.1,"US Census Bureau BTOS (Q7, answer Yes)",https://www.census.gov/hfp/btos/,T1
Delaware,US state,2025-08-11,2025.611,13.0,"US Census Bureau BTOS (Q7, answer Yes)",https://www.census.gov/hfp/btos/,T1
Delaware,US state,2025-08-25,2025.649,12.8,"US Census Bureau BTOS (Q7, answer Yes)",https://www.census.gov/hfp/btos/,T1
Delaware,US state,2025-09-08,2025.687,12.2,"US Census Bureau BTOS (Q7, answer Yes)",https://www.census.gov/hfp/btos/,T1
Delaware,US state,2025-09-22,2025.726,17.4,"US Census Bureau BTOS (Q7, answer Yes)",https://www.census.gov/hfp/btos/,T1
Delaware,US state,2025-12-01,2025.917,16.3,"US Census Bureau BTOS (Q7, answer Yes)",https://www.census.gov/hfp/btos/,T1
Delaware,US state,2025-12-15,2025.956,17.7,"US Census Bureau BTOS (Q7, answer Yes)",https://www.census.gov/hfp/btos/,T1
Delaware,US state,2025-12-29,2025.994,15.6,"US Census Bureau BTOS (Q7, answer Yes)",https://www.census.gov/hfp/btos/,T1
Delaware,US state,2026-01-12,2026.033,22.5,"US Census Bureau BTOS (Q7, answer Yes)",https://www.census.gov/hfp/btos/,T1
Delaware,US state,2026-01-26,2026.071,24.7,"US Census Bureau BTOS (Q7, answer Yes)",https://www.census.gov/hfp/btos/,T1
Delaware,US state,2026-02-09,2026.11,18.4,"US Census Bureau BTOS (Q7, answer Yes)",https://www.census.gov/hfp/btos/,T1
Delaware,US state,2026-02-23,2026.148,16.4,"US Census Bureau BTOS (Q7, answer Yes)",https://www.census.gov/hfp/btos/,T1
Delaware,US state,2026-03-09,2026.186,22.4,"US Census Bureau BTOS (Q7, answer Yes)",https://www.census.gov/hfp/btos/,T1
Delaware,US state,2026-03-23,2026.225,30.7,"US Census Bureau BTOS (Q7, answer Yes)",https://www.census.gov/hfp/btos/,T1
Delaware,US state,2026-04-06,2026.263,21.3,"US Census Bureau BTOS (Q7, answer Yes)",https://www.census.gov/hfp/btos/,T1
Delaware,US state,2026-04-20,2026.301,33.5,"US Census Bureau BTOS (Q7, answer Yes)",https://www.census.gov/hfp/btos/,T1
Delaware,US state,2026-05-04,2026.339,16.3,"US Census Bureau BTOS (Q7, answer Yes)",https://www.census.gov/hfp/btos/,T1
Delaware,US state,2026-05-18,2026.378,20.0,"US Census Bureau BTOS (Q7, answer Yes)",https://www.census.gov/hfp/btos/,T1
Delaware,US state,2026-06-01,2026.416,23.5,"US Census Bureau BTOS (Q7, answer Yes)",https://www.census.gov/hfp/btos/,T1
Delaware,US state,2026-06-15,2026.454,23.9,"US Census Bureau BTOS (Q7, answer Yes)",https://www.census.gov/hfp/btos/,T1
Florida,US state,2023-09-11,2023.695,5.4,"US Census Bureau BTOS (Q7, answer Yes)",https://www.census.gov/hfp/btos/,T1
Florida,US state,2023-09-25,2023.734,5.1,"US Census Bureau BTOS (Q7, answer Yes)",https://www.census.gov/hfp/btos/,T1
Florida,US state,2023-10-09,2023.772,5.1,"US Census Bureau BTOS (Q7, answer Yes)",https://www.census.gov/hfp/btos/,T1
Florida,US state,2023-10-23,2023.81,5.6,"US Census Bureau BTOS (Q7, answer Yes)",https://www.census.gov/hfp/btos/,T1
Florida,US state,2023-11-06,2023.849,5.1,"US Census Bureau BTOS (Q7, answer Yes)",https://www.census.gov/hfp/btos/,T1
Florida,US state,2023-11-20,2023.887,4.8,"US Census Bureau BTOS (Q7, answer Yes)",https://www.census.gov/hfp/btos/,T1
Florida,US state,2023-12-04,2023.925,7.2,"US Census Bureau BTOS (Q7, answer Yes)",https://www.census.gov/hfp/btos/,T1
Florida,US state,2023-12-18,2023.964,6.8,"US Census Bureau BTOS (Q7, answer Yes)",https://www.census.gov/hfp/btos/,T1
Florida,US state,2024-01-01,2024.003,6.4,"US Census Bureau BTOS (Q7, answer Yes)",https://www.census.gov/hfp/btos/,T1
Florida,US state,2024-01-15,2024.041,6.9,"US Census Bureau BTOS (Q7, answer Yes)",https://www.census.gov/hfp/btos/,T1
Florida,US state,2024-01-29,2024.079,6.3,"US Census Bureau BTOS (Q7, answer Yes)",https://www.census.gov/hfp/btos/,T1
Florida,US state,2024-02-12,2024.118,5.9,"US Census Bureau BTOS (Q7, answer Yes)",https://www.census.gov/hfp/btos/,T1
Florida,US state,2024-02-26,2024.156,5.3,"US Census Bureau BTOS (Q7, answer Yes)",https://www.census.gov/hfp/btos/,T1
Florida,US state,2024-03-11,2024.194,6.5,"US Census Bureau BTOS (Q7, answer Yes)",https://www.census.gov/hfp/btos/,T1
Florida,US state,2024-03-25,2024.233,5.4,"US Census Bureau BTOS (Q7, answer Yes)",https://www.census.gov/hfp/btos/,T1
Florida,US state,2024-04-08,2024.271,6.2,"US Census Bureau BTOS (Q7, answer Yes)",https://www.census.gov/hfp/btos/,T1
Florida,US state,2024-04-22,2024.309,5.5,"US Census Bureau BTOS (Q7, answer Yes)",https://www.census.gov/hfp/btos/,T1
Florida,US state,2024-05-06,2024.348,5.7,"US Census Bureau BTOS (Q7, answer Yes)",https://www.census.gov/hfp/btos/,T1
Florida,US state,2024-05-20,2024.386,6.4,"US Census Bureau BTOS (Q7, answer Yes)",https://www.census.gov/hfp/btos/,T1
Florida,US state,2024-06-03,2024.424,7.5,"US Census Bureau BTOS (Q7, answer Yes)",https://www.census.gov/hfp/btos/,T1
Florida,US state,2024-06-17,2024.463,6.0,"US Census Bureau BTOS (Q7, answer Yes)",https://www.census.gov/hfp/btos/,T1
Florida,US state,2024-07-01,2024.501,6.7,"US Census Bureau BTOS (Q7, answer Yes)",https://www.census.gov/hfp/btos/,T1
Florida,US state,2024-07-15,2024.539,5.1,"US Census Bureau BTOS (Q7, answer Yes)",https://www.census.gov/hfp/btos/,T1
Florida,US state,2024-07-29,2024.578,5.8,"US Census Bureau BTOS (Q7, answer Yes)",https://www.census.gov/hfp/btos/,T1
Florida,US state,2024-08-12,2024.616,6.7,"US Census Bureau BTOS (Q7, answer Yes)",https://www.census.gov/hfp/btos/,T1
Florida,US state,2024-08-26,2024.654,7.1,"US Census Bureau BTOS (Q7, answer Yes)",https://www.census.gov/hfp/btos/,T1
Florida,US state,2024-09-09,2024.693,7.0,"US Census Bureau BTOS (Q7, answer Yes)",https://www.census.gov/hfp/btos/,T1
Florida,US state,2024-09-23,2024.731,7.3,"US Census Bureau BTOS (Q7, answer Yes)",https://www.census.gov/hfp/btos/,T1
Florida,US state,2024-10-07,2024.769,7.3,"US Census Bureau BTOS (Q7, answer Yes)",https://www.census.gov/hfp/btos/,T1
Florida,US state,2024-10-21,2024.808,6.9,"US Census Bureau BTOS (Q7, answer Yes)",https://www.census.gov/hfp/btos/,T1
Florida,US state,2024-11-04,2024.846,6.7,"US Census Bureau BTOS (Q7, answer Yes)",https://www.census.gov/hfp/btos/,T1
Florida,US state,2024-11-18,2024.884,8.0,"US Census Bureau BTOS (Q7, answer Yes)",https://www.census.gov/hfp/btos/,T1
Florida,US state,2024-12-02,2024.923,8.3,"US Census Bureau BTOS (Q7, answer Yes)",https://www.census.gov/hfp/btos/,T1
Florida,US state,2024-12-16,2024.961,6.4,"US Census Bureau BTOS (Q7, answer Yes)",https://www.census.gov/hfp/btos/,T1
Florida,US state,2024-12-30,2024.999,7.8,"US Census Bureau BTOS (Q7, answer Yes)",https://www.census.gov/hfp/btos/,T1
Florida,US state,2025-01-13,2025.036,8.4,"US Census Bureau BTOS (Q7, answer Yes)",https://www.census.gov/hfp/btos/,T1
Florida,US state,2025-01-27,2025.074,8.5,"US Census Bureau BTOS (Q7, answer Yes)",https://www.census.gov/hfp/btos/,T1
Florida,US state,2025-02-10,2025.112,10.0,"US Census Bureau BTOS (Q7, answer Yes)",https://www.census.gov/hfp/btos/,T1
Florida,US state,2025-02-24,2025.151,10.4,"US Census Bureau BTOS (Q7, answer Yes)",https://www.census.gov/hfp/btos/,T1
Florida,US state,2025-03-10,2025.189,8.9,"US Census Bureau BTOS (Q7, answer Yes)",https://www.census.gov/hfp/btos/,T1
Florida,US state,2025-03-24,2025.227,9.7,"US Census Bureau BTOS (Q7, answer Yes)",https://www.census.gov/hfp/btos/,T1
Florida,US state,2025-04-07,2025.266,9.8,"US Census Bureau BTOS (Q7, answer Yes)",https://www.census.gov/hfp/btos/,T1
Florida,US state,2025-04-21,2025.304,10.8,"US Census Bureau BTOS (Q7, answer Yes)",https://www.census.gov/hfp/btos/,T1
Florida,US state,2025-05-05,2025.342,11.4,"US Census Bureau BTOS (Q7, answer Yes)",https://www.census.gov/hfp/btos/,T1
Florida,US state,2025-05-19,2025.381,12.4,"US Census Bureau BTOS (Q7, answer Yes)",https://www.census.gov/hfp/btos/,T1
Florida,US state,2025-06-02,2025.419,10.0,"US Census Bureau BTOS (Q7, answer Yes)",https://www.census.gov/hfp/btos/,T1
Florida,US state,2025-06-16,2025.457,10.8,"US Census Bureau BTOS (Q7, answer Yes)",https://www.census.gov/hfp/btos/,T1
Florida,US state,2025-06-30,2025.496,12.0,"US Census Bureau BTOS (Q7, answer Yes)",https://www.census.gov/hfp/btos/,T1
Florida,US state,2025-07-14,2025.534,10.5,"US Census Bureau BTOS (Q7, answer Yes)",https://www.census.gov/hfp/btos/,T1
Florida,US state,2025-07-28,2025.572,10.5,"US Census Bureau BTOS (Q7, answer Yes)",https://www.census.gov/hfp/btos/,T1
Florida,US state,2025-08-11,2025.611,14.3,"US Census Bureau BTOS (Q7, answer Yes)",https://www.census.gov/hfp/btos/,T1
Florida,US state,2025-08-25,2025.649,11.5,"US Census Bureau BTOS (Q7, answer Yes)",https://www.census.gov/hfp/btos/,T1
Florida,US state,2025-09-08,2025.687,11.9,"US Census Bureau BTOS (Q7, answer Yes)",https://www.census.gov/hfp/btos/,T1
Florida,US state,2025-09-22,2025.726,12.5,"US Census Bureau BTOS (Q7, answer Yes)",https://www.census.gov/hfp/btos/,T1
Florida,US state,2025-11-17,2025.879,16.5,"US Census Bureau BTOS (Q7, answer Yes)",https://www.census.gov/hfp/btos/,T1
Florida,US state,2025-12-01,2025.917,17.7,"US Census Bureau BTOS (Q7, answer Yes)",https://www.census.gov/hfp/btos/,T1
Florida,US state,2025-12-15,2025.956,21.1,"US Census Bureau BTOS (Q7, answer Yes)",https://www.census.gov/hfp/btos/,T1
Florida,US state,2025-12-29,2025.994,20.0,"US Census Bureau BTOS (Q7, answer Yes)",https://www.census.gov/hfp/btos/,T1
Florida,US state,2026-01-12,2026.033,20.5,"US Census Bureau BTOS (Q7, answer Yes)",https://www.census.gov/hfp/btos/,T1
Florida,US state,2026-01-26,2026.071,23.9,"US Census Bureau BTOS (Q7, answer Yes)",https://www.census.gov/hfp/btos/,T1
Florida,US state,2026-02-09,2026.11,18.4,"US Census Bureau BTOS (Q7, answer Yes)",https://www.census.gov/hfp/btos/,T1
Florida,US state,2026-02-23,2026.148,20.6,"US Census Bureau BTOS (Q7, answer Yes)",https://www.census.gov/hfp/btos/,T1
Florida,US state,2026-03-09,2026.186,21.8,"US Census Bureau BTOS (Q7, answer Yes)",https://www.census.gov/hfp/btos/,T1
Florida,US state,2026-03-23,2026.225,20.7,"US Census Bureau BTOS (Q7, answer Yes)",https://www.census.gov/hfp/btos/,T1
Florida,US state,2026-04-06,2026.263,21.9,"US Census Bureau BTOS (Q7, answer Yes)",https://www.census.gov/hfp/btos/,T1
Florida,US state,2026-04-20,2026.301,22.1,"US Census Bureau BTOS (Q7, answer Yes)",https://www.census.gov/hfp/btos/,T1
Florida,US state,2026-05-04,2026.339,18.8,"US Census Bureau BTOS (Q7, answer Yes)",https://www.census.gov/hfp/btos/,T1
Florida,US state,2026-05-18,2026.378,22.5,"US Census Bureau BTOS (Q7, answer Yes)",https://www.census.gov/hfp/btos/,T1
Florida,US state,2026-06-01,2026.416,24.8,"US Census Bureau BTOS (Q7, answer Yes)",https://www.census.gov/hfp/btos/,T1
Florida,US state,2026-06-15,2026.454,22.0,"US Census Bureau BTOS (Q7, answer Yes)",https://www.census.gov/hfp/btos/,T1
Georgia,US state,2023-09-11,2023.695,3.6,"US Census Bureau BTOS (Q7, answer Yes)",https://www.census.gov/hfp/btos/,T1
Georgia,US state,2023-09-25,2023.734,4.8,"US Census Bureau BTOS (Q7, answer Yes)",https://www.census.gov/hfp/btos/,T1
Georgia,US state,2023-10-09,2023.772,3.8,"US Census Bureau BTOS (Q7, answer Yes)",https://www.census.gov/hfp/btos/,T1
Georgia,US state,2023-10-23,2023.81,4.0,"US Census Bureau BTOS (Q7, answer Yes)",https://www.census.gov/hfp/btos/,T1
Georgia,US state,2023-11-06,2023.849,3.2,"US Census Bureau BTOS (Q7, answer Yes)",https://www.census.gov/hfp/btos/,T1
Georgia,US state,2023-11-20,2023.887,4.6,"US Census Bureau BTOS (Q7, answer Yes)",https://www.census.gov/hfp/btos/,T1
Georgia,US state,2023-12-04,2023.925,4.4,"US Census Bureau BTOS (Q7, answer Yes)",https://www.census.gov/hfp/btos/,T1
Georgia,US state,2023-12-18,2023.964,4.6,"US Census Bureau BTOS (Q7, answer Yes)",https://www.census.gov/hfp/btos/,T1
Georgia,US state,2024-01-01,2024.003,4.7,"US Census Bureau BTOS (Q7, answer Yes)",https://www.census.gov/hfp/btos/,T1
Georgia,US state,2024-01-15,2024.041,4.5,"US Census Bureau BTOS (Q7, answer Yes)",https://www.census.gov/hfp/btos/,T1
Georgia,US state,2024-01-29,2024.079,4.5,"US Census Bureau BTOS (Q7, answer Yes)",https://www.census.gov/hfp/btos/,T1
Georgia,US state,2024-02-12,2024.118,4.3,"US Census Bureau BTOS (Q7, answer Yes)",https://www.census.gov/hfp/btos/,T1
Georgia,US state,2024-02-26,2024.156,4.7,"US Census Bureau BTOS (Q7, answer Yes)",https://www.census.gov/hfp/btos/,T1
Georgia,US state,2024-03-11,2024.194,5.9,"US Census Bureau BTOS (Q7, answer Yes)",https://www.census.gov/hfp/btos/,T1
Georgia,US state,2024-03-25,2024.233,4.5,"US Census Bureau BTOS (Q7, answer Yes)",https://www.census.gov/hfp/btos/,T1
Georgia,US state,2024-04-08,2024.271,5.3,"US Census Bureau BTOS (Q7, answer Yes)",https://www.census.gov/hfp/btos/,T1
Georgia,US state,2024-04-22,2024.309,4.6,"US Census Bureau BTOS (Q7, answer Yes)",https://www.census.gov/hfp/btos/,T1
Georgia,US state,2024-05-06,2024.348,5.0,"US Census Bureau BTOS (Q7, answer Yes)",https://www.census.gov/hfp/btos/,T1
Georgia,US state,2024-05-20,2024.386,4.6,"US Census Bureau BTOS (Q7, answer Yes)",https://www.census.gov/hfp/btos/,T1
Georgia,US state,2024-06-03,2024.424,4.2,"US Census Bureau BTOS (Q7, answer Yes)",https://www.census.gov/hfp/btos/,T1
Georgia,US state,2024-06-17,2024.463,5.7,"US Census Bureau BTOS (Q7, answer Yes)",https://www.census.gov/hfp/btos/,T1
Georgia,US state,2024-07-01,2024.501,5.0,"US Census Bureau BTOS (Q7, answer Yes)",https://www.census.gov/hfp/btos/,T1
Georgia,US state,2024-07-15,2024.539,4.9,"US Census Bureau BTOS (Q7, answer Yes)",https://www.census.gov/hfp/btos/,T1
Georgia,US state,2024-07-29,2024.578,4.9,"US Census Bureau BTOS (Q7, answer Yes)",https://www.census.gov/hfp/btos/,T1
Georgia,US state,2024-08-12,2024.616,6.5,"US Census Bureau BTOS (Q7, answer Yes)",https://www.census.gov/hfp/btos/,T1
Georgia,US state,2024-08-26,2024.654,5.7,"US Census Bureau BTOS (Q7, answer Yes)",https://www.census.gov/hfp/btos/,T1
Georgia,US state,2024-09-09,2024.693,3.3,"US Census Bureau BTOS (Q7, answer Yes)",https://www.census.gov/hfp/btos/,T1
Georgia,US state,2024-09-23,2024.731,5.3,"US Census Bureau BTOS (Q7, answer Yes)",https://www.census.gov/hfp/btos/,T1
Georgia,US state,2024-10-07,2024.769,5.8,"US Census Bureau BTOS (Q7, answer Yes)",https://www.census.gov/hfp/btos/,T1
Georgia,US state,2024-10-21,2024.808,7.2,"US Census Bureau BTOS (Q7, answer Yes)",https://www.census.gov/hfp/btos/,T1
Georgia,US state,2024-11-04,2024.846,6.3,"US Census Bureau BTOS (Q7, answer Yes)",https://www.census.gov/hfp/btos/,T1
Georgia,US state,2024-11-18,2024.884,6.3,"US Census Bureau BTOS (Q7, answer Yes)",https://www.census.gov/hfp/btos/,T1
Georgia,US state,2024-12-02,2024.923,4.1,"US Census Bureau BTOS (Q7, answer Yes)",https://www.census.gov/hfp/btos/,T1
Georgia,US state,2024-12-16,2024.961,6.1,"US Census Bureau BTOS (Q7, answer Yes)",https://www.census.gov/hfp/btos/,T1
Georgia,US state,2024-12-30,2024.999,5.7,"US Census Bureau BTOS (Q7, answer Yes)",https://www.census.gov/hfp/btos/,T1
Georgia,US state,2025-01-13,2025.036,8.1,"US Census Bureau BTOS (Q7, answer Yes)",https://www.census.gov/hfp/btos/,T1
Georgia,US state,2025-01-27,2025.074,5.9,"US Census Bureau BTOS (Q7, answer Yes)",https://www.census.gov/hfp/btos/,T1
Georgia,US state,2025-02-10,2025.112,7.3,"US Census Bureau BTOS (Q7, answer Yes)",https://www.census.gov/hfp/btos/,T1
Georgia,US state,2025-02-24,2025.151,7.8,"US Census Bureau BTOS (Q7, answer Yes)",https://www.census.gov/hfp/btos/,T1
Georgia,US state,2025-03-10,2025.189,9.2,"US Census Bureau BTOS (Q7, answer Yes)",https://www.census.gov/hfp/btos/,T1
Georgia,US state,2025-03-24,2025.227,8.2,"US Census Bureau BTOS (Q7, answer Yes)",https://www.census.gov/hfp/btos/,T1
Georgia,US state,2025-04-07,2025.266,7.1,"US Census Bureau BTOS (Q7, answer Yes)",https://www.census.gov/hfp/btos/,T1
Georgia,US state,2025-04-21,2025.304,7.3,"US Census Bureau BTOS (Q7, answer Yes)",https://www.census.gov/hfp/btos/,T1
Georgia,US state,2025-05-05,2025.342,10.6,"US Census Bureau BTOS (Q7, answer Yes)",https://www.census.gov/hfp/btos/,T1
Georgia,US state,2025-05-19,2025.381,7.1,"US Census Bureau BTOS (Q7, answer Yes)",https://www.census.gov/hfp/btos/,T1
Georgia,US state,2025-06-02,2025.419,10.2,"US Census Bureau BTOS (Q7, answer Yes)",https://www.census.gov/hfp/btos/,T1
Georgia,US state,2025-06-16,2025.457,10.0,"US Census Bureau BTOS (Q7, answer Yes)",https://www.census.gov/hfp/btos/,T1
Georgia,US state,2025-06-30,2025.496,7.2,"US Census Bureau BTOS (Q7, answer Yes)",https://www.census.gov/hfp/btos/,T1
Georgia,US state,2025-07-14,2025.534,10.4,"US Census Bureau BTOS (Q7, answer Yes)",https://www.census.gov/hfp/btos/,T1
Georgia,US state,2025-07-28,2025.572,9.6,"US Census Bureau BTOS (Q7, answer Yes)",https://www.census.gov/hfp/btos/,T1
Georgia,US state,2025-08-11,2025.611,10.9,"US Census Bureau BTOS (Q7, answer Yes)",https://www.census.gov/hfp/btos/,T1
Georgia,US state,2025-08-25,2025.649,11.2,"US Census Bureau BTOS (Q7, answer Yes)",https://www.census.gov/hfp/btos/,T1
Georgia,US state,2025-09-08,2025.687,12.6,"US Census Bureau BTOS (Q7, answer Yes)",https://www.census.gov/hfp/btos/,T1
Georgia,US state,2025-09-22,2025.726,7.2,"US Census Bureau BTOS (Q7, answer Yes)",https://www.census.gov/hfp/btos/,T1
Georgia,US state,2025-11-17,2025.879,16.6,"US Census Bureau BTOS (Q7, answer Yes)",https://www.census.gov/hfp/btos/,T1
Georgia,US state,2025-12-01,2025.917,18.9,"US Census Bureau BTOS (Q7, answer Yes)",https://www.census.gov/hfp/btos/,T1
Georgia,US state,2025-12-15,2025.956,16.1,"US Census Bureau BTOS (Q7, answer Yes)",https://www.census.gov/hfp/btos/,T1
Georgia,US state,2025-12-29,2025.994,15.5,"US Census Bureau BTOS (Q7, answer Yes)",https://www.census.gov/hfp/btos/,T1
Georgia,US state,2026-01-12,2026.033,20.6,"US Census Bureau BTOS (Q7, answer Yes)",https://www.census.gov/hfp/btos/,T1
Georgia,US state,2026-01-26,2026.071,15.9,"US Census Bureau BTOS (Q7, answer Yes)",https://www.census.gov/hfp/btos/,T1
Georgia,US state,2026-02-09,2026.11,17.6,"US Census Bureau BTOS (Q7, answer Yes)",https://www.census.gov/hfp/btos/,T1
Georgia,US state,2026-02-23,2026.148,18.6,"US Census Bureau BTOS (Q7, answer Yes)",https://www.census.gov/hfp/btos/,T1
Georgia,US state,2026-03-09,2026.186,21.0,"US Census Bureau BTOS (Q7, answer Yes)",https://www.census.gov/hfp/btos/,T1
Georgia,US state,2026-03-23,2026.225,22.1,"US Census Bureau BTOS (Q7, answer Yes)",https://www.census.gov/hfp/btos/,T1
Georgia,US state,2026-04-06,2026.263,21.4,"US Census Bureau BTOS (Q7, answer Yes)",https://www.census.gov/hfp/btos/,T1
Georgia,US state,2026-04-20,2026.301,17.4,"US Census Bureau BTOS (Q7, answer Yes)",https://www.census.gov/hfp/btos/,T1
Georgia,US state,2026-05-04,2026.339,20.7,"US Census Bureau BTOS (Q7, answer Yes)",https://www.census.gov/hfp/btos/,T1
Georgia,US state,2026-05-18,2026.378,22.2,"US Census Bureau BTOS (Q7, answer Yes)",https://www.census.gov/hfp/btos/,T1
Georgia,US state,2026-06-01,2026.416,21.9,"US Census Bureau BTOS (Q7, answer Yes)",https://www.census.gov/hfp/btos/,T1
Georgia,US state,2026-06-15,2026.454,23.2,"US Census Bureau BTOS (Q7, answer Yes)",https://www.census.gov/hfp/btos/,T1
Hawaii,US state,2025-03-10,2025.189,9.0,"US Census Bureau BTOS (Q7, answer Yes)",https://www.census.gov/hfp/btos/,T1
Hawaii,US state,2025-06-02,2025.419,10.7,"US Census Bureau BTOS (Q7, answer Yes)",https://www.census.gov/hfp/btos/,T1
Hawaii,US state,2025-07-28,2025.572,11.3,"US Census Bureau BTOS (Q7, answer Yes)",https://www.census.gov/hfp/btos/,T1
Hawaii,US state,2025-08-11,2025.611,9.6,"US Census Bureau BTOS (Q7, answer Yes)",https://www.census.gov/hfp/btos/,T1
Hawaii,US state,2025-08-25,2025.649,11.3,"US Census Bureau BTOS (Q7, answer Yes)",https://www.census.gov/hfp/btos/,T1
Hawaii,US state,2025-09-08,2025.687,11.0,"US Census Bureau BTOS (Q7, answer Yes)",https://www.census.gov/hfp/btos/,T1
Hawaii,US state,2025-11-17,2025.879,15.4,"US Census Bureau BTOS (Q7, answer Yes)",https://www.census.gov/hfp/btos/,T1
Hawaii,US state,2025-12-01,2025.917,15.9,"US Census Bureau BTOS (Q7, answer Yes)",https://www.census.gov/hfp/btos/,T1
Hawaii,US state,2025-12-15,2025.956,11.5,"US Census Bureau BTOS (Q7, answer Yes)",https://www.census.gov/hfp/btos/,T1
Hawaii,US state,2025-12-29,2025.994,10.3,"US Census Bureau BTOS (Q7, answer Yes)",https://www.census.gov/hfp/btos/,T1
Hawaii,US state,2026-01-12,2026.033,20.2,"US Census Bureau BTOS (Q7, answer Yes)",https://www.census.gov/hfp/btos/,T1
Hawaii,US state,2026-01-26,2026.071,18.4,"US Census Bureau BTOS (Q7, answer Yes)",https://www.census.gov/hfp/btos/,T1
Hawaii,US state,2026-02-09,2026.11,13.9,"US Census Bureau BTOS (Q7, answer Yes)",https://www.census.gov/hfp/btos/,T1
Hawaii,US state,2026-02-23,2026.148,21.1,"US Census Bureau BTOS (Q7, answer Yes)",https://www.census.gov/hfp/btos/,T1
Hawaii,US state,2026-03-09,2026.186,14.2,"US Census Bureau BTOS (Q7, answer Yes)",https://www.census.gov/hfp/btos/,T1
Hawaii,US state,2026-03-23,2026.225,8.4,"US Census Bureau BTOS (Q7, answer Yes)",https://www.census.gov/hfp/btos/,T1
Hawaii,US state,2026-04-06,2026.263,21.1,"US Census Bureau BTOS (Q7, answer Yes)",https://www.census.gov/hfp/btos/,T1
Hawaii,US state,2026-04-20,2026.301,24.4,"US Census Bureau BTOS (Q7, answer Yes)",https://www.census.gov/hfp/btos/,T1
Hawaii,US state,2026-05-04,2026.339,16.4,"US Census Bureau BTOS (Q7, answer Yes)",https://www.census.gov/hfp/btos/,T1
Hawaii,US state,2026-05-18,2026.378,17.8,"US Census Bureau BTOS (Q7, answer Yes)",https://www.census.gov/hfp/btos/,T1
Hawaii,US state,2026-06-01,2026.416,11.6,"US Census Bureau BTOS (Q7, answer Yes)",https://www.census.gov/hfp/btos/,T1
Hawaii,US state,2026-06-15,2026.454,11.5,"US Census Bureau BTOS (Q7, answer Yes)",https://www.census.gov/hfp/btos/,T1
Iowa,US state,2023-09-11,2023.695,3.5,"US Census Bureau BTOS (Q7, answer Yes)",https://www.census.gov/hfp/btos/,T1
Iowa,US state,2023-10-23,2023.81,3.5,"US Census Bureau BTOS (Q7, answer Yes)",https://www.census.gov/hfp/btos/,T1
Iowa,US state,2023-11-06,2023.849,4.6,"US Census Bureau BTOS (Q7, answer Yes)",https://www.census.gov/hfp/btos/,T1
Iowa,US state,2023-11-20,2023.887,3.5,"US Census Bureau BTOS (Q7, answer Yes)",https://www.census.gov/hfp/btos/,T1
Iowa,US state,2023-12-04,2023.925,5.2,"US Census Bureau BTOS (Q7, answer Yes)",https://www.census.gov/hfp/btos/,T1
Iowa,US state,2023-12-18,2023.964,5.0,"US Census Bureau BTOS (Q7, answer Yes)",https://www.census.gov/hfp/btos/,T1
Iowa,US state,2024-01-01,2024.003,2.8,"US Census Bureau BTOS (Q7, answer Yes)",https://www.census.gov/hfp/btos/,T1
Iowa,US state,2024-01-15,2024.041,5.4,"US Census Bureau BTOS (Q7, answer Yes)",https://www.census.gov/hfp/btos/,T1
Iowa,US state,2024-02-26,2024.156,5.4,"US Census Bureau BTOS (Q7, answer Yes)",https://www.census.gov/hfp/btos/,T1
Iowa,US state,2024-04-08,2024.271,3.8,"US Census Bureau BTOS (Q7, answer Yes)",https://www.census.gov/hfp/btos/,T1
Iowa,US state,2024-04-22,2024.309,4.4,"US Census Bureau BTOS (Q7, answer Yes)",https://www.census.gov/hfp/btos/,T1
Iowa,US state,2024-05-20,2024.386,3.5,"US Census Bureau BTOS (Q7, answer Yes)",https://www.census.gov/hfp/btos/,T1
Iowa,US state,2024-06-03,2024.424,2.9,"US Census Bureau BTOS (Q7, answer Yes)",https://www.census.gov/hfp/btos/,T1
Iowa,US state,2024-06-17,2024.463,2.5,"US Census Bureau BTOS (Q7, answer Yes)",https://www.census.gov/hfp/btos/,T1
Iowa,US state,2024-07-01,2024.501,4.9,"US Census Bureau BTOS (Q7, answer Yes)",https://www.census.gov/hfp/btos/,T1
Iowa,US state,2024-07-15,2024.539,7.8,"US Census Bureau BTOS (Q7, answer Yes)",https://www.census.gov/hfp/btos/,T1
Iowa,US state,2024-07-29,2024.578,4.9,"US Census Bureau BTOS (Q7, answer Yes)",https://www.census.gov/hfp/btos/,T1
Iowa,US state,2024-08-12,2024.616,2.7,"US Census Bureau BTOS (Q7, answer Yes)",https://www.census.gov/hfp/btos/,T1
Iowa,US state,2024-08-26,2024.654,4.7,"US Census Bureau BTOS (Q7, answer Yes)",https://www.census.gov/hfp/btos/,T1
Iowa,US state,2024-09-09,2024.693,3.1,"US Census Bureau BTOS (Q7, answer Yes)",https://www.census.gov/hfp/btos/,T1
Iowa,US state,2024-09-23,2024.731,5.3,"US Census Bureau BTOS (Q7, answer Yes)",https://www.census.gov/hfp/btos/,T1
Iowa,US state,2024-10-07,2024.769,3.8,"US Census Bureau BTOS (Q7, answer Yes)",https://www.census.gov/hfp/btos/,T1
Iowa,US state,2024-10-21,2024.808,5.4,"US Census Bureau BTOS (Q7, answer Yes)",https://www.census.gov/hfp/btos/,T1
Iowa,US state,2024-11-04,2024.846,4.0,"US Census Bureau BTOS (Q7, answer Yes)",https://www.census.gov/hfp/btos/,T1
Iowa,US state,2024-11-18,2024.884,4.5,"US Census Bureau BTOS (Q7, answer Yes)",https://www.census.gov/hfp/btos/,T1
Iowa,US state,2024-12-02,2024.923,4.7,"US Census Bureau BTOS (Q7, answer Yes)",https://www.census.gov/hfp/btos/,T1
Iowa,US state,2024-12-16,2024.961,5.6,"US Census Bureau BTOS (Q7, answer Yes)",https://www.census.gov/hfp/btos/,T1
Iowa,US state,2024-12-30,2024.999,7.5,"US Census Bureau BTOS (Q7, answer Yes)",https://www.census.gov/hfp/btos/,T1
Iowa,US state,2025-01-13,2025.036,4.8,"US Census Bureau BTOS (Q7, answer Yes)",https://www.census.gov/hfp/btos/,T1
Iowa,US state,2025-01-27,2025.074,4.6,"US Census Bureau BTOS (Q7, answer Yes)",https://www.census.gov/hfp/btos/,T1
Iowa,US state,2025-02-10,2025.112,5.4,"US Census Bureau BTOS (Q7, answer Yes)",https://www.census.gov/hfp/btos/,T1
Iowa,US state,2025-02-24,2025.151,8.9,"US Census Bureau BTOS (Q7, answer Yes)",https://www.census.gov/hfp/btos/,T1
Iowa,US state,2025-03-10,2025.189,8.7,"US Census Bureau BTOS (Q7, answer Yes)",https://www.census.gov/hfp/btos/,T1
Iowa,US state,2025-03-24,2025.227,6.7,"US Census Bureau BTOS (Q7, answer Yes)",https://www.census.gov/hfp/btos/,T1
Iowa,US state,2025-04-07,2025.266,8.3,"US Census Bureau BTOS (Q7, answer Yes)",https://www.census.gov/hfp/btos/,T1
Iowa,US state,2025-04-21,2025.304,5.7,"US Census Bureau BTOS (Q7, answer Yes)",https://www.census.gov/hfp/btos/,T1
Iowa,US state,2025-05-05,2025.342,6.6,"US Census Bureau BTOS (Q7, answer Yes)",https://www.census.gov/hfp/btos/,T1
Iowa,US state,2025-05-19,2025.381,7.5,"US Census Bureau BTOS (Q7, answer Yes)",https://www.census.gov/hfp/btos/,T1
Iowa,US state,2025-06-02,2025.419,6.9,"US Census Bureau BTOS (Q7, answer Yes)",https://www.census.gov/hfp/btos/,T1
Iowa,US state,2025-06-16,2025.457,12.0,"US Census Bureau BTOS (Q7, answer Yes)",https://www.census.gov/hfp/btos/,T1
Iowa,US state,2025-06-30,2025.496,5.2,"US Census Bureau BTOS (Q7, answer Yes)",https://www.census.gov/hfp/btos/,T1
Iowa,US state,2025-07-14,2025.534,6.3,"US Census Bureau BTOS (Q7, answer Yes)",https://www.census.gov/hfp/btos/,T1
Iowa,US state,2025-07-28,2025.572,8.0,"US Census Bureau BTOS (Q7, answer Yes)",https://www.census.gov/hfp/btos/,T1
Iowa,US state,2025-08-11,2025.611,4.8,"US Census Bureau BTOS (Q7, answer Yes)",https://www.census.gov/hfp/btos/,T1
Iowa,US state,2025-08-25,2025.649,5.1,"US Census Bureau BTOS (Q7, answer Yes)",https://www.census.gov/hfp/btos/,T1
Iowa,US state,2025-09-08,2025.687,7.5,"US Census Bureau BTOS (Q7, answer Yes)",https://www.census.gov/hfp/btos/,T1
Iowa,US state,2025-09-22,2025.726,5.4,"US Census Bureau BTOS (Q7, answer Yes)",https://www.census.gov/hfp/btos/,T1
Iowa,US state,2025-11-17,2025.879,14.2,"US Census Bureau BTOS (Q7, answer Yes)",https://www.census.gov/hfp/btos/,T1
Iowa,US state,2025-12-01,2025.917,11.4,"US Census Bureau BTOS (Q7, answer Yes)",https://www.census.gov/hfp/btos/,T1
Iowa,US state,2025-12-15,2025.956,11.7,"US Census Bureau BTOS (Q7, answer Yes)",https://www.census.gov/hfp/btos/,T1
Iowa,US state,2025-12-29,2025.994,15.2,"US Census Bureau BTOS (Q7, answer Yes)",https://www.census.gov/hfp/btos/,T1
Iowa,US state,2026-01-12,2026.033,16.7,"US Census Bureau BTOS (Q7, answer Yes)",https://www.census.gov/hfp/btos/,T1
Iowa,US state,2026-01-26,2026.071,13.2,"US Census Bureau BTOS (Q7, answer Yes)",https://www.census.gov/hfp/btos/,T1
Iowa,US state,2026-02-09,2026.11,13.7,"US Census Bureau BTOS (Q7, answer Yes)",https://www.census.gov/hfp/btos/,T1
Iowa,US state,2026-02-23,2026.148,15.4,"US Census Bureau BTOS (Q7, answer Yes)",https://www.census.gov/hfp/btos/,T1
Iowa,US state,2026-03-09,2026.186,8.7,"US Census Bureau BTOS (Q7, answer Yes)",https://www.census.gov/hfp/btos/,T1
Iowa,US state,2026-03-23,2026.225,18.2,"US Census Bureau BTOS (Q7, answer Yes)",https://www.census.gov/hfp/btos/,T1
Iowa,US state,2026-04-06,2026.263,14.6,"US Census Bureau BTOS (Q7, answer Yes)",https://www.census.gov/hfp/btos/,T1
Iowa,US state,2026-04-20,2026.301,16.3,"US Census Bureau BTOS (Q7, answer Yes)",https://www.census.gov/hfp/btos/,T1
Iowa,US state,2026-05-04,2026.339,16.0,"US Census Bureau BTOS (Q7, answer Yes)",https://www.census.gov/hfp/btos/,T1
Iowa,US state,2026-05-18,2026.378,19.2,"US Census Bureau BTOS (Q7, answer Yes)",https://www.census.gov/hfp/btos/,T1
Iowa,US state,2026-06-01,2026.416,9.1,"US Census Bureau BTOS (Q7, answer Yes)",https://www.census.gov/hfp/btos/,T1
Iowa,US state,2026-06-15,2026.454,21.2,"US Census Bureau BTOS (Q7, answer Yes)",https://www.census.gov/hfp/btos/,T1
Idaho,US state,2023-09-25,2023.734,6.3,"US Census Bureau BTOS (Q7, answer Yes)",https://www.census.gov/hfp/btos/,T1
Idaho,US state,2023-10-09,2023.772,3.4,"US Census Bureau BTOS (Q7, answer Yes)",https://www.census.gov/hfp/btos/,T1
Idaho,US state,2023-11-06,2023.849,6.4,"US Census Bureau BTOS (Q7, answer Yes)",https://www.census.gov/hfp/btos/,T1
Idaho,US state,2023-11-20,2023.887,3.6,"US Census Bureau BTOS (Q7, answer Yes)",https://www.census.gov/hfp/btos/,T1
Idaho,US state,2023-12-04,2023.925,3.9,"US Census Bureau BTOS (Q7, answer Yes)",https://www.census.gov/hfp/btos/,T1
Idaho,US state,2023-12-18,2023.964,5.7,"US Census Bureau BTOS (Q7, answer Yes)",https://www.census.gov/hfp/btos/,T1
Idaho,US state,2024-01-01,2024.003,4.1,"US Census Bureau BTOS (Q7, answer Yes)",https://www.census.gov/hfp/btos/,T1
Idaho,US state,2024-01-29,2024.079,8.4,"US Census Bureau BTOS (Q7, answer Yes)",https://www.census.gov/hfp/btos/,T1
Idaho,US state,2024-02-12,2024.118,3.7,"US Census Bureau BTOS (Q7, answer Yes)",https://www.census.gov/hfp/btos/,T1
Idaho,US state,2024-03-11,2024.194,4.4,"US Census Bureau BTOS (Q7, answer Yes)",https://www.census.gov/hfp/btos/,T1
Idaho,US state,2024-03-25,2024.233,3.9,"US Census Bureau BTOS (Q7, answer Yes)",https://www.census.gov/hfp/btos/,T1
Idaho,US state,2024-04-08,2024.271,4.9,"US Census Bureau BTOS (Q7, answer Yes)",https://www.census.gov/hfp/btos/,T1
Idaho,US state,2024-04-22,2024.309,3.2,"US Census Bureau BTOS (Q7, answer Yes)",https://www.census.gov/hfp/btos/,T1
Idaho,US state,2024-05-06,2024.348,4.7,"US Census Bureau BTOS (Q7, answer Yes)",https://www.census.gov/hfp/btos/,T1
Idaho,US state,2024-05-20,2024.386,4.2,"US Census Bureau BTOS (Q7, answer Yes)",https://www.census.gov/hfp/btos/,T1
Idaho,US state,2024-06-03,2024.424,4.2,"US Census Bureau BTOS (Q7, answer Yes)",https://www.census.gov/hfp/btos/,T1
Idaho,US state,2024-06-17,2024.463,3.7,"US Census Bureau BTOS (Q7, answer Yes)",https://www.census.gov/hfp/btos/,T1
Idaho,US state,2024-07-01,2024.501,4.1,"US Census Bureau BTOS (Q7, answer Yes)",https://www.census.gov/hfp/btos/,T1
Idaho,US state,2024-07-15,2024.539,5.3,"US Census Bureau BTOS (Q7, answer Yes)",https://www.census.gov/hfp/btos/,T1
Idaho,US state,2024-07-29,2024.578,6.8,"US Census Bureau BTOS (Q7, answer Yes)",https://www.census.gov/hfp/btos/,T1
Idaho,US state,2024-08-26,2024.654,3.3,"US Census Bureau BTOS (Q7, answer Yes)",https://www.census.gov/hfp/btos/,T1
Idaho,US state,2024-09-09,2024.693,6.3,"US Census Bureau BTOS (Q7, answer Yes)",https://www.census.gov/hfp/btos/,T1
Idaho,US state,2024-09-23,2024.731,7.4,"US Census Bureau BTOS (Q7, answer Yes)",https://www.census.gov/hfp/btos/,T1
Idaho,US state,2024-10-07,2024.769,6.4,"US Census Bureau BTOS (Q7, answer Yes)",https://www.census.gov/hfp/btos/,T1
Idaho,US state,2024-10-21,2024.808,8.5,"US Census Bureau BTOS (Q7, answer Yes)",https://www.census.gov/hfp/btos/,T1
Idaho,US state,2024-12-16,2024.961,6.4,"US Census Bureau BTOS (Q7, answer Yes)",https://www.census.gov/hfp/btos/,T1
Idaho,US state,2024-12-30,2024.999,4.3,"US Census Bureau BTOS (Q7, answer Yes)",https://www.census.gov/hfp/btos/,T1
Idaho,US state,2025-01-13,2025.036,7.2,"US Census Bureau BTOS (Q7, answer Yes)",https://www.census.gov/hfp/btos/,T1
Idaho,US state,2025-02-10,2025.112,8.0,"US Census Bureau BTOS (Q7, answer Yes)",https://www.census.gov/hfp/btos/,T1
Idaho,US state,2025-02-24,2025.151,7.0,"US Census Bureau BTOS (Q7, answer Yes)",https://www.census.gov/hfp/btos/,T1
Idaho,US state,2025-03-10,2025.189,7.0,"US Census Bureau BTOS (Q7, answer Yes)",https://www.census.gov/hfp/btos/,T1
Idaho,US state,2025-03-24,2025.227,9.0,"US Census Bureau BTOS (Q7, answer Yes)",https://www.census.gov/hfp/btos/,T1
Idaho,US state,2025-04-07,2025.266,10.6,"US Census Bureau BTOS (Q7, answer Yes)",https://www.census.gov/hfp/btos/,T1
Idaho,US state,2025-04-21,2025.304,4.4,"US Census Bureau BTOS (Q7, answer Yes)",https://www.census.gov/hfp/btos/,T1
Idaho,US state,2025-05-05,2025.342,9.7,"US Census Bureau BTOS (Q7, answer Yes)",https://www.census.gov/hfp/btos/,T1
Idaho,US state,2025-05-19,2025.381,6.5,"US Census Bureau BTOS (Q7, answer Yes)",https://www.census.gov/hfp/btos/,T1
Idaho,US state,2025-06-02,2025.419,11.9,"US Census Bureau BTOS (Q7, answer Yes)",https://www.census.gov/hfp/btos/,T1
Idaho,US state,2025-06-16,2025.457,13.4,"US Census Bureau BTOS (Q7, answer Yes)",https://www.census.gov/hfp/btos/,T1
Idaho,US state,2025-06-30,2025.496,9.5,"US Census Bureau BTOS (Q7, answer Yes)",https://www.census.gov/hfp/btos/,T1
Idaho,US state,2025-07-14,2025.534,6.7,"US Census Bureau BTOS (Q7, answer Yes)",https://www.census.gov/hfp/btos/,T1
Idaho,US state,2025-07-28,2025.572,10.4,"US Census Bureau BTOS (Q7, answer Yes)",https://www.census.gov/hfp/btos/,T1
Idaho,US state,2025-08-11,2025.611,9.7,"US Census Bureau BTOS (Q7, answer Yes)",https://www.census.gov/hfp/btos/,T1
Idaho,US state,2025-08-25,2025.649,7.6,"US Census Bureau BTOS (Q7, answer Yes)",https://www.census.gov/hfp/btos/,T1
Idaho,US state,2025-09-08,2025.687,11.1,"US Census Bureau BTOS (Q7, answer Yes)",https://www.census.gov/hfp/btos/,T1
Idaho,US state,2025-09-22,2025.726,12.4,"US Census Bureau BTOS (Q7, answer Yes)",https://www.census.gov/hfp/btos/,T1
Idaho,US state,2025-11-17,2025.879,12.8,"US Census Bureau BTOS (Q7, answer Yes)",https://www.census.gov/hfp/btos/,T1
Idaho,US state,2025-12-01,2025.917,18.2,"US Census Bureau BTOS (Q7, answer Yes)",https://www.census.gov/hfp/btos/,T1
Idaho,US state,2025-12-15,2025.956,16.6,"US Census Bureau BTOS (Q7, answer Yes)",https://www.census.gov/hfp/btos/,T1
Idaho,US state,2025-12-29,2025.994,19.5,"US Census Bureau BTOS (Q7, answer Yes)",https://www.census.gov/hfp/btos/,T1
Idaho,US state,2026-01-12,2026.033,19.2,"US Census Bureau BTOS (Q7, answer Yes)",https://www.census.gov/hfp/btos/,T1
Idaho,US state,2026-01-26,2026.071,23.5,"US Census Bureau BTOS (Q7, answer Yes)",https://www.census.gov/hfp/btos/,T1
Idaho,US state,2026-02-09,2026.11,9.0,"US Census Bureau BTOS (Q7, answer Yes)",https://www.census.gov/hfp/btos/,T1
Idaho,US state,2026-02-23,2026.148,16.5,"US Census Bureau BTOS (Q7, answer Yes)",https://www.census.gov/hfp/btos/,T1
Idaho,US state,2026-03-09,2026.186,14.2,"US Census Bureau BTOS (Q7, answer Yes)",https://www.census.gov/hfp/btos/,T1
Idaho,US state,2026-03-23,2026.225,16.8,"US Census Bureau BTOS (Q7, answer Yes)",https://www.census.gov/hfp/btos/,T1
Idaho,US state,2026-04-06,2026.263,25.1,"US Census Bureau BTOS (Q7, answer Yes)",https://www.census.gov/hfp/btos/,T1
Idaho,US state,2026-04-20,2026.301,24.9,"US Census Bureau BTOS (Q7, answer Yes)",https://www.census.gov/hfp/btos/,T1
Idaho,US state,2026-05-04,2026.339,14.7,"US Census Bureau BTOS (Q7, answer Yes)",https://www.census.gov/hfp/btos/,T1
Idaho,US state,2026-05-18,2026.378,20.9,"US Census Bureau BTOS (Q7, answer Yes)",https://www.census.gov/hfp/btos/,T1
Idaho,US state,2026-06-01,2026.416,18.1,"US Census Bureau BTOS (Q7, answer Yes)",https://www.census.gov/hfp/btos/,T1
Idaho,US state,2026-06-15,2026.454,13.9,"US Census Bureau BTOS (Q7, answer Yes)",https://www.census.gov/hfp/btos/,T1
Illinois,US state,2023-09-11,2023.695,3.3,"US Census Bureau BTOS (Q7, answer Yes)",https://www.census.gov/hfp/btos/,T1
Illinois,US state,2023-09-25,2023.734,3.2,"US Census Bureau BTOS (Q7, answer Yes)",https://www.census.gov/hfp/btos/,T1
Illinois,US state,2023-10-09,2023.772,4.7,"US Census Bureau BTOS (Q7, answer Yes)",https://www.census.gov/hfp/btos/,T1
Illinois,US state,2023-10-23,2023.81,3.1,"US Census Bureau BTOS (Q7, answer Yes)",https://www.census.gov/hfp/btos/,T1
Illinois,US state,2023-11-06,2023.849,3.4,"US Census Bureau BTOS (Q7, answer Yes)",https://www.census.gov/hfp/btos/,T1
Illinois,US state,2023-11-20,2023.887,4.5,"US Census Bureau BTOS (Q7, answer Yes)",https://www.census.gov/hfp/btos/,T1
Illinois,US state,2023-12-04,2023.925,4.9,"US Census Bureau BTOS (Q7, answer Yes)",https://www.census.gov/hfp/btos/,T1
Illinois,US state,2023-12-18,2023.964,3.5,"US Census Bureau BTOS (Q7, answer Yes)",https://www.census.gov/hfp/btos/,T1
Illinois,US state,2024-01-01,2024.003,4.4,"US Census Bureau BTOS (Q7, answer Yes)",https://www.census.gov/hfp/btos/,T1
Illinois,US state,2024-01-15,2024.041,4.5,"US Census Bureau BTOS (Q7, answer Yes)",https://www.census.gov/hfp/btos/,T1
Illinois,US state,2024-01-29,2024.079,4.0,"US Census Bureau BTOS (Q7, answer Yes)",https://www.census.gov/hfp/btos/,T1
Illinois,US state,2024-02-12,2024.118,5.1,"US Census Bureau BTOS (Q7, answer Yes)",https://www.census.gov/hfp/btos/,T1
Illinois,US state,2024-02-26,2024.156,3.4,"US Census Bureau BTOS (Q7, answer Yes)",https://www.census.gov/hfp/btos/,T1
Illinois,US state,2024-03-11,2024.194,4.0,"US Census Bureau BTOS (Q7, answer Yes)",https://www.census.gov/hfp/btos/,T1
Illinois,US state,2024-03-25,2024.233,4.2,"US Census Bureau BTOS (Q7, answer Yes)",https://www.census.gov/hfp/btos/,T1
Illinois,US state,2024-04-08,2024.271,4.1,"US Census Bureau BTOS (Q7, answer Yes)",https://www.census.gov/hfp/btos/,T1
Illinois,US state,2024-04-22,2024.309,4.1,"US Census Bureau BTOS (Q7, answer Yes)",https://www.census.gov/hfp/btos/,T1
Illinois,US state,2024-05-06,2024.348,4.9,"US Census Bureau BTOS (Q7, answer Yes)",https://www.census.gov/hfp/btos/,T1
Illinois,US state,2024-05-20,2024.386,4.8,"US Census Bureau BTOS (Q7, answer Yes)",https://www.census.gov/hfp/btos/,T1
Illinois,US state,2024-06-03,2024.424,5.1,"US Census Bureau BTOS (Q7, answer Yes)",https://www.census.gov/hfp/btos/,T1
Illinois,US state,2024-06-17,2024.463,4.6,"US Census Bureau BTOS (Q7, answer Yes)",https://www.census.gov/hfp/btos/,T1
Illinois,US state,2024-07-01,2024.501,4.0,"US Census Bureau BTOS (Q7, answer Yes)",https://www.census.gov/hfp/btos/,T1
Illinois,US state,2024-07-15,2024.539,4.5,"US Census Bureau BTOS (Q7, answer Yes)",https://www.census.gov/hfp/btos/,T1
Illinois,US state,2024-07-29,2024.578,6.4,"US Census Bureau BTOS (Q7, answer Yes)",https://www.census.gov/hfp/btos/,T1
Illinois,US state,2024-08-12,2024.616,4.9,"US Census Bureau BTOS (Q7, answer Yes)",https://www.census.gov/hfp/btos/,T1
Illinois,US state,2024-08-26,2024.654,5.9,"US Census Bureau BTOS (Q7, answer Yes)",https://www.census.gov/hfp/btos/,T1
Illinois,US state,2024-09-09,2024.693,6.4,"US Census Bureau BTOS (Q7, answer Yes)",https://www.census.gov/hfp/btos/,T1
Illinois,US state,2024-09-23,2024.731,6.6,"US Census Bureau BTOS (Q7, answer Yes)",https://www.census.gov/hfp/btos/,T1
Illinois,US state,2024-10-07,2024.769,6.8,"US Census Bureau BTOS (Q7, answer Yes)",https://www.census.gov/hfp/btos/,T1
Illinois,US state,2024-10-21,2024.808,6.3,"US Census Bureau BTOS (Q7, answer Yes)",https://www.census.gov/hfp/btos/,T1
Illinois,US state,2024-11-04,2024.846,6.2,"US Census Bureau BTOS (Q7, answer Yes)",https://www.census.gov/hfp/btos/,T1
Illinois,US state,2024-11-18,2024.884,5.3,"US Census Bureau BTOS (Q7, answer Yes)",https://www.census.gov/hfp/btos/,T1
Illinois,US state,2024-12-02,2024.923,6.6,"US Census Bureau BTOS (Q7, answer Yes)",https://www.census.gov/hfp/btos/,T1
Illinois,US state,2024-12-16,2024.961,6.6,"US Census Bureau BTOS (Q7, answer Yes)",https://www.census.gov/hfp/btos/,T1
Illinois,US state,2024-12-30,2024.999,6.5,"US Census Bureau BTOS (Q7, answer Yes)",https://www.census.gov/hfp/btos/,T1
Illinois,US state,2025-01-13,2025.036,5.4,"US Census Bureau BTOS (Q7, answer Yes)",https://www.census.gov/hfp/btos/,T1
Illinois,US state,2025-01-27,2025.074,7.4,"US Census Bureau BTOS (Q7, answer Yes)",https://www.census.gov/hfp/btos/,T1
Illinois,US state,2025-02-10,2025.112,6.7,"US Census Bureau BTOS (Q7, answer Yes)",https://www.census.gov/hfp/btos/,T1
Illinois,US state,2025-02-24,2025.151,8.4,"US Census Bureau BTOS (Q7, answer Yes)",https://www.census.gov/hfp/btos/,T1
Illinois,US state,2025-03-10,2025.189,6.7,"US Census Bureau BTOS (Q7, answer Yes)",https://www.census.gov/hfp/btos/,T1
Illinois,US state,2025-03-24,2025.227,8.6,"US Census Bureau BTOS (Q7, answer Yes)",https://www.census.gov/hfp/btos/,T1
Illinois,US state,2025-04-07,2025.266,6.5,"US Census Bureau BTOS (Q7, answer Yes)",https://www.census.gov/hfp/btos/,T1
Illinois,US state,2025-04-21,2025.304,9.9,"US Census Bureau BTOS (Q7, answer Yes)",https://www.census.gov/hfp/btos/,T1
Illinois,US state,2025-05-05,2025.342,7.9,"US Census Bureau BTOS (Q7, answer Yes)",https://www.census.gov/hfp/btos/,T1
Illinois,US state,2025-05-19,2025.381,9.8,"US Census Bureau BTOS (Q7, answer Yes)",https://www.census.gov/hfp/btos/,T1
Illinois,US state,2025-06-02,2025.419,7.6,"US Census Bureau BTOS (Q7, answer Yes)",https://www.census.gov/hfp/btos/,T1
Illinois,US state,2025-06-16,2025.457,11.2,"US Census Bureau BTOS (Q7, answer Yes)",https://www.census.gov/hfp/btos/,T1
Illinois,US state,2025-06-30,2025.496,8.1,"US Census Bureau BTOS (Q7, answer Yes)",https://www.census.gov/hfp/btos/,T1
Illinois,US state,2025-07-14,2025.534,6.4,"US Census Bureau BTOS (Q7, answer Yes)",https://www.census.gov/hfp/btos/,T1
Illinois,US state,2025-07-28,2025.572,7.4,"US Census Bureau BTOS (Q7, answer Yes)",https://www.census.gov/hfp/btos/,T1
Illinois,US state,2025-08-11,2025.611,7.9,"US Census Bureau BTOS (Q7, answer Yes)",https://www.census.gov/hfp/btos/,T1
Illinois,US state,2025-08-25,2025.649,10.0,"US Census Bureau BTOS (Q7, answer Yes)",https://www.census.gov/hfp/btos/,T1
Illinois,US state,2025-09-08,2025.687,9.8,"US Census Bureau BTOS (Q7, answer Yes)",https://www.census.gov/hfp/btos/,T1
Illinois,US state,2025-09-22,2025.726,8.5,"US Census Bureau BTOS (Q7, answer Yes)",https://www.census.gov/hfp/btos/,T1
Illinois,US state,2025-11-17,2025.879,14.4,"US Census Bureau BTOS (Q7, answer Yes)",https://www.census.gov/hfp/btos/,T1
Illinois,US state,2025-12-01,2025.917,17.5,"US Census Bureau BTOS (Q7, answer Yes)",https://www.census.gov/hfp/btos/,T1
Illinois,US state,2025-12-15,2025.956,15.8,"US Census Bureau BTOS (Q7, answer Yes)",https://www.census.gov/hfp/btos/,T1
Illinois,US state,2025-12-29,2025.994,16.8,"US Census Bureau BTOS (Q7, answer Yes)",https://www.census.gov/hfp/btos/,T1
Illinois,US state,2026-01-12,2026.033,17.7,"US Census Bureau BTOS (Q7, answer Yes)",https://www.census.gov/hfp/btos/,T1
Illinois,US state,2026-01-26,2026.071,15.6,"US Census Bureau BTOS (Q7, answer Yes)",https://www.census.gov/hfp/btos/,T1
Illinois,US state,2026-02-09,2026.11,14.5,"US Census Bureau BTOS (Q7, answer Yes)",https://www.census.gov/hfp/btos/,T1
Illinois,US state,2026-02-23,2026.148,17.3,"US Census Bureau BTOS (Q7, answer Yes)",https://www.census.gov/hfp/btos/,T1
Illinois,US state,2026-03-09,2026.186,18.8,"US Census Bureau BTOS (Q7, answer Yes)",https://www.census.gov/hfp/btos/,T1
Illinois,US state,2026-03-23,2026.225,17.0,"US Census Bureau BTOS (Q7, answer Yes)",https://www.census.gov/hfp/btos/,T1
Illinois,US state,2026-04-06,2026.263,20.7,"US Census Bureau BTOS (Q7, answer Yes)",https://www.census.gov/hfp/btos/,T1
Illinois,US state,2026-04-20,2026.301,19.5,"US Census Bureau BTOS (Q7, answer Yes)",https://www.census.gov/hfp/btos/,T1
Illinois,US state,2026-05-04,2026.339,15.8,"US Census Bureau BTOS (Q7, answer Yes)",https://www.census.gov/hfp/btos/,T1
Illinois,US state,2026-05-18,2026.378,17.8,"US Census Bureau BTOS (Q7, answer Yes)",https://www.census.gov/hfp/btos/,T1
Illinois,US state,2026-06-01,2026.416,15.9,"US Census Bureau BTOS (Q7, answer Yes)",https://www.census.gov/hfp/btos/,T1
Illinois,US state,2026-06-15,2026.454,20.4,"US Census Bureau BTOS (Q7, answer Yes)",https://www.census.gov/hfp/btos/,T1
Indiana,US state,2023-09-11,2023.695,3.3,"US Census Bureau BTOS (Q7, answer Yes)",https://www.census.gov/hfp/btos/,T1
Indiana,US state,2023-09-25,2023.734,2.5,"US Census Bureau BTOS (Q7, answer Yes)",https://www.census.gov/hfp/btos/,T1
Indiana,US state,2023-10-09,2023.772,2.9,"US Census Bureau BTOS (Q7, answer Yes)",https://www.census.gov/hfp/btos/,T1
Indiana,US state,2023-10-23,2023.81,3.0,"US Census Bureau BTOS (Q7, answer Yes)",https://www.census.gov/hfp/btos/,T1
Indiana,US state,2023-11-06,2023.849,3.2,"US Census Bureau BTOS (Q7, answer Yes)",https://www.census.gov/hfp/btos/,T1
Indiana,US state,2023-11-20,2023.887,3.5,"US Census Bureau BTOS (Q7, answer Yes)",https://www.census.gov/hfp/btos/,T1
Indiana,US state,2023-12-04,2023.925,3.4,"US Census Bureau BTOS (Q7, answer Yes)",https://www.census.gov/hfp/btos/,T1
Indiana,US state,2023-12-18,2023.964,4.1,"US Census Bureau BTOS (Q7, answer Yes)",https://www.census.gov/hfp/btos/,T1
Indiana,US state,2024-01-01,2024.003,3.1,"US Census Bureau BTOS (Q7, answer Yes)",https://www.census.gov/hfp/btos/,T1
Indiana,US state,2024-01-15,2024.041,3.5,"US Census Bureau BTOS (Q7, answer Yes)",https://www.census.gov/hfp/btos/,T1
Indiana,US state,2024-01-29,2024.079,5.3,"US Census Bureau BTOS (Q7, answer Yes)",https://www.census.gov/hfp/btos/,T1
Indiana,US state,2024-02-12,2024.118,3.4,"US Census Bureau BTOS (Q7, answer Yes)",https://www.census.gov/hfp/btos/,T1
Indiana,US state,2024-02-26,2024.156,4.3,"US Census Bureau BTOS (Q7, answer Yes)",https://www.census.gov/hfp/btos/,T1
Indiana,US state,2024-03-11,2024.194,3.5,"US Census Bureau BTOS (Q7, answer Yes)",https://www.census.gov/hfp/btos/,T1
Indiana,US state,2024-03-25,2024.233,2.6,"US Census Bureau BTOS (Q7, answer Yes)",https://www.census.gov/hfp/btos/,T1
Indiana,US state,2024-04-08,2024.271,4.3,"US Census Bureau BTOS (Q7, answer Yes)",https://www.census.gov/hfp/btos/,T1
Indiana,US state,2024-04-22,2024.309,3.7,"US Census Bureau BTOS (Q7, answer Yes)",https://www.census.gov/hfp/btos/,T1
Indiana,US state,2024-05-06,2024.348,3.1,"US Census Bureau BTOS (Q7, answer Yes)",https://www.census.gov/hfp/btos/,T1
Indiana,US state,2024-05-20,2024.386,3.5,"US Census Bureau BTOS (Q7, answer Yes)",https://www.census.gov/hfp/btos/,T1
Indiana,US state,2024-06-03,2024.424,4.3,"US Census Bureau BTOS (Q7, answer Yes)",https://www.census.gov/hfp/btos/,T1
Indiana,US state,2024-06-17,2024.463,3.3,"US Census Bureau BTOS (Q7, answer Yes)",https://www.census.gov/hfp/btos/,T1
Indiana,US state,2024-07-01,2024.501,5.1,"US Census Bureau BTOS (Q7, answer Yes)",https://www.census.gov/hfp/btos/,T1
Indiana,US state,2024-07-15,2024.539,3.2,"US Census Bureau BTOS (Q7, answer Yes)",https://www.census.gov/hfp/btos/,T1
Indiana,US state,2024-07-29,2024.578,3.3,"US Census Bureau BTOS (Q7, answer Yes)",https://www.census.gov/hfp/btos/,T1
Indiana,US state,2024-08-12,2024.616,5.0,"US Census Bureau BTOS (Q7, answer Yes)",https://www.census.gov/hfp/btos/,T1
Indiana,US state,2024-08-26,2024.654,4.7,"US Census Bureau BTOS (Q7, answer Yes)",https://www.census.gov/hfp/btos/,T1
Indiana,US state,2024-09-09,2024.693,6.0,"US Census Bureau BTOS (Q7, answer Yes)",https://www.census.gov/hfp/btos/,T1
Indiana,US state,2024-09-23,2024.731,6.0,"US Census Bureau BTOS (Q7, answer Yes)",https://www.census.gov/hfp/btos/,T1
Indiana,US state,2024-10-07,2024.769,6.8,"US Census Bureau BTOS (Q7, answer Yes)",https://www.census.gov/hfp/btos/,T1
Indiana,US state,2024-10-21,2024.808,5.5,"US Census Bureau BTOS (Q7, answer Yes)",https://www.census.gov/hfp/btos/,T1
Indiana,US state,2024-11-04,2024.846,6.3,"US Census Bureau BTOS (Q7, answer Yes)",https://www.census.gov/hfp/btos/,T1
Indiana,US state,2024-11-18,2024.884,5.0,"US Census Bureau BTOS (Q7, answer Yes)",https://www.census.gov/hfp/btos/,T1
Indiana,US state,2024-12-02,2024.923,6.1,"US Census Bureau BTOS (Q7, answer Yes)",https://www.census.gov/hfp/btos/,T1
Indiana,US state,2024-12-16,2024.961,5.1,"US Census Bureau BTOS (Q7, answer Yes)",https://www.census.gov/hfp/btos/,T1
Indiana,US state,2024-12-30,2024.999,5.3,"US Census Bureau BTOS (Q7, answer Yes)",https://www.census.gov/hfp/btos/,T1
Indiana,US state,2025-01-13,2025.036,7.1,"US Census Bureau BTOS (Q7, answer Yes)",https://www.census.gov/hfp/btos/,T1
Indiana,US state,2025-01-27,2025.074,6.1,"US Census Bureau BTOS (Q7, answer Yes)",https://www.census.gov/hfp/btos/,T1
Indiana,US state,2025-02-10,2025.112,5.6,"US Census Bureau BTOS (Q7, answer Yes)",https://www.census.gov/hfp/btos/,T1
Indiana,US state,2025-02-24,2025.151,5.7,"US Census Bureau BTOS (Q7, answer Yes)",https://www.census.gov/hfp/btos/,T1
Indiana,US state,2025-03-10,2025.189,6.7,"US Census Bureau BTOS (Q7, answer Yes)",https://www.census.gov/hfp/btos/,T1
Indiana,US state,2025-03-24,2025.227,8.3,"US Census Bureau BTOS (Q7, answer Yes)",https://www.census.gov/hfp/btos/,T1
Indiana,US state,2025-04-07,2025.266,5.5,"US Census Bureau BTOS (Q7, answer Yes)",https://www.census.gov/hfp/btos/,T1
Indiana,US state,2025-04-21,2025.304,5.8,"US Census Bureau BTOS (Q7, answer Yes)",https://www.census.gov/hfp/btos/,T1
Indiana,US state,2025-05-05,2025.342,8.3,"US Census Bureau BTOS (Q7, answer Yes)",https://www.census.gov/hfp/btos/,T1
Indiana,US state,2025-05-19,2025.381,8.0,"US Census Bureau BTOS (Q7, answer Yes)",https://www.census.gov/hfp/btos/,T1
Indiana,US state,2025-06-02,2025.419,5.0,"US Census Bureau BTOS (Q7, answer Yes)",https://www.census.gov/hfp/btos/,T1
Indiana,US state,2025-06-16,2025.457,5.5,"US Census Bureau BTOS (Q7, answer Yes)",https://www.census.gov/hfp/btos/,T1
Indiana,US state,2025-06-30,2025.496,4.5,"US Census Bureau BTOS (Q7, answer Yes)",https://www.census.gov/hfp/btos/,T1
Indiana,US state,2025-07-14,2025.534,7.0,"US Census Bureau BTOS (Q7, answer Yes)",https://www.census.gov/hfp/btos/,T1
Indiana,US state,2025-07-28,2025.572,7.8,"US Census Bureau BTOS (Q7, answer Yes)",https://www.census.gov/hfp/btos/,T1
Indiana,US state,2025-08-11,2025.611,9.6,"US Census Bureau BTOS (Q7, answer Yes)",https://www.census.gov/hfp/btos/,T1
Indiana,US state,2025-08-25,2025.649,7.8,"US Census Bureau BTOS (Q7, answer Yes)",https://www.census.gov/hfp/btos/,T1
Indiana,US state,2025-09-08,2025.687,6.9,"US Census Bureau BTOS (Q7, answer Yes)",https://www.census.gov/hfp/btos/,T1
Indiana,US state,2025-09-22,2025.726,9.0,"US Census Bureau BTOS (Q7, answer Yes)",https://www.census.gov/hfp/btos/,T1
Indiana,US state,2025-11-17,2025.879,18.9,"US Census Bureau BTOS (Q7, answer Yes)",https://www.census.gov/hfp/btos/,T1
Indiana,US state,2025-12-01,2025.917,17.5,"US Census Bureau BTOS (Q7, answer Yes)",https://www.census.gov/hfp/btos/,T1
Indiana,US state,2025-12-15,2025.956,14.3,"US Census Bureau BTOS (Q7, answer Yes)",https://www.census.gov/hfp/btos/,T1
Indiana,US state,2025-12-29,2025.994,19.3,"US Census Bureau BTOS (Q7, answer Yes)",https://www.census.gov/hfp/btos/,T1
Indiana,US state,2026-01-12,2026.033,18.8,"US Census Bureau BTOS (Q7, answer Yes)",https://www.census.gov/hfp/btos/,T1
Indiana,US state,2026-01-26,2026.071,18.9,"US Census Bureau BTOS (Q7, answer Yes)",https://www.census.gov/hfp/btos/,T1
Indiana,US state,2026-02-09,2026.11,18.3,"US Census Bureau BTOS (Q7, answer Yes)",https://www.census.gov/hfp/btos/,T1
Indiana,US state,2026-02-23,2026.148,15.4,"US Census Bureau BTOS (Q7, answer Yes)",https://www.census.gov/hfp/btos/,T1
Indiana,US state,2026-03-09,2026.186,13.9,"US Census Bureau BTOS (Q7, answer Yes)",https://www.census.gov/hfp/btos/,T1
Indiana,US state,2026-03-23,2026.225,19.7,"US Census Bureau BTOS (Q7, answer Yes)",https://www.census.gov/hfp/btos/,T1
Indiana,US state,2026-04-06,2026.263,20.0,"US Census Bureau BTOS (Q7, answer Yes)",https://www.census.gov/hfp/btos/,T1
Indiana,US state,2026-04-20,2026.301,19.7,"US Census Bureau BTOS (Q7, answer Yes)",https://www.census.gov/hfp/btos/,T1
Indiana,US state,2026-05-04,2026.339,18.5,"US Census Bureau BTOS (Q7, answer Yes)",https://www.census.gov/hfp/btos/,T1
Indiana,US state,2026-05-18,2026.378,17.2,"US Census Bureau BTOS (Q7, answer Yes)",https://www.census.gov/hfp/btos/,T1
Indiana,US state,2026-06-01,2026.416,17.3,"US Census Bureau BTOS (Q7, answer Yes)",https://www.census.gov/hfp/btos/,T1
Indiana,US state,2026-06-15,2026.454,22.7,"US Census Bureau BTOS (Q7, answer Yes)",https://www.census.gov/hfp/btos/,T1
Kansas,US state,2023-09-11,2023.695,3.7,"US Census Bureau BTOS (Q7, answer Yes)",https://www.census.gov/hfp/btos/,T1
Kansas,US state,2023-10-09,2023.772,3.8,"US Census Bureau BTOS (Q7, answer Yes)",https://www.census.gov/hfp/btos/,T1
Kansas,US state,2023-10-23,2023.81,4.9,"US Census Bureau BTOS (Q7, answer Yes)",https://www.census.gov/hfp/btos/,T1
Kansas,US state,2023-11-20,2023.887,3.1,"US Census Bureau BTOS (Q7, answer Yes)",https://www.census.gov/hfp/btos/,T1
Kansas,US state,2023-12-18,2023.964,4.6,"US Census Bureau BTOS (Q7, answer Yes)",https://www.census.gov/hfp/btos/,T1
Kansas,US state,2024-01-01,2024.003,4.3,"US Census Bureau BTOS (Q7, answer Yes)",https://www.census.gov/hfp/btos/,T1
Kansas,US state,2024-01-15,2024.041,7.2,"US Census Bureau BTOS (Q7, answer Yes)",https://www.census.gov/hfp/btos/,T1
Kansas,US state,2024-01-29,2024.079,5.2,"US Census Bureau BTOS (Q7, answer Yes)",https://www.census.gov/hfp/btos/,T1
Kansas,US state,2024-02-12,2024.118,6.0,"US Census Bureau BTOS (Q7, answer Yes)",https://www.census.gov/hfp/btos/,T1
Kansas,US state,2024-04-08,2024.271,4.9,"US Census Bureau BTOS (Q7, answer Yes)",https://www.census.gov/hfp/btos/,T1
Kansas,US state,2024-05-06,2024.348,5.1,"US Census Bureau BTOS (Q7, answer Yes)",https://www.census.gov/hfp/btos/,T1
Kansas,US state,2024-06-17,2024.463,3.8,"US Census Bureau BTOS (Q7, answer Yes)",https://www.census.gov/hfp/btos/,T1
Kansas,US state,2024-07-01,2024.501,4.9,"US Census Bureau BTOS (Q7, answer Yes)",https://www.census.gov/hfp/btos/,T1
Kansas,US state,2024-07-15,2024.539,4.6,"US Census Bureau BTOS (Q7, answer Yes)",https://www.census.gov/hfp/btos/,T1
Kansas,US state,2024-08-12,2024.616,5.0,"US Census Bureau BTOS (Q7, answer Yes)",https://www.census.gov/hfp/btos/,T1
Kansas,US state,2024-08-26,2024.654,6.1,"US Census Bureau BTOS (Q7, answer Yes)",https://www.census.gov/hfp/btos/,T1
Kansas,US state,2024-09-09,2024.693,4.1,"US Census Bureau BTOS (Q7, answer Yes)",https://www.census.gov/hfp/btos/,T1
Kansas,US state,2024-09-23,2024.731,5.7,"US Census Bureau BTOS (Q7, answer Yes)",https://www.census.gov/hfp/btos/,T1
Kansas,US state,2024-10-21,2024.808,5.5,"US Census Bureau BTOS (Q7, answer Yes)",https://www.census.gov/hfp/btos/,T1
Kansas,US state,2024-11-04,2024.846,5.5,"US Census Bureau BTOS (Q7, answer Yes)",https://www.census.gov/hfp/btos/,T1
Kansas,US state,2024-11-18,2024.884,7.3,"US Census Bureau BTOS (Q7, answer Yes)",https://www.census.gov/hfp/btos/,T1
Kansas,US state,2024-12-02,2024.923,4.3,"US Census Bureau BTOS (Q7, answer Yes)",https://www.census.gov/hfp/btos/,T1
Kansas,US state,2024-12-16,2024.961,3.5,"US Census Bureau BTOS (Q7, answer Yes)",https://www.census.gov/hfp/btos/,T1
Kansas,US state,2024-12-30,2024.999,5.1,"US Census Bureau BTOS (Q7, answer Yes)",https://www.census.gov/hfp/btos/,T1
Kansas,US state,2025-01-13,2025.036,8.2,"US Census Bureau BTOS (Q7, answer Yes)",https://www.census.gov/hfp/btos/,T1
Kansas,US state,2025-01-27,2025.074,5.8,"US Census Bureau BTOS (Q7, answer Yes)",https://www.census.gov/hfp/btos/,T1
Kansas,US state,2025-02-10,2025.112,7.6,"US Census Bureau BTOS (Q7, answer Yes)",https://www.census.gov/hfp/btos/,T1
Kansas,US state,2025-02-24,2025.151,6.1,"US Census Bureau BTOS (Q7, answer Yes)",https://www.census.gov/hfp/btos/,T1
Kansas,US state,2025-03-10,2025.189,5.0,"US Census Bureau BTOS (Q7, answer Yes)",https://www.census.gov/hfp/btos/,T1
Kansas,US state,2025-03-24,2025.227,8.6,"US Census Bureau BTOS (Q7, answer Yes)",https://www.census.gov/hfp/btos/,T1
Kansas,US state,2025-04-07,2025.266,7.5,"US Census Bureau BTOS (Q7, answer Yes)",https://www.census.gov/hfp/btos/,T1
Kansas,US state,2025-05-05,2025.342,12.3,"US Census Bureau BTOS (Q7, answer Yes)",https://www.census.gov/hfp/btos/,T1
Kansas,US state,2025-05-19,2025.381,9.9,"US Census Bureau BTOS (Q7, answer Yes)",https://www.census.gov/hfp/btos/,T1
Kansas,US state,2025-06-02,2025.419,5.5,"US Census Bureau BTOS (Q7, answer Yes)",https://www.census.gov/hfp/btos/,T1
Kansas,US state,2025-06-16,2025.457,8.8,"US Census Bureau BTOS (Q7, answer Yes)",https://www.census.gov/hfp/btos/,T1
Kansas,US state,2025-06-30,2025.496,7.5,"US Census Bureau BTOS (Q7, answer Yes)",https://www.census.gov/hfp/btos/,T1
Kansas,US state,2025-07-14,2025.534,5.9,"US Census Bureau BTOS (Q7, answer Yes)",https://www.census.gov/hfp/btos/,T1
Kansas,US state,2025-07-28,2025.572,5.2,"US Census Bureau BTOS (Q7, answer Yes)",https://www.census.gov/hfp/btos/,T1
Kansas,US state,2025-08-11,2025.611,9.4,"US Census Bureau BTOS (Q7, answer Yes)",https://www.census.gov/hfp/btos/,T1
Kansas,US state,2025-08-25,2025.649,6.6,"US Census Bureau BTOS (Q7, answer Yes)",https://www.census.gov/hfp/btos/,T1
Kansas,US state,2025-09-08,2025.687,6.4,"US Census Bureau BTOS (Q7, answer Yes)",https://www.census.gov/hfp/btos/,T1
Kansas,US state,2025-09-22,2025.726,10.6,"US Census Bureau BTOS (Q7, answer Yes)",https://www.census.gov/hfp/btos/,T1
Kansas,US state,2025-11-17,2025.879,19.1,"US Census Bureau BTOS (Q7, answer Yes)",https://www.census.gov/hfp/btos/,T1
Kansas,US state,2025-12-01,2025.917,17.2,"US Census Bureau BTOS (Q7, answer Yes)",https://www.census.gov/hfp/btos/,T1
Kansas,US state,2025-12-15,2025.956,22.3,"US Census Bureau BTOS (Q7, answer Yes)",https://www.census.gov/hfp/btos/,T1
Kansas,US state,2025-12-29,2025.994,12.5,"US Census Bureau BTOS (Q7, answer Yes)",https://www.census.gov/hfp/btos/,T1
Kansas,US state,2026-01-12,2026.033,17.8,"US Census Bureau BTOS (Q7, answer Yes)",https://www.census.gov/hfp/btos/,T1
Kansas,US state,2026-01-26,2026.071,14.2,"US Census Bureau BTOS (Q7, answer Yes)",https://www.census.gov/hfp/btos/,T1
Kansas,US state,2026-02-09,2026.11,14.5,"US Census Bureau BTOS (Q7, answer Yes)",https://www.census.gov/hfp/btos/,T1
Kansas,US state,2026-02-23,2026.148,16.5,"US Census Bureau BTOS (Q7, answer Yes)",https://www.census.gov/hfp/btos/,T1
Kansas,US state,2026-03-09,2026.186,14.5,"US Census Bureau BTOS (Q7, answer Yes)",https://www.census.gov/hfp/btos/,T1
Kansas,US state,2026-03-23,2026.225,22.3,"US Census Bureau BTOS (Q7, answer Yes)",https://www.census.gov/hfp/btos/,T1
Kansas,US state,2026-04-06,2026.263,16.9,"US Census Bureau BTOS (Q7, answer Yes)",https://www.census.gov/hfp/btos/,T1
Kansas,US state,2026-04-20,2026.301,12.8,"US Census Bureau BTOS (Q7, answer Yes)",https://www.census.gov/hfp/btos/,T1
Kansas,US state,2026-05-04,2026.339,17.5,"US Census Bureau BTOS (Q7, answer Yes)",https://www.census.gov/hfp/btos/,T1
Kansas,US state,2026-05-18,2026.378,20.6,"US Census Bureau BTOS (Q7, answer Yes)",https://www.census.gov/hfp/btos/,T1
Kansas,US state,2026-06-01,2026.416,20.5,"US Census Bureau BTOS (Q7, answer Yes)",https://www.census.gov/hfp/btos/,T1
Kansas,US state,2026-06-15,2026.454,13.3,"US Census Bureau BTOS (Q7, answer Yes)",https://www.census.gov/hfp/btos/,T1
Kentucky,US state,2023-09-11,2023.695,4.2,"US Census Bureau BTOS (Q7, answer Yes)",https://www.census.gov/hfp/btos/,T1
Kentucky,US state,2023-10-23,2023.81,2.9,"US Census Bureau BTOS (Q7, answer Yes)",https://www.census.gov/hfp/btos/,T1
Kentucky,US state,2023-11-20,2023.887,4.5,"US Census Bureau BTOS (Q7, answer Yes)",https://www.census.gov/hfp/btos/,T1
Kentucky,US state,2023-12-04,2023.925,6.1,"US Census Bureau BTOS (Q7, answer Yes)",https://www.census.gov/hfp/btos/,T1
Kentucky,US state,2024-01-01,2024.003,3.7,"US Census Bureau BTOS (Q7, answer Yes)",https://www.census.gov/hfp/btos/,T1
Kentucky,US state,2024-01-15,2024.041,3.6,"US Census Bureau BTOS (Q7, answer Yes)",https://www.census.gov/hfp/btos/,T1
Kentucky,US state,2024-01-29,2024.079,3.9,"US Census Bureau BTOS (Q7, answer Yes)",https://www.census.gov/hfp/btos/,T1
Kentucky,US state,2024-02-26,2024.156,4.0,"US Census Bureau BTOS (Q7, answer Yes)",https://www.census.gov/hfp/btos/,T1
Kentucky,US state,2024-03-25,2024.233,3.3,"US Census Bureau BTOS (Q7, answer Yes)",https://www.census.gov/hfp/btos/,T1
Kentucky,US state,2024-04-08,2024.271,4.2,"US Census Bureau BTOS (Q7, answer Yes)",https://www.census.gov/hfp/btos/,T1
Kentucky,US state,2024-05-20,2024.386,4.7,"US Census Bureau BTOS (Q7, answer Yes)",https://www.census.gov/hfp/btos/,T1
Kentucky,US state,2024-08-12,2024.616,5.9,"US Census Bureau BTOS (Q7, answer Yes)",https://www.census.gov/hfp/btos/,T1
Kentucky,US state,2024-08-26,2024.654,4.3,"US Census Bureau BTOS (Q7, answer Yes)",https://www.census.gov/hfp/btos/,T1
Kentucky,US state,2024-10-07,2024.769,3.2,"US Census Bureau BTOS (Q7, answer Yes)",https://www.census.gov/hfp/btos/,T1
Kentucky,US state,2024-10-21,2024.808,5.9,"US Census Bureau BTOS (Q7, answer Yes)",https://www.census.gov/hfp/btos/,T1
Kentucky,US state,2024-11-04,2024.846,4.4,"US Census Bureau BTOS (Q7, answer Yes)",https://www.census.gov/hfp/btos/,T1
Kentucky,US state,2024-11-18,2024.884,4.5,"US Census Bureau BTOS (Q7, answer Yes)",https://www.census.gov/hfp/btos/,T1
Kentucky,US state,2024-12-30,2024.999,6.1,"US Census Bureau BTOS (Q7, answer Yes)",https://www.census.gov/hfp/btos/,T1
Kentucky,US state,2025-01-13,2025.036,5.2,"US Census Bureau BTOS (Q7, answer Yes)",https://www.census.gov/hfp/btos/,T1
Kentucky,US state,2025-01-27,2025.074,3.6,"US Census Bureau BTOS (Q7, answer Yes)",https://www.census.gov/hfp/btos/,T1
Kentucky,US state,2025-02-10,2025.112,6.0,"US Census Bureau BTOS (Q7, answer Yes)",https://www.census.gov/hfp/btos/,T1
Kentucky,US state,2025-02-24,2025.151,6.3,"US Census Bureau BTOS (Q7, answer Yes)",https://www.census.gov/hfp/btos/,T1
Kentucky,US state,2025-03-10,2025.189,4.3,"US Census Bureau BTOS (Q7, answer Yes)",https://www.census.gov/hfp/btos/,T1
Kentucky,US state,2025-03-24,2025.227,4.4,"US Census Bureau BTOS (Q7, answer Yes)",https://www.census.gov/hfp/btos/,T1
Kentucky,US state,2025-04-07,2025.266,5.9,"US Census Bureau BTOS (Q7, answer Yes)",https://www.census.gov/hfp/btos/,T1
Kentucky,US state,2025-04-21,2025.304,3.9,"US Census Bureau BTOS (Q7, answer Yes)",https://www.census.gov/hfp/btos/,T1
Kentucky,US state,2025-05-19,2025.381,7.5,"US Census Bureau BTOS (Q7, answer Yes)",https://www.census.gov/hfp/btos/,T1
Kentucky,US state,2025-06-02,2025.419,6.7,"US Census Bureau BTOS (Q7, answer Yes)",https://www.census.gov/hfp/btos/,T1
Kentucky,US state,2025-06-30,2025.496,9.9,"US Census Bureau BTOS (Q7, answer Yes)",https://www.census.gov/hfp/btos/,T1
Kentucky,US state,2025-07-14,2025.534,5.7,"US Census Bureau BTOS (Q7, answer Yes)",https://www.census.gov/hfp/btos/,T1
Kentucky,US state,2025-07-28,2025.572,6.6,"US Census Bureau BTOS (Q7, answer Yes)",https://www.census.gov/hfp/btos/,T1
Kentucky,US state,2025-08-11,2025.611,9.0,"US Census Bureau BTOS (Q7, answer Yes)",https://www.census.gov/hfp/btos/,T1
Kentucky,US state,2025-08-25,2025.649,9.1,"US Census Bureau BTOS (Q7, answer Yes)",https://www.census.gov/hfp/btos/,T1
Kentucky,US state,2025-09-08,2025.687,9.3,"US Census Bureau BTOS (Q7, answer Yes)",https://www.census.gov/hfp/btos/,T1
Kentucky,US state,2025-09-22,2025.726,9.7,"US Census Bureau BTOS (Q7, answer Yes)",https://www.census.gov/hfp/btos/,T1
Kentucky,US state,2025-11-17,2025.879,13.5,"US Census Bureau BTOS (Q7, answer Yes)",https://www.census.gov/hfp/btos/,T1
Kentucky,US state,2025-12-01,2025.917,13.6,"US Census Bureau BTOS (Q7, answer Yes)",https://www.census.gov/hfp/btos/,T1
Kentucky,US state,2025-12-15,2025.956,14.3,"US Census Bureau BTOS (Q7, answer Yes)",https://www.census.gov/hfp/btos/,T1
Kentucky,US state,2025-12-29,2025.994,17.8,"US Census Bureau BTOS (Q7, answer Yes)",https://www.census.gov/hfp/btos/,T1
Kentucky,US state,2026-01-12,2026.033,20.3,"US Census Bureau BTOS (Q7, answer Yes)",https://www.census.gov/hfp/btos/,T1
Kentucky,US state,2026-01-26,2026.071,13.9,"US Census Bureau BTOS (Q7, answer Yes)",https://www.census.gov/hfp/btos/,T1
Kentucky,US state,2026-02-09,2026.11,14.1,"US Census Bureau BTOS (Q7, answer Yes)",https://www.census.gov/hfp/btos/,T1
Kentucky,US state,2026-02-23,2026.148,13.5,"US Census Bureau BTOS (Q7, answer Yes)",https://www.census.gov/hfp/btos/,T1
Kentucky,US state,2026-03-09,2026.186,16.3,"US Census Bureau BTOS (Q7, answer Yes)",https://www.census.gov/hfp/btos/,T1
Kentucky,US state,2026-03-23,2026.225,19.2,"US Census Bureau BTOS (Q7, answer Yes)",https://www.census.gov/hfp/btos/,T1
Kentucky,US state,2026-04-06,2026.263,20.2,"US Census Bureau BTOS (Q7, answer Yes)",https://www.census.gov/hfp/btos/,T1
Kentucky,US state,2026-04-20,2026.301,14.7,"US Census Bureau BTOS (Q7, answer Yes)",https://www.census.gov/hfp/btos/,T1
Kentucky,US state,2026-05-04,2026.339,15.8,"US Census Bureau BTOS (Q7, answer Yes)",https://www.census.gov/hfp/btos/,T1
Kentucky,US state,2026-05-18,2026.378,16.0,"US Census Bureau BTOS (Q7, answer Yes)",https://www.census.gov/hfp/btos/,T1
Kentucky,US state,2026-06-01,2026.416,19.0,"US Census Bureau BTOS (Q7, answer Yes)",https://www.census.gov/hfp/btos/,T1
Kentucky,US state,2026-06-15,2026.454,19.0,"US Census Bureau BTOS (Q7, answer Yes)",https://www.census.gov/hfp/btos/,T1
Louisiana,US state,2023-09-25,2023.734,2.6,"US Census Bureau BTOS (Q7, answer Yes)",https://www.census.gov/hfp/btos/,T1
Louisiana,US state,2023-10-23,2023.81,2.6,"US Census Bureau BTOS (Q7, answer Yes)",https://www.census.gov/hfp/btos/,T1
Louisiana,US state,2023-11-06,2023.849,2.4,"US Census Bureau BTOS (Q7, answer Yes)",https://www.census.gov/hfp/btos/,T1
Louisiana,US state,2023-12-18,2023.964,3.4,"US Census Bureau BTOS (Q7, answer Yes)",https://www.census.gov/hfp/btos/,T1
Louisiana,US state,2024-01-15,2024.041,4.5,"US Census Bureau BTOS (Q7, answer Yes)",https://www.census.gov/hfp/btos/,T1
Louisiana,US state,2024-01-29,2024.079,3.3,"US Census Bureau BTOS (Q7, answer Yes)",https://www.census.gov/hfp/btos/,T1
Louisiana,US state,2024-02-12,2024.118,4.1,"US Census Bureau BTOS (Q7, answer Yes)",https://www.census.gov/hfp/btos/,T1
Louisiana,US state,2024-02-26,2024.156,3.3,"US Census Bureau BTOS (Q7, answer Yes)",https://www.census.gov/hfp/btos/,T1
Louisiana,US state,2024-04-22,2024.309,2.3,"US Census Bureau BTOS (Q7, answer Yes)",https://www.census.gov/hfp/btos/,T1
Louisiana,US state,2024-06-03,2024.424,3.1,"US Census Bureau BTOS (Q7, answer Yes)",https://www.census.gov/hfp/btos/,T1
Louisiana,US state,2024-07-01,2024.501,3.6,"US Census Bureau BTOS (Q7, answer Yes)",https://www.census.gov/hfp/btos/,T1
Louisiana,US state,2024-07-15,2024.539,3.9,"US Census Bureau BTOS (Q7, answer Yes)",https://www.census.gov/hfp/btos/,T1
Louisiana,US state,2024-08-12,2024.616,4.0,"US Census Bureau BTOS (Q7, answer Yes)",https://www.census.gov/hfp/btos/,T1
Louisiana,US state,2024-08-26,2024.654,5.0,"US Census Bureau BTOS (Q7, answer Yes)",https://www.census.gov/hfp/btos/,T1
Louisiana,US state,2024-09-09,2024.693,4.6,"US Census Bureau BTOS (Q7, answer Yes)",https://www.census.gov/hfp/btos/,T1
Louisiana,US state,2024-09-23,2024.731,5.6,"US Census Bureau BTOS (Q7, answer Yes)",https://www.census.gov/hfp/btos/,T1
Louisiana,US state,2024-10-07,2024.769,5.1,"US Census Bureau BTOS (Q7, answer Yes)",https://www.census.gov/hfp/btos/,T1
Louisiana,US state,2024-10-21,2024.808,3.7,"US Census Bureau BTOS (Q7, answer Yes)",https://www.census.gov/hfp/btos/,T1
Louisiana,US state,2024-11-04,2024.846,3.9,"US Census Bureau BTOS (Q7, answer Yes)",https://www.census.gov/hfp/btos/,T1
Louisiana,US state,2024-11-18,2024.884,4.2,"US Census Bureau BTOS (Q7, answer Yes)",https://www.census.gov/hfp/btos/,T1
Louisiana,US state,2024-12-16,2024.961,6.8,"US Census Bureau BTOS (Q7, answer Yes)",https://www.census.gov/hfp/btos/,T1
Louisiana,US state,2024-12-30,2024.999,6.3,"US Census Bureau BTOS (Q7, answer Yes)",https://www.census.gov/hfp/btos/,T1
Louisiana,US state,2025-01-13,2025.036,5.0,"US Census Bureau BTOS (Q7, answer Yes)",https://www.census.gov/hfp/btos/,T1
Louisiana,US state,2025-01-27,2025.074,4.1,"US Census Bureau BTOS (Q7, answer Yes)",https://www.census.gov/hfp/btos/,T1
Louisiana,US state,2025-02-10,2025.112,5.8,"US Census Bureau BTOS (Q7, answer Yes)",https://www.census.gov/hfp/btos/,T1
Louisiana,US state,2025-02-24,2025.151,5.5,"US Census Bureau BTOS (Q7, answer Yes)",https://www.census.gov/hfp/btos/,T1
Louisiana,US state,2025-03-10,2025.189,7.6,"US Census Bureau BTOS (Q7, answer Yes)",https://www.census.gov/hfp/btos/,T1
Louisiana,US state,2025-03-24,2025.227,5.6,"US Census Bureau BTOS (Q7, answer Yes)",https://www.census.gov/hfp/btos/,T1
Louisiana,US state,2025-04-07,2025.266,5.0,"US Census Bureau BTOS (Q7, answer Yes)",https://www.census.gov/hfp/btos/,T1
Louisiana,US state,2025-04-21,2025.304,4.1,"US Census Bureau BTOS (Q7, answer Yes)",https://www.census.gov/hfp/btos/,T1
Louisiana,US state,2025-05-05,2025.342,7.6,"US Census Bureau BTOS (Q7, answer Yes)",https://www.census.gov/hfp/btos/,T1
Louisiana,US state,2025-05-19,2025.381,7.0,"US Census Bureau BTOS (Q7, answer Yes)",https://www.census.gov/hfp/btos/,T1
Louisiana,US state,2025-06-02,2025.419,6.2,"US Census Bureau BTOS (Q7, answer Yes)",https://www.census.gov/hfp/btos/,T1
Louisiana,US state,2025-06-16,2025.457,7.0,"US Census Bureau BTOS (Q7, answer Yes)",https://www.census.gov/hfp/btos/,T1
Louisiana,US state,2025-06-30,2025.496,6.8,"US Census Bureau BTOS (Q7, answer Yes)",https://www.census.gov/hfp/btos/,T1
Louisiana,US state,2025-07-14,2025.534,10.8,"US Census Bureau BTOS (Q7, answer Yes)",https://www.census.gov/hfp/btos/,T1
Louisiana,US state,2025-07-28,2025.572,5.2,"US Census Bureau BTOS (Q7, answer Yes)",https://www.census.gov/hfp/btos/,T1
Louisiana,US state,2025-08-11,2025.611,4.9,"US Census Bureau BTOS (Q7, answer Yes)",https://www.census.gov/hfp/btos/,T1
Louisiana,US state,2025-08-25,2025.649,9.1,"US Census Bureau BTOS (Q7, answer Yes)",https://www.census.gov/hfp/btos/,T1
Louisiana,US state,2025-09-08,2025.687,6.5,"US Census Bureau BTOS (Q7, answer Yes)",https://www.census.gov/hfp/btos/,T1
Louisiana,US state,2025-09-22,2025.726,9.0,"US Census Bureau BTOS (Q7, answer Yes)",https://www.census.gov/hfp/btos/,T1
Louisiana,US state,2025-11-17,2025.879,13.3,"US Census Bureau BTOS (Q7, answer Yes)",https://www.census.gov/hfp/btos/,T1
Louisiana,US state,2025-12-01,2025.917,8.7,"US Census Bureau BTOS (Q7, answer Yes)",https://www.census.gov/hfp/btos/,T1
Louisiana,US state,2025-12-15,2025.956,11.0,"US Census Bureau BTOS (Q7, answer Yes)",https://www.census.gov/hfp/btos/,T1
Louisiana,US state,2025-12-29,2025.994,14.1,"US Census Bureau BTOS (Q7, answer Yes)",https://www.census.gov/hfp/btos/,T1
Louisiana,US state,2026-01-12,2026.033,12.5,"US Census Bureau BTOS (Q7, answer Yes)",https://www.census.gov/hfp/btos/,T1
Louisiana,US state,2026-01-26,2026.071,18.7,"US Census Bureau BTOS (Q7, answer Yes)",https://www.census.gov/hfp/btos/,T1
Louisiana,US state,2026-02-09,2026.11,16.0,"US Census Bureau BTOS (Q7, answer Yes)",https://www.census.gov/hfp/btos/,T1
Louisiana,US state,2026-02-23,2026.148,12.8,"US Census Bureau BTOS (Q7, answer Yes)",https://www.census.gov/hfp/btos/,T1
Louisiana,US state,2026-03-09,2026.186,12.7,"US Census Bureau BTOS (Q7, answer Yes)",https://www.census.gov/hfp/btos/,T1
Louisiana,US state,2026-03-23,2026.225,11.0,"US Census Bureau BTOS (Q7, answer Yes)",https://www.census.gov/hfp/btos/,T1
Louisiana,US state,2026-04-06,2026.263,9.8,"US Census Bureau BTOS (Q7, answer Yes)",https://www.census.gov/hfp/btos/,T1
Louisiana,US state,2026-04-20,2026.301,18.0,"US Census Bureau BTOS (Q7, answer Yes)",https://www.census.gov/hfp/btos/,T1
Louisiana,US state,2026-05-04,2026.339,16.2,"US Census Bureau BTOS (Q7, answer Yes)",https://www.census.gov/hfp/btos/,T1
Louisiana,US state,2026-05-18,2026.378,13.4,"US Census Bureau BTOS (Q7, answer Yes)",https://www.census.gov/hfp/btos/,T1
Louisiana,US state,2026-06-01,2026.416,16.9,"US Census Bureau BTOS (Q7, answer Yes)",https://www.census.gov/hfp/btos/,T1
Louisiana,US state,2026-06-15,2026.454,18.0,"US Census Bureau BTOS (Q7, answer Yes)",https://www.census.gov/hfp/btos/,T1
Massachusetts,US state,2023-09-11,2023.695,3.9,"US Census Bureau BTOS (Q7, answer Yes)",https://www.census.gov/hfp/btos/,T1
Massachusetts,US state,2023-09-25,2023.734,3.5,"US Census Bureau BTOS (Q7, answer Yes)",https://www.census.gov/hfp/btos/,T1
Massachusetts,US state,2023-10-09,2023.772,4.6,"US Census Bureau BTOS (Q7, answer Yes)",https://www.census.gov/hfp/btos/,T1
Massachusetts,US state,2023-10-23,2023.81,2.5,"US Census Bureau BTOS (Q7, answer Yes)",https://www.census.gov/hfp/btos/,T1
Massachusetts,US state,2023-11-06,2023.849,4.4,"US Census Bureau BTOS (Q7, answer Yes)",https://www.census.gov/hfp/btos/,T1
Massachusetts,US state,2023-11-20,2023.887,5.0,"US Census Bureau BTOS (Q7, answer Yes)",https://www.census.gov/hfp/btos/,T1
Massachusetts,US state,2023-12-04,2023.925,6.6,"US Census Bureau BTOS (Q7, answer Yes)",https://www.census.gov/hfp/btos/,T1
Massachusetts,US state,2023-12-18,2023.964,5.4,"US Census Bureau BTOS (Q7, answer Yes)",https://www.census.gov/hfp/btos/,T1
Massachusetts,US state,2024-01-01,2024.003,5.6,"US Census Bureau BTOS (Q7, answer Yes)",https://www.census.gov/hfp/btos/,T1
Massachusetts,US state,2024-01-15,2024.041,4.9,"US Census Bureau BTOS (Q7, answer Yes)",https://www.census.gov/hfp/btos/,T1
Massachusetts,US state,2024-01-29,2024.079,6.4,"US Census Bureau BTOS (Q7, answer Yes)",https://www.census.gov/hfp/btos/,T1
Massachusetts,US state,2024-02-12,2024.118,5.3,"US Census Bureau BTOS (Q7, answer Yes)",https://www.census.gov/hfp/btos/,T1
Massachusetts,US state,2024-02-26,2024.156,6.7,"US Census Bureau BTOS (Q7, answer Yes)",https://www.census.gov/hfp/btos/,T1
Massachusetts,US state,2024-03-11,2024.194,3.8,"US Census Bureau BTOS (Q7, answer Yes)",https://www.census.gov/hfp/btos/,T1
Massachusetts,US state,2024-03-25,2024.233,5.3,"US Census Bureau BTOS (Q7, answer Yes)",https://www.census.gov/hfp/btos/,T1
Massachusetts,US state,2024-04-08,2024.271,6.5,"US Census Bureau BTOS (Q7, answer Yes)",https://www.census.gov/hfp/btos/,T1
Massachusetts,US state,2024-04-22,2024.309,5.2,"US Census Bureau BTOS (Q7, answer Yes)",https://www.census.gov/hfp/btos/,T1
Massachusetts,US state,2024-05-06,2024.348,5.2,"US Census Bureau BTOS (Q7, answer Yes)",https://www.census.gov/hfp/btos/,T1
Massachusetts,US state,2024-05-20,2024.386,5.5,"US Census Bureau BTOS (Q7, answer Yes)",https://www.census.gov/hfp/btos/,T1
Massachusetts,US state,2024-06-03,2024.424,3.6,"US Census Bureau BTOS (Q7, answer Yes)",https://www.census.gov/hfp/btos/,T1
Massachusetts,US state,2024-06-17,2024.463,6.2,"US Census Bureau BTOS (Q7, answer Yes)",https://www.census.gov/hfp/btos/,T1
Massachusetts,US state,2024-07-01,2024.501,5.7,"US Census Bureau BTOS (Q7, answer Yes)",https://www.census.gov/hfp/btos/,T1
Massachusetts,US state,2024-07-15,2024.539,5.5,"US Census Bureau BTOS (Q7, answer Yes)",https://www.census.gov/hfp/btos/,T1
Massachusetts,US state,2024-07-29,2024.578,5.9,"US Census Bureau BTOS (Q7, answer Yes)",https://www.census.gov/hfp/btos/,T1
Massachusetts,US state,2024-08-12,2024.616,4.7,"US Census Bureau BTOS (Q7, answer Yes)",https://www.census.gov/hfp/btos/,T1
Massachusetts,US state,2024-08-26,2024.654,6.2,"US Census Bureau BTOS (Q7, answer Yes)",https://www.census.gov/hfp/btos/,T1
Massachusetts,US state,2024-09-09,2024.693,5.7,"US Census Bureau BTOS (Q7, answer Yes)",https://www.census.gov/hfp/btos/,T1
Massachusetts,US state,2024-09-23,2024.731,6.1,"US Census Bureau BTOS (Q7, answer Yes)",https://www.census.gov/hfp/btos/,T1
Massachusetts,US state,2024-10-07,2024.769,7.6,"US Census Bureau BTOS (Q7, answer Yes)",https://www.census.gov/hfp/btos/,T1
Massachusetts,US state,2024-10-21,2024.808,5.5,"US Census Bureau BTOS (Q7, answer Yes)",https://www.census.gov/hfp/btos/,T1
Massachusetts,US state,2024-11-04,2024.846,5.6,"US Census Bureau BTOS (Q7, answer Yes)",https://www.census.gov/hfp/btos/,T1
Massachusetts,US state,2024-11-18,2024.884,6.0,"US Census Bureau BTOS (Q7, answer Yes)",https://www.census.gov/hfp/btos/,T1
Massachusetts,US state,2024-12-02,2024.923,6.6,"US Census Bureau BTOS (Q7, answer Yes)",https://www.census.gov/hfp/btos/,T1
Massachusetts,US state,2024-12-16,2024.961,8.1,"US Census Bureau BTOS (Q7, answer Yes)",https://www.census.gov/hfp/btos/,T1
Massachusetts,US state,2024-12-30,2024.999,7.3,"US Census Bureau BTOS (Q7, answer Yes)",https://www.census.gov/hfp/btos/,T1
Massachusetts,US state,2025-01-13,2025.036,6.6,"US Census Bureau BTOS (Q7, answer Yes)",https://www.census.gov/hfp/btos/,T1
Massachusetts,US state,2025-01-27,2025.074,7.2,"US Census Bureau BTOS (Q7, answer Yes)",https://www.census.gov/hfp/btos/,T1
Massachusetts,US state,2025-02-10,2025.112,8.8,"US Census Bureau BTOS (Q7, answer Yes)",https://www.census.gov/hfp/btos/,T1
Massachusetts,US state,2025-02-24,2025.151,8.8,"US Census Bureau BTOS (Q7, answer Yes)",https://www.census.gov/hfp/btos/,T1
Massachusetts,US state,2025-03-10,2025.189,7.7,"US Census Bureau BTOS (Q7, answer Yes)",https://www.census.gov/hfp/btos/,T1
Massachusetts,US state,2025-03-24,2025.227,9.9,"US Census Bureau BTOS (Q7, answer Yes)",https://www.census.gov/hfp/btos/,T1
Massachusetts,US state,2025-04-07,2025.266,7.9,"US Census Bureau BTOS (Q7, answer Yes)",https://www.census.gov/hfp/btos/,T1
Massachusetts,US state,2025-04-21,2025.304,7.4,"US Census Bureau BTOS (Q7, answer Yes)",https://www.census.gov/hfp/btos/,T1
Massachusetts,US state,2025-05-05,2025.342,8.6,"US Census Bureau BTOS (Q7, answer Yes)",https://www.census.gov/hfp/btos/,T1
Massachusetts,US state,2025-05-19,2025.381,12.3,"US Census Bureau BTOS (Q7, answer Yes)",https://www.census.gov/hfp/btos/,T1
Massachusetts,US state,2025-06-02,2025.419,9.9,"US Census Bureau BTOS (Q7, answer Yes)",https://www.census.gov/hfp/btos/,T1
Massachusetts,US state,2025-06-16,2025.457,11.1,"US Census Bureau BTOS (Q7, answer Yes)",https://www.census.gov/hfp/btos/,T1
Massachusetts,US state,2025-06-30,2025.496,9.7,"US Census Bureau BTOS (Q7, answer Yes)",https://www.census.gov/hfp/btos/,T1
Massachusetts,US state,2025-07-14,2025.534,10.2,"US Census Bureau BTOS (Q7, answer Yes)",https://www.census.gov/hfp/btos/,T1
Massachusetts,US state,2025-07-28,2025.572,8.7,"US Census Bureau BTOS (Q7, answer Yes)",https://www.census.gov/hfp/btos/,T1
Massachusetts,US state,2025-08-11,2025.611,9.7,"US Census Bureau BTOS (Q7, answer Yes)",https://www.census.gov/hfp/btos/,T1
Massachusetts,US state,2025-08-25,2025.649,9.1,"US Census Bureau BTOS (Q7, answer Yes)",https://www.census.gov/hfp/btos/,T1
Massachusetts,US state,2025-09-08,2025.687,9.4,"US Census Bureau BTOS (Q7, answer Yes)",https://www.census.gov/hfp/btos/,T1
Massachusetts,US state,2025-09-22,2025.726,11.2,"US Census Bureau BTOS (Q7, answer Yes)",https://www.census.gov/hfp/btos/,T1
Massachusetts,US state,2025-11-17,2025.879,17.7,"US Census Bureau BTOS (Q7, answer Yes)",https://www.census.gov/hfp/btos/,T1
Massachusetts,US state,2025-12-01,2025.917,17.2,"US Census Bureau BTOS (Q7, answer Yes)",https://www.census.gov/hfp/btos/,T1
Massachusetts,US state,2025-12-15,2025.956,20.0,"US Census Bureau BTOS (Q7, answer Yes)",https://www.census.gov/hfp/btos/,T1
Massachusetts,US state,2025-12-29,2025.994,22.1,"US Census Bureau BTOS (Q7, answer Yes)",https://www.census.gov/hfp/btos/,T1
Massachusetts,US state,2026-01-12,2026.033,18.2,"US Census Bureau BTOS (Q7, answer Yes)",https://www.census.gov/hfp/btos/,T1
Massachusetts,US state,2026-01-26,2026.071,20.2,"US Census Bureau BTOS (Q7, answer Yes)",https://www.census.gov/hfp/btos/,T1
Massachusetts,US state,2026-02-09,2026.11,18.0,"US Census Bureau BTOS (Q7, answer Yes)",https://www.census.gov/hfp/btos/,T1
Massachusetts,US state,2026-02-23,2026.148,17.6,"US Census Bureau BTOS (Q7, answer Yes)",https://www.census.gov/hfp/btos/,T1
Massachusetts,US state,2026-03-09,2026.186,20.2,"US Census Bureau BTOS (Q7, answer Yes)",https://www.census.gov/hfp/btos/,T1
Massachusetts,US state,2026-03-23,2026.225,16.9,"US Census Bureau BTOS (Q7, answer Yes)",https://www.census.gov/hfp/btos/,T1
Massachusetts,US state,2026-04-06,2026.263,22.8,"US Census Bureau BTOS (Q7, answer Yes)",https://www.census.gov/hfp/btos/,T1
Massachusetts,US state,2026-04-20,2026.301,21.7,"US Census Bureau BTOS (Q7, answer Yes)",https://www.census.gov/hfp/btos/,T1
Massachusetts,US state,2026-05-04,2026.339,20.8,"US Census Bureau BTOS (Q7, answer Yes)",https://www.census.gov/hfp/btos/,T1
Massachusetts,US state,2026-05-18,2026.378,19.9,"US Census Bureau BTOS (Q7, answer Yes)",https://www.census.gov/hfp/btos/,T1
Massachusetts,US state,2026-06-01,2026.416,25.4,"US Census Bureau BTOS (Q7, answer Yes)",https://www.census.gov/hfp/btos/,T1
Massachusetts,US state,2026-06-15,2026.454,21.6,"US Census Bureau BTOS (Q7, answer Yes)",https://www.census.gov/hfp/btos/,T1
Maryland,US state,2023-09-11,2023.695,3.4,"US Census Bureau BTOS (Q7, answer Yes)",https://www.census.gov/hfp/btos/,T1
Maryland,US state,2023-09-25,2023.734,3.7,"US Census Bureau BTOS (Q7, answer Yes)",https://www.census.gov/hfp/btos/,T1
Maryland,US state,2023-10-09,2023.772,4.7,"US Census Bureau BTOS (Q7, answer Yes)",https://www.census.gov/hfp/btos/,T1
Maryland,US state,2023-10-23,2023.81,4.0,"US Census Bureau BTOS (Q7, answer Yes)",https://www.census.gov/hfp/btos/,T1
Maryland,US state,2023-11-06,2023.849,4.5,"US Census Bureau BTOS (Q7, answer Yes)",https://www.census.gov/hfp/btos/,T1
Maryland,US state,2023-11-20,2023.887,4.7,"US Census Bureau BTOS (Q7, answer Yes)",https://www.census.gov/hfp/btos/,T1
Maryland,US state,2023-12-04,2023.925,4.7,"US Census Bureau BTOS (Q7, answer Yes)",https://www.census.gov/hfp/btos/,T1
Maryland,US state,2023-12-18,2023.964,5.9,"US Census Bureau BTOS (Q7, answer Yes)",https://www.census.gov/hfp/btos/,T1
Maryland,US state,2024-01-01,2024.003,5.5,"US Census Bureau BTOS (Q7, answer Yes)",https://www.census.gov/hfp/btos/,T1
Maryland,US state,2024-01-15,2024.041,5.7,"US Census Bureau BTOS (Q7, answer Yes)",https://www.census.gov/hfp/btos/,T1
Maryland,US state,2024-01-29,2024.079,5.2,"US Census Bureau BTOS (Q7, answer Yes)",https://www.census.gov/hfp/btos/,T1
Maryland,US state,2024-02-12,2024.118,7.1,"US Census Bureau BTOS (Q7, answer Yes)",https://www.census.gov/hfp/btos/,T1
Maryland,US state,2024-02-26,2024.156,4.3,"US Census Bureau BTOS (Q7, answer Yes)",https://www.census.gov/hfp/btos/,T1
Maryland,US state,2024-03-11,2024.194,7.5,"US Census Bureau BTOS (Q7, answer Yes)",https://www.census.gov/hfp/btos/,T1
Maryland,US state,2024-03-25,2024.233,5.0,"US Census Bureau BTOS (Q7, answer Yes)",https://www.census.gov/hfp/btos/,T1
Maryland,US state,2024-04-08,2024.271,3.6,"US Census Bureau BTOS (Q7, answer Yes)",https://www.census.gov/hfp/btos/,T1
Maryland,US state,2024-04-22,2024.309,4.5,"US Census Bureau BTOS (Q7, answer Yes)",https://www.census.gov/hfp/btos/,T1
Maryland,US state,2024-05-06,2024.348,4.2,"US Census Bureau BTOS (Q7, answer Yes)",https://www.census.gov/hfp/btos/,T1
Maryland,US state,2024-05-20,2024.386,4.9,"US Census Bureau BTOS (Q7, answer Yes)",https://www.census.gov/hfp/btos/,T1
Maryland,US state,2024-06-03,2024.424,5.9,"US Census Bureau BTOS (Q7, answer Yes)",https://www.census.gov/hfp/btos/,T1
Maryland,US state,2024-06-17,2024.463,5.3,"US Census Bureau BTOS (Q7, answer Yes)",https://www.census.gov/hfp/btos/,T1
Maryland,US state,2024-07-01,2024.501,5.1,"US Census Bureau BTOS (Q7, answer Yes)",https://www.census.gov/hfp/btos/,T1
Maryland,US state,2024-07-15,2024.539,6.8,"US Census Bureau BTOS (Q7, answer Yes)",https://www.census.gov/hfp/btos/,T1
Maryland,US state,2024-07-29,2024.578,6.5,"US Census Bureau BTOS (Q7, answer Yes)",https://www.census.gov/hfp/btos/,T1
Maryland,US state,2024-08-12,2024.616,4.2,"US Census Bureau BTOS (Q7, answer Yes)",https://www.census.gov/hfp/btos/,T1
Maryland,US state,2024-08-26,2024.654,7.3,"US Census Bureau BTOS (Q7, answer Yes)",https://www.census.gov/hfp/btos/,T1
Maryland,US state,2024-09-09,2024.693,7.2,"US Census Bureau BTOS (Q7, answer Yes)",https://www.census.gov/hfp/btos/,T1
Maryland,US state,2024-09-23,2024.731,6.0,"US Census Bureau BTOS (Q7, answer Yes)",https://www.census.gov/hfp/btos/,T1
Maryland,US state,2024-10-07,2024.769,6.5,"US Census Bureau BTOS (Q7, answer Yes)",https://www.census.gov/hfp/btos/,T1
Maryland,US state,2024-10-21,2024.808,8.3,"US Census Bureau BTOS (Q7, answer Yes)",https://www.census.gov/hfp/btos/,T1
Maryland,US state,2024-11-04,2024.846,5.9,"US Census Bureau BTOS (Q7, answer Yes)",https://www.census.gov/hfp/btos/,T1
Maryland,US state,2024-11-18,2024.884,9.8,"US Census Bureau BTOS (Q7, answer Yes)",https://www.census.gov/hfp/btos/,T1
Maryland,US state,2024-12-02,2024.923,5.2,"US Census Bureau BTOS (Q7, answer Yes)",https://www.census.gov/hfp/btos/,T1
Maryland,US state,2024-12-16,2024.961,8.4,"US Census Bureau BTOS (Q7, answer Yes)",https://www.census.gov/hfp/btos/,T1
Maryland,US state,2024-12-30,2024.999,6.3,"US Census Bureau BTOS (Q7, answer Yes)",https://www.census.gov/hfp/btos/,T1
Maryland,US state,2025-01-13,2025.036,9.1,"US Census Bureau BTOS (Q7, answer Yes)",https://www.census.gov/hfp/btos/,T1
Maryland,US state,2025-01-27,2025.074,5.6,"US Census Bureau BTOS (Q7, answer Yes)",https://www.census.gov/hfp/btos/,T1
Maryland,US state,2025-02-10,2025.112,8.8,"US Census Bureau BTOS (Q7, answer Yes)",https://www.census.gov/hfp/btos/,T1
Maryland,US state,2025-02-24,2025.151,9.9,"US Census Bureau BTOS (Q7, answer Yes)",https://www.census.gov/hfp/btos/,T1
Maryland,US state,2025-03-10,2025.189,8.9,"US Census Bureau BTOS (Q7, answer Yes)",https://www.census.gov/hfp/btos/,T1
Maryland,US state,2025-03-24,2025.227,7.2,"US Census Bureau BTOS (Q7, answer Yes)",https://www.census.gov/hfp/btos/,T1
Maryland,US state,2025-04-07,2025.266,8.3,"US Census Bureau BTOS (Q7, answer Yes)",https://www.census.gov/hfp/btos/,T1
Maryland,US state,2025-04-21,2025.304,8.0,"US Census Bureau BTOS (Q7, answer Yes)",https://www.census.gov/hfp/btos/,T1
Maryland,US state,2025-05-05,2025.342,9.5,"US Census Bureau BTOS (Q7, answer Yes)",https://www.census.gov/hfp/btos/,T1
Maryland,US state,2025-05-19,2025.381,10.8,"US Census Bureau BTOS (Q7, answer Yes)",https://www.census.gov/hfp/btos/,T1
Maryland,US state,2025-06-02,2025.419,11.4,"US Census Bureau BTOS (Q7, answer Yes)",https://www.census.gov/hfp/btos/,T1
Maryland,US state,2025-06-16,2025.457,9.3,"US Census Bureau BTOS (Q7, answer Yes)",https://www.census.gov/hfp/btos/,T1
Maryland,US state,2025-06-30,2025.496,10.8,"US Census Bureau BTOS (Q7, answer Yes)",https://www.census.gov/hfp/btos/,T1
Maryland,US state,2025-07-14,2025.534,11.2,"US Census Bureau BTOS (Q7, answer Yes)",https://www.census.gov/hfp/btos/,T1
Maryland,US state,2025-07-28,2025.572,9.7,"US Census Bureau BTOS (Q7, answer Yes)",https://www.census.gov/hfp/btos/,T1
Maryland,US state,2025-08-11,2025.611,12.5,"US Census Bureau BTOS (Q7, answer Yes)",https://www.census.gov/hfp/btos/,T1
Maryland,US state,2025-08-25,2025.649,9.5,"US Census Bureau BTOS (Q7, answer Yes)",https://www.census.gov/hfp/btos/,T1
Maryland,US state,2025-09-08,2025.687,9.0,"US Census Bureau BTOS (Q7, answer Yes)",https://www.census.gov/hfp/btos/,T1
Maryland,US state,2025-09-22,2025.726,12.5,"US Census Bureau BTOS (Q7, answer Yes)",https://www.census.gov/hfp/btos/,T1
Maryland,US state,2025-11-17,2025.879,21.2,"US Census Bureau BTOS (Q7, answer Yes)",https://www.census.gov/hfp/btos/,T1
Maryland,US state,2025-12-01,2025.917,17.5,"US Census Bureau BTOS (Q7, answer Yes)",https://www.census.gov/hfp/btos/,T1
Maryland,US state,2025-12-15,2025.956,20.6,"US Census Bureau BTOS (Q7, answer Yes)",https://www.census.gov/hfp/btos/,T1
Maryland,US state,2025-12-29,2025.994,19.2,"US Census Bureau BTOS (Q7, answer Yes)",https://www.census.gov/hfp/btos/,T1
Maryland,US state,2026-01-12,2026.033,19.5,"US Census Bureau BTOS (Q7, answer Yes)",https://www.census.gov/hfp/btos/,T1
Maryland,US state,2026-01-26,2026.071,21.3,"US Census Bureau BTOS (Q7, answer Yes)",https://www.census.gov/hfp/btos/,T1
Maryland,US state,2026-02-09,2026.11,21.3,"US Census Bureau BTOS (Q7, answer Yes)",https://www.census.gov/hfp/btos/,T1
Maryland,US state,2026-02-23,2026.148,18.6,"US Census Bureau BTOS (Q7, answer Yes)",https://www.census.gov/hfp/btos/,T1
Maryland,US state,2026-03-09,2026.186,24.4,"US Census Bureau BTOS (Q7, answer Yes)",https://www.census.gov/hfp/btos/,T1
Maryland,US state,2026-03-23,2026.225,16.6,"US Census Bureau BTOS (Q7, answer Yes)",https://www.census.gov/hfp/btos/,T1
Maryland,US state,2026-04-06,2026.263,20.0,"US Census Bureau BTOS (Q7, answer Yes)",https://www.census.gov/hfp/btos/,T1
Maryland,US state,2026-04-20,2026.301,21.3,"US Census Bureau BTOS (Q7, answer Yes)",https://www.census.gov/hfp/btos/,T1
Maryland,US state,2026-05-04,2026.339,22.0,"US Census Bureau BTOS (Q7, answer Yes)",https://www.census.gov/hfp/btos/,T1
Maryland,US state,2026-05-18,2026.378,22.8,"US Census Bureau BTOS (Q7, answer Yes)",https://www.census.gov/hfp/btos/,T1
Maryland,US state,2026-06-01,2026.416,23.4,"US Census Bureau BTOS (Q7, answer Yes)",https://www.census.gov/hfp/btos/,T1
Maryland,US state,2026-06-15,2026.454,24.6,"US Census Bureau BTOS (Q7, answer Yes)",https://www.census.gov/hfp/btos/,T1
Maine,US state,2024-10-07,2024.769,6.4,"US Census Bureau BTOS (Q7, answer Yes)",https://www.census.gov/hfp/btos/,T1
Maine,US state,2025-01-13,2025.036,5.7,"US Census Bureau BTOS (Q7, answer Yes)",https://www.census.gov/hfp/btos/,T1
Maine,US state,2025-03-10,2025.189,9.2,"US Census Bureau BTOS (Q7, answer Yes)",https://www.census.gov/hfp/btos/,T1
Maine,US state,2025-04-07,2025.266,6.2,"US Census Bureau BTOS (Q7, answer Yes)",https://www.census.gov/hfp/btos/,T1
Maine,US state,2025-05-19,2025.381,8.0,"US Census Bureau BTOS (Q7, answer Yes)",https://www.census.gov/hfp/btos/,T1
Maine,US state,2025-06-02,2025.419,7.2,"US Census Bureau BTOS (Q7, answer Yes)",https://www.census.gov/hfp/btos/,T1
Maine,US state,2025-06-30,2025.496,9.8,"US Census Bureau BTOS (Q7, answer Yes)",https://www.census.gov/hfp/btos/,T1
Maine,US state,2025-07-28,2025.572,6.9,"US Census Bureau BTOS (Q7, answer Yes)",https://www.census.gov/hfp/btos/,T1
Maine,US state,2025-08-11,2025.611,6.6,"US Census Bureau BTOS (Q7, answer Yes)",https://www.census.gov/hfp/btos/,T1
Maine,US state,2025-09-08,2025.687,7.6,"US Census Bureau BTOS (Q7, answer Yes)",https://www.census.gov/hfp/btos/,T1
Maine,US state,2025-09-22,2025.726,7.7,"US Census Bureau BTOS (Q7, answer Yes)",https://www.census.gov/hfp/btos/,T1
Maine,US state,2025-11-17,2025.879,11.4,"US Census Bureau BTOS (Q7, answer Yes)",https://www.census.gov/hfp/btos/,T1
Maine,US state,2025-12-01,2025.917,20.1,"US Census Bureau BTOS (Q7, answer Yes)",https://www.census.gov/hfp/btos/,T1
Maine,US state,2025-12-15,2025.956,17.8,"US Census Bureau BTOS (Q7, answer Yes)",https://www.census.gov/hfp/btos/,T1
Maine,US state,2025-12-29,2025.994,19.8,"US Census Bureau BTOS (Q7, answer Yes)",https://www.census.gov/hfp/btos/,T1
Maine,US state,2026-01-12,2026.033,13.4,"US Census Bureau BTOS (Q7, answer Yes)",https://www.census.gov/hfp/btos/,T1
Maine,US state,2026-01-26,2026.071,18.9,"US Census Bureau BTOS (Q7, answer Yes)",https://www.census.gov/hfp/btos/,T1
Maine,US state,2026-02-09,2026.11,13.2,"US Census Bureau BTOS (Q7, answer Yes)",https://www.census.gov/hfp/btos/,T1
Maine,US state,2026-02-23,2026.148,21.8,"US Census Bureau BTOS (Q7, answer Yes)",https://www.census.gov/hfp/btos/,T1
Maine,US state,2026-03-09,2026.186,17.9,"US Census Bureau BTOS (Q7, answer Yes)",https://www.census.gov/hfp/btos/,T1
Maine,US state,2026-03-23,2026.225,16.9,"US Census Bureau BTOS (Q7, answer Yes)",https://www.census.gov/hfp/btos/,T1
Maine,US state,2026-04-06,2026.263,17.7,"US Census Bureau BTOS (Q7, answer Yes)",https://www.census.gov/hfp/btos/,T1
Maine,US state,2026-04-20,2026.301,18.5,"US Census Bureau BTOS (Q7, answer Yes)",https://www.census.gov/hfp/btos/,T1
Maine,US state,2026-05-04,2026.339,13.9,"US Census Bureau BTOS (Q7, answer Yes)",https://www.census.gov/hfp/btos/,T1
Maine,US state,2026-05-18,2026.378,23.3,"US Census Bureau BTOS (Q7, answer Yes)",https://www.census.gov/hfp/btos/,T1
Maine,US state,2026-06-01,2026.416,19.2,"US Census Bureau BTOS (Q7, answer Yes)",https://www.census.gov/hfp/btos/,T1
Maine,US state,2026-06-15,2026.454,14.6,"US Census Bureau BTOS (Q7, answer Yes)",https://www.census.gov/hfp/btos/,T1
Michigan,US state,2023-09-11,2023.695,2.6,"US Census Bureau BTOS (Q7, answer Yes)",https://www.census.gov/hfp/btos/,T1
Michigan,US state,2023-09-25,2023.734,2.3,"US Census Bureau BTOS (Q7, answer Yes)",https://www.census.gov/hfp/btos/,T1
Michigan,US state,2023-10-09,2023.772,2.6,"US Census Bureau BTOS (Q7, answer Yes)",https://www.census.gov/hfp/btos/,T1
Michigan,US state,2023-10-23,2023.81,3.0,"US Census Bureau BTOS (Q7, answer Yes)",https://www.census.gov/hfp/btos/,T1
Michigan,US state,2023-11-06,2023.849,4.0,"US Census Bureau BTOS (Q7, answer Yes)",https://www.census.gov/hfp/btos/,T1
Michigan,US state,2023-11-20,2023.887,3.1,"US Census Bureau BTOS (Q7, answer Yes)",https://www.census.gov/hfp/btos/,T1
Michigan,US state,2023-12-04,2023.925,4.2,"US Census Bureau BTOS (Q7, answer Yes)",https://www.census.gov/hfp/btos/,T1
Michigan,US state,2023-12-18,2023.964,3.6,"US Census Bureau BTOS (Q7, answer Yes)",https://www.census.gov/hfp/btos/,T1
Michigan,US state,2024-01-01,2024.003,4.2,"US Census Bureau BTOS (Q7, answer Yes)",https://www.census.gov/hfp/btos/,T1
Michigan,US state,2024-01-15,2024.041,3.6,"US Census Bureau BTOS (Q7, answer Yes)",https://www.census.gov/hfp/btos/,T1
Michigan,US state,2024-01-29,2024.079,3.3,"US Census Bureau BTOS (Q7, answer Yes)",https://www.census.gov/hfp/btos/,T1
Michigan,US state,2024-02-12,2024.118,3.8,"US Census Bureau BTOS (Q7, answer Yes)",https://www.census.gov/hfp/btos/,T1
Michigan,US state,2024-02-26,2024.156,3.3,"US Census Bureau BTOS (Q7, answer Yes)",https://www.census.gov/hfp/btos/,T1
Michigan,US state,2024-03-11,2024.194,4.6,"US Census Bureau BTOS (Q7, answer Yes)",https://www.census.gov/hfp/btos/,T1
Michigan,US state,2024-03-25,2024.233,4.0,"US Census Bureau BTOS (Q7, answer Yes)",https://www.census.gov/hfp/btos/,T1
Michigan,US state,2024-04-08,2024.271,3.7,"US Census Bureau BTOS (Q7, answer Yes)",https://www.census.gov/hfp/btos/,T1
Michigan,US state,2024-04-22,2024.309,4.2,"US Census Bureau BTOS (Q7, answer Yes)",https://www.census.gov/hfp/btos/,T1
Michigan,US state,2024-05-06,2024.348,3.3,"US Census Bureau BTOS (Q7, answer Yes)",https://www.census.gov/hfp/btos/,T1
Michigan,US state,2024-05-20,2024.386,3.8,"US Census Bureau BTOS (Q7, answer Yes)",https://www.census.gov/hfp/btos/,T1
Michigan,US state,2024-06-03,2024.424,4.7,"US Census Bureau BTOS (Q7, answer Yes)",https://www.census.gov/hfp/btos/,T1
Michigan,US state,2024-06-17,2024.463,4.8,"US Census Bureau BTOS (Q7, answer Yes)",https://www.census.gov/hfp/btos/,T1
Michigan,US state,2024-07-01,2024.501,4.8,"US Census Bureau BTOS (Q7, answer Yes)",https://www.census.gov/hfp/btos/,T1
Michigan,US state,2024-07-15,2024.539,4.4,"US Census Bureau BTOS (Q7, answer Yes)",https://www.census.gov/hfp/btos/,T1
Michigan,US state,2024-07-29,2024.578,4.5,"US Census Bureau BTOS (Q7, answer Yes)",https://www.census.gov/hfp/btos/,T1
Michigan,US state,2024-08-12,2024.616,3.9,"US Census Bureau BTOS (Q7, answer Yes)",https://www.census.gov/hfp/btos/,T1
Michigan,US state,2024-08-26,2024.654,5.7,"US Census Bureau BTOS (Q7, answer Yes)",https://www.census.gov/hfp/btos/,T1
Michigan,US state,2024-09-09,2024.693,5.4,"US Census Bureau BTOS (Q7, answer Yes)",https://www.census.gov/hfp/btos/,T1
Michigan,US state,2024-09-23,2024.731,5.1,"US Census Bureau BTOS (Q7, answer Yes)",https://www.census.gov/hfp/btos/,T1
Michigan,US state,2024-10-07,2024.769,5.4,"US Census Bureau BTOS (Q7, answer Yes)",https://www.census.gov/hfp/btos/,T1
Michigan,US state,2024-10-21,2024.808,7.5,"US Census Bureau BTOS (Q7, answer Yes)",https://www.census.gov/hfp/btos/,T1
Michigan,US state,2024-11-04,2024.846,5.2,"US Census Bureau BTOS (Q7, answer Yes)",https://www.census.gov/hfp/btos/,T1
Michigan,US state,2024-11-18,2024.884,5.8,"US Census Bureau BTOS (Q7, answer Yes)",https://www.census.gov/hfp/btos/,T1
Michigan,US state,2024-12-02,2024.923,5.1,"US Census Bureau BTOS (Q7, answer Yes)",https://www.census.gov/hfp/btos/,T1
Michigan,US state,2024-12-16,2024.961,5.7,"US Census Bureau BTOS (Q7, answer Yes)",https://www.census.gov/hfp/btos/,T1
Michigan,US state,2024-12-30,2024.999,3.4,"US Census Bureau BTOS (Q7, answer Yes)",https://www.census.gov/hfp/btos/,T1
Michigan,US state,2025-01-13,2025.036,6.1,"US Census Bureau BTOS (Q7, answer Yes)",https://www.census.gov/hfp/btos/,T1
Michigan,US state,2025-01-27,2025.074,5.7,"US Census Bureau BTOS (Q7, answer Yes)",https://www.census.gov/hfp/btos/,T1
Michigan,US state,2025-02-10,2025.112,5.4,"US Census Bureau BTOS (Q7, answer Yes)",https://www.census.gov/hfp/btos/,T1
Michigan,US state,2025-02-24,2025.151,5.3,"US Census Bureau BTOS (Q7, answer Yes)",https://www.census.gov/hfp/btos/,T1
Michigan,US state,2025-03-10,2025.189,7.4,"US Census Bureau BTOS (Q7, answer Yes)",https://www.census.gov/hfp/btos/,T1
Michigan,US state,2025-03-24,2025.227,7.5,"US Census Bureau BTOS (Q7, answer Yes)",https://www.census.gov/hfp/btos/,T1
Michigan,US state,2025-04-07,2025.266,6.7,"US Census Bureau BTOS (Q7, answer Yes)",https://www.census.gov/hfp/btos/,T1
Michigan,US state,2025-04-21,2025.304,8.8,"US Census Bureau BTOS (Q7, answer Yes)",https://www.census.gov/hfp/btos/,T1
Michigan,US state,2025-05-05,2025.342,6.7,"US Census Bureau BTOS (Q7, answer Yes)",https://www.census.gov/hfp/btos/,T1
Michigan,US state,2025-05-19,2025.381,7.7,"US Census Bureau BTOS (Q7, answer Yes)",https://www.census.gov/hfp/btos/,T1
Michigan,US state,2025-06-02,2025.419,8.1,"US Census Bureau BTOS (Q7, answer Yes)",https://www.census.gov/hfp/btos/,T1
Michigan,US state,2025-06-16,2025.457,7.1,"US Census Bureau BTOS (Q7, answer Yes)",https://www.census.gov/hfp/btos/,T1
Michigan,US state,2025-06-30,2025.496,7.8,"US Census Bureau BTOS (Q7, answer Yes)",https://www.census.gov/hfp/btos/,T1
Michigan,US state,2025-07-14,2025.534,10.2,"US Census Bureau BTOS (Q7, answer Yes)",https://www.census.gov/hfp/btos/,T1
Michigan,US state,2025-07-28,2025.572,8.0,"US Census Bureau BTOS (Q7, answer Yes)",https://www.census.gov/hfp/btos/,T1
Michigan,US state,2025-08-11,2025.611,7.8,"US Census Bureau BTOS (Q7, answer Yes)",https://www.census.gov/hfp/btos/,T1
Michigan,US state,2025-08-25,2025.649,7.5,"US Census Bureau BTOS (Q7, answer Yes)",https://www.census.gov/hfp/btos/,T1
Michigan,US state,2025-09-08,2025.687,7.0,"US Census Bureau BTOS (Q7, answer Yes)",https://www.census.gov/hfp/btos/,T1
Michigan,US state,2025-09-22,2025.726,7.9,"US Census Bureau BTOS (Q7, answer Yes)",https://www.census.gov/hfp/btos/,T1
Michigan,US state,2025-11-17,2025.879,16.4,"US Census Bureau BTOS (Q7, answer Yes)",https://www.census.gov/hfp/btos/,T1
Michigan,US state,2025-12-01,2025.917,12.6,"US Census Bureau BTOS (Q7, answer Yes)",https://www.census.gov/hfp/btos/,T1
Michigan,US state,2025-12-15,2025.956,12.1,"US Census Bureau BTOS (Q7, answer Yes)",https://www.census.gov/hfp/btos/,T1
Michigan,US state,2025-12-29,2025.994,16.1,"US Census Bureau BTOS (Q7, answer Yes)",https://www.census.gov/hfp/btos/,T1
Michigan,US state,2026-01-12,2026.033,14.0,"US Census Bureau BTOS (Q7, answer Yes)",https://www.census.gov/hfp/btos/,T1
Michigan,US state,2026-01-26,2026.071,16.7,"US Census Bureau BTOS (Q7, answer Yes)",https://www.census.gov/hfp/btos/,T1
Michigan,US state,2026-02-09,2026.11,14.1,"US Census Bureau BTOS (Q7, answer Yes)",https://www.census.gov/hfp/btos/,T1
Michigan,US state,2026-02-23,2026.148,14.6,"US Census Bureau BTOS (Q7, answer Yes)",https://www.census.gov/hfp/btos/,T1
Michigan,US state,2026-03-09,2026.186,15.9,"US Census Bureau BTOS (Q7, answer Yes)",https://www.census.gov/hfp/btos/,T1
Michigan,US state,2026-03-23,2026.225,16.9,"US Census Bureau BTOS (Q7, answer Yes)",https://www.census.gov/hfp/btos/,T1
Michigan,US state,2026-04-06,2026.263,17.1,"US Census Bureau BTOS (Q7, answer Yes)",https://www.census.gov/hfp/btos/,T1
Michigan,US state,2026-04-20,2026.301,16.7,"US Census Bureau BTOS (Q7, answer Yes)",https://www.census.gov/hfp/btos/,T1
Michigan,US state,2026-05-04,2026.339,21.1,"US Census Bureau BTOS (Q7, answer Yes)",https://www.census.gov/hfp/btos/,T1
Michigan,US state,2026-05-18,2026.378,22.2,"US Census Bureau BTOS (Q7, answer Yes)",https://www.census.gov/hfp/btos/,T1
Michigan,US state,2026-06-01,2026.416,18.1,"US Census Bureau BTOS (Q7, answer Yes)",https://www.census.gov/hfp/btos/,T1
Michigan,US state,2026-06-15,2026.454,17.9,"US Census Bureau BTOS (Q7, answer Yes)",https://www.census.gov/hfp/btos/,T1
Minnesota,US state,2023-09-11,2023.695,5.2,"US Census Bureau BTOS (Q7, answer Yes)",https://www.census.gov/hfp/btos/,T1
Minnesota,US state,2023-09-25,2023.734,3.9,"US Census Bureau BTOS (Q7, answer Yes)",https://www.census.gov/hfp/btos/,T1
Minnesota,US state,2023-10-09,2023.772,2.7,"US Census Bureau BTOS (Q7, answer Yes)",https://www.census.gov/hfp/btos/,T1
Minnesota,US state,2023-10-23,2023.81,3.4,"US Census Bureau BTOS (Q7, answer Yes)",https://www.census.gov/hfp/btos/,T1
Minnesota,US state,2023-11-06,2023.849,5.4,"US Census Bureau BTOS (Q7, answer Yes)",https://www.census.gov/hfp/btos/,T1
Minnesota,US state,2023-11-20,2023.887,3.4,"US Census Bureau BTOS (Q7, answer Yes)",https://www.census.gov/hfp/btos/,T1
Minnesota,US state,2023-12-04,2023.925,4.9,"US Census Bureau BTOS (Q7, answer Yes)",https://www.census.gov/hfp/btos/,T1
Minnesota,US state,2023-12-18,2023.964,4.3,"US Census Bureau BTOS (Q7, answer Yes)",https://www.census.gov/hfp/btos/,T1
Minnesota,US state,2024-01-01,2024.003,4.6,"US Census Bureau BTOS (Q7, answer Yes)",https://www.census.gov/hfp/btos/,T1
Minnesota,US state,2024-01-15,2024.041,6.5,"US Census Bureau BTOS (Q7, answer Yes)",https://www.census.gov/hfp/btos/,T1
Minnesota,US state,2024-01-29,2024.079,5.6,"US Census Bureau BTOS (Q7, answer Yes)",https://www.census.gov/hfp/btos/,T1
Minnesota,US state,2024-02-12,2024.118,4.8,"US Census Bureau BTOS (Q7, answer Yes)",https://www.census.gov/hfp/btos/,T1
Minnesota,US state,2024-02-26,2024.156,3.4,"US Census Bureau BTOS (Q7, answer Yes)",https://www.census.gov/hfp/btos/,T1
Minnesota,US state,2024-03-11,2024.194,3.5,"US Census Bureau BTOS (Q7, answer Yes)",https://www.census.gov/hfp/btos/,T1
Minnesota,US state,2024-03-25,2024.233,4.6,"US Census Bureau BTOS (Q7, answer Yes)",https://www.census.gov/hfp/btos/,T1
Minnesota,US state,2024-04-08,2024.271,4.3,"US Census Bureau BTOS (Q7, answer Yes)",https://www.census.gov/hfp/btos/,T1
Minnesota,US state,2024-04-22,2024.309,5.4,"US Census Bureau BTOS (Q7, answer Yes)",https://www.census.gov/hfp/btos/,T1
Minnesota,US state,2024-05-06,2024.348,5.3,"US Census Bureau BTOS (Q7, answer Yes)",https://www.census.gov/hfp/btos/,T1
Minnesota,US state,2024-05-20,2024.386,5.2,"US Census Bureau BTOS (Q7, answer Yes)",https://www.census.gov/hfp/btos/,T1
Minnesota,US state,2024-06-03,2024.424,5.4,"US Census Bureau BTOS (Q7, answer Yes)",https://www.census.gov/hfp/btos/,T1
Minnesota,US state,2024-06-17,2024.463,5.0,"US Census Bureau BTOS (Q7, answer Yes)",https://www.census.gov/hfp/btos/,T1
Minnesota,US state,2024-07-01,2024.501,7.0,"US Census Bureau BTOS (Q7, answer Yes)",https://www.census.gov/hfp/btos/,T1
Minnesota,US state,2024-07-15,2024.539,5.1,"US Census Bureau BTOS (Q7, answer Yes)",https://www.census.gov/hfp/btos/,T1
Minnesota,US state,2024-07-29,2024.578,6.0,"US Census Bureau BTOS (Q7, answer Yes)",https://www.census.gov/hfp/btos/,T1
Minnesota,US state,2024-08-12,2024.616,6.5,"US Census Bureau BTOS (Q7, answer Yes)",https://www.census.gov/hfp/btos/,T1
Minnesota,US state,2024-08-26,2024.654,5.6,"US Census Bureau BTOS (Q7, answer Yes)",https://www.census.gov/hfp/btos/,T1
Minnesota,US state,2024-09-09,2024.693,6.6,"US Census Bureau BTOS (Q7, answer Yes)",https://www.census.gov/hfp/btos/,T1
Minnesota,US state,2024-09-23,2024.731,6.0,"US Census Bureau BTOS (Q7, answer Yes)",https://www.census.gov/hfp/btos/,T1
Minnesota,US state,2024-10-07,2024.769,4.4,"US Census Bureau BTOS (Q7, answer Yes)",https://www.census.gov/hfp/btos/,T1
Minnesota,US state,2024-10-21,2024.808,6.0,"US Census Bureau BTOS (Q7, answer Yes)",https://www.census.gov/hfp/btos/,T1
Minnesota,US state,2024-11-04,2024.846,10.4,"US Census Bureau BTOS (Q7, answer Yes)",https://www.census.gov/hfp/btos/,T1
Minnesota,US state,2024-11-18,2024.884,8.3,"US Census Bureau BTOS (Q7, answer Yes)",https://www.census.gov/hfp/btos/,T1
Minnesota,US state,2024-12-02,2024.923,7.8,"US Census Bureau BTOS (Q7, answer Yes)",https://www.census.gov/hfp/btos/,T1
Minnesota,US state,2024-12-16,2024.961,7.1,"US Census Bureau BTOS (Q7, answer Yes)",https://www.census.gov/hfp/btos/,T1
Minnesota,US state,2024-12-30,2024.999,6.6,"US Census Bureau BTOS (Q7, answer Yes)",https://www.census.gov/hfp/btos/,T1
Minnesota,US state,2025-01-13,2025.036,7.1,"US Census Bureau BTOS (Q7, answer Yes)",https://www.census.gov/hfp/btos/,T1
Minnesota,US state,2025-01-27,2025.074,7.6,"US Census Bureau BTOS (Q7, answer Yes)",https://www.census.gov/hfp/btos/,T1
Minnesota,US state,2025-02-10,2025.112,8.4,"US Census Bureau BTOS (Q7, answer Yes)",https://www.census.gov/hfp/btos/,T1
Minnesota,US state,2025-02-24,2025.151,10.4,"US Census Bureau BTOS (Q7, answer Yes)",https://www.census.gov/hfp/btos/,T1
Minnesota,US state,2025-03-10,2025.189,7.5,"US Census Bureau BTOS (Q7, answer Yes)",https://www.census.gov/hfp/btos/,T1
Minnesota,US state,2025-03-24,2025.227,7.1,"US Census Bureau BTOS (Q7, answer Yes)",https://www.census.gov/hfp/btos/,T1
Minnesota,US state,2025-04-07,2025.266,8.9,"US Census Bureau BTOS (Q7, answer Yes)",https://www.census.gov/hfp/btos/,T1
Minnesota,US state,2025-04-21,2025.304,9.9,"US Census Bureau BTOS (Q7, answer Yes)",https://www.census.gov/hfp/btos/,T1
Minnesota,US state,2025-05-05,2025.342,11.9,"US Census Bureau BTOS (Q7, answer Yes)",https://www.census.gov/hfp/btos/,T1
Minnesota,US state,2025-05-19,2025.381,11.8,"US Census Bureau BTOS (Q7, answer Yes)",https://www.census.gov/hfp/btos/,T1
Minnesota,US state,2025-06-02,2025.419,10.8,"US Census Bureau BTOS (Q7, answer Yes)",https://www.census.gov/hfp/btos/,T1
Minnesota,US state,2025-06-16,2025.457,9.9,"US Census Bureau BTOS (Q7, answer Yes)",https://www.census.gov/hfp/btos/,T1
Minnesota,US state,2025-06-30,2025.496,11.3,"US Census Bureau BTOS (Q7, answer Yes)",https://www.census.gov/hfp/btos/,T1
Minnesota,US state,2025-07-14,2025.534,9.5,"US Census Bureau BTOS (Q7, answer Yes)",https://www.census.gov/hfp/btos/,T1
Minnesota,US state,2025-07-28,2025.572,8.9,"US Census Bureau BTOS (Q7, answer Yes)",https://www.census.gov/hfp/btos/,T1
Minnesota,US state,2025-08-11,2025.611,10.5,"US Census Bureau BTOS (Q7, answer Yes)",https://www.census.gov/hfp/btos/,T1
Minnesota,US state,2025-08-25,2025.649,10.2,"US Census Bureau BTOS (Q7, answer Yes)",https://www.census.gov/hfp/btos/,T1
Minnesota,US state,2025-09-08,2025.687,9.7,"US Census Bureau BTOS (Q7, answer Yes)",https://www.census.gov/hfp/btos/,T1
Minnesota,US state,2025-09-22,2025.726,11.1,"US Census Bureau BTOS (Q7, answer Yes)",https://www.census.gov/hfp/btos/,T1
Minnesota,US state,2025-11-17,2025.879,19.1,"US Census Bureau BTOS (Q7, answer Yes)",https://www.census.gov/hfp/btos/,T1
Minnesota,US state,2025-12-01,2025.917,18.2,"US Census Bureau BTOS (Q7, answer Yes)",https://www.census.gov/hfp/btos/,T1
Minnesota,US state,2025-12-15,2025.956,18.5,"US Census Bureau BTOS (Q7, answer Yes)",https://www.census.gov/hfp/btos/,T1
Minnesota,US state,2025-12-29,2025.994,22.9,"US Census Bureau BTOS (Q7, answer Yes)",https://www.census.gov/hfp/btos/,T1
Minnesota,US state,2026-01-12,2026.033,16.8,"US Census Bureau BTOS (Q7, answer Yes)",https://www.census.gov/hfp/btos/,T1
Minnesota,US state,2026-01-26,2026.071,22.8,"US Census Bureau BTOS (Q7, answer Yes)",https://www.census.gov/hfp/btos/,T1
Minnesota,US state,2026-02-09,2026.11,15.2,"US Census Bureau BTOS (Q7, answer Yes)",https://www.census.gov/hfp/btos/,T1
Minnesota,US state,2026-02-23,2026.148,20.5,"US Census Bureau BTOS (Q7, answer Yes)",https://www.census.gov/hfp/btos/,T1
Minnesota,US state,2026-03-09,2026.186,20.5,"US Census Bureau BTOS (Q7, answer Yes)",https://www.census.gov/hfp/btos/,T1
Minnesota,US state,2026-03-23,2026.225,24.3,"US Census Bureau BTOS (Q7, answer Yes)",https://www.census.gov/hfp/btos/,T1
Minnesota,US state,2026-04-06,2026.263,17.4,"US Census Bureau BTOS (Q7, answer Yes)",https://www.census.gov/hfp/btos/,T1
Minnesota,US state,2026-04-20,2026.301,20.2,"US Census Bureau BTOS (Q7, answer Yes)",https://www.census.gov/hfp/btos/,T1
Minnesota,US state,2026-05-04,2026.339,20.0,"US Census Bureau BTOS (Q7, answer Yes)",https://www.census.gov/hfp/btos/,T1
Minnesota,US state,2026-05-18,2026.378,22.8,"US Census Bureau BTOS (Q7, answer Yes)",https://www.census.gov/hfp/btos/,T1
Minnesota,US state,2026-06-01,2026.416,24.1,"US Census Bureau BTOS (Q7, answer Yes)",https://www.census.gov/hfp/btos/,T1
Minnesota,US state,2026-06-15,2026.454,22.1,"US Census Bureau BTOS (Q7, answer Yes)",https://www.census.gov/hfp/btos/,T1
Missouri,US state,2023-09-11,2023.695,3.1,"US Census Bureau BTOS (Q7, answer Yes)",https://www.census.gov/hfp/btos/,T1
Missouri,US state,2023-09-25,2023.734,4.0,"US Census Bureau BTOS (Q7, answer Yes)",https://www.census.gov/hfp/btos/,T1
Missouri,US state,2023-10-09,2023.772,3.2,"US Census Bureau BTOS (Q7, answer Yes)",https://www.census.gov/hfp/btos/,T1
Missouri,US state,2023-10-23,2023.81,2.3,"US Census Bureau BTOS (Q7, answer Yes)",https://www.census.gov/hfp/btos/,T1
Missouri,US state,2023-11-06,2023.849,3.4,"US Census Bureau BTOS (Q7, answer Yes)",https://www.census.gov/hfp/btos/,T1
Missouri,US state,2023-11-20,2023.887,2.8,"US Census Bureau BTOS (Q7, answer Yes)",https://www.census.gov/hfp/btos/,T1
Missouri,US state,2023-12-04,2023.925,4.5,"US Census Bureau BTOS (Q7, answer Yes)",https://www.census.gov/hfp/btos/,T1
Missouri,US state,2023-12-18,2023.964,6.8,"US Census Bureau BTOS (Q7, answer Yes)",https://www.census.gov/hfp/btos/,T1
Missouri,US state,2024-01-01,2024.003,4.1,"US Census Bureau BTOS (Q7, answer Yes)",https://www.census.gov/hfp/btos/,T1
Missouri,US state,2024-01-15,2024.041,4.6,"US Census Bureau BTOS (Q7, answer Yes)",https://www.census.gov/hfp/btos/,T1
Missouri,US state,2024-01-29,2024.079,4.4,"US Census Bureau BTOS (Q7, answer Yes)",https://www.census.gov/hfp/btos/,T1
Missouri,US state,2024-02-12,2024.118,4.0,"US Census Bureau BTOS (Q7, answer Yes)",https://www.census.gov/hfp/btos/,T1
Missouri,US state,2024-02-26,2024.156,2.0,"US Census Bureau BTOS (Q7, answer Yes)",https://www.census.gov/hfp/btos/,T1
Missouri,US state,2024-03-11,2024.194,4.9,"US Census Bureau BTOS (Q7, answer Yes)",https://www.census.gov/hfp/btos/,T1
Missouri,US state,2024-03-25,2024.233,4.1,"US Census Bureau BTOS (Q7, answer Yes)",https://www.census.gov/hfp/btos/,T1
Missouri,US state,2024-04-08,2024.271,4.2,"US Census Bureau BTOS (Q7, answer Yes)",https://www.census.gov/hfp/btos/,T1
Missouri,US state,2024-04-22,2024.309,3.9,"US Census Bureau BTOS (Q7, answer Yes)",https://www.census.gov/hfp/btos/,T1
Missouri,US state,2024-05-06,2024.348,4.6,"US Census Bureau BTOS (Q7, answer Yes)",https://www.census.gov/hfp/btos/,T1
Missouri,US state,2024-05-20,2024.386,4.2,"US Census Bureau BTOS (Q7, answer Yes)",https://www.census.gov/hfp/btos/,T1
Missouri,US state,2024-06-03,2024.424,4.8,"US Census Bureau BTOS (Q7, answer Yes)",https://www.census.gov/hfp/btos/,T1
Missouri,US state,2024-06-17,2024.463,2.8,"US Census Bureau BTOS (Q7, answer Yes)",https://www.census.gov/hfp/btos/,T1
Missouri,US state,2024-07-15,2024.539,3.9,"US Census Bureau BTOS (Q7, answer Yes)",https://www.census.gov/hfp/btos/,T1
Missouri,US state,2024-07-29,2024.578,5.6,"US Census Bureau BTOS (Q7, answer Yes)",https://www.census.gov/hfp/btos/,T1
Missouri,US state,2024-08-12,2024.616,5.4,"US Census Bureau BTOS (Q7, answer Yes)",https://www.census.gov/hfp/btos/,T1
Missouri,US state,2024-08-26,2024.654,6.1,"US Census Bureau BTOS (Q7, answer Yes)",https://www.census.gov/hfp/btos/,T1
Missouri,US state,2024-09-09,2024.693,4.6,"US Census Bureau BTOS (Q7, answer Yes)",https://www.census.gov/hfp/btos/,T1
Missouri,US state,2024-09-23,2024.731,4.6,"US Census Bureau BTOS (Q7, answer Yes)",https://www.census.gov/hfp/btos/,T1
Missouri,US state,2024-10-07,2024.769,4.1,"US Census Bureau BTOS (Q7, answer Yes)",https://www.census.gov/hfp/btos/,T1
Missouri,US state,2024-10-21,2024.808,4.6,"US Census Bureau BTOS (Q7, answer Yes)",https://www.census.gov/hfp/btos/,T1
Missouri,US state,2024-11-04,2024.846,5.0,"US Census Bureau BTOS (Q7, answer Yes)",https://www.census.gov/hfp/btos/,T1
Missouri,US state,2024-11-18,2024.884,5.4,"US Census Bureau BTOS (Q7, answer Yes)",https://www.census.gov/hfp/btos/,T1
Missouri,US state,2024-12-02,2024.923,4.9,"US Census Bureau BTOS (Q7, answer Yes)",https://www.census.gov/hfp/btos/,T1
Missouri,US state,2024-12-16,2024.961,3.6,"US Census Bureau BTOS (Q7, answer Yes)",https://www.census.gov/hfp/btos/,T1
Missouri,US state,2024-12-30,2024.999,5.8,"US Census Bureau BTOS (Q7, answer Yes)",https://www.census.gov/hfp/btos/,T1
Missouri,US state,2025-01-13,2025.036,5.7,"US Census Bureau BTOS (Q7, answer Yes)",https://www.census.gov/hfp/btos/,T1
Missouri,US state,2025-01-27,2025.074,5.2,"US Census Bureau BTOS (Q7, answer Yes)",https://www.census.gov/hfp/btos/,T1
Missouri,US state,2025-02-10,2025.112,6.4,"US Census Bureau BTOS (Q7, answer Yes)",https://www.census.gov/hfp/btos/,T1
Missouri,US state,2025-02-24,2025.151,6.3,"US Census Bureau BTOS (Q7, answer Yes)",https://www.census.gov/hfp/btos/,T1
Missouri,US state,2025-03-10,2025.189,5.7,"US Census Bureau BTOS (Q7, answer Yes)",https://www.census.gov/hfp/btos/,T1
Missouri,US state,2025-03-24,2025.227,6.4,"US Census Bureau BTOS (Q7, answer Yes)",https://www.census.gov/hfp/btos/,T1
Missouri,US state,2025-04-07,2025.266,7.8,"US Census Bureau BTOS (Q7, answer Yes)",https://www.census.gov/hfp/btos/,T1
Missouri,US state,2025-04-21,2025.304,5.5,"US Census Bureau BTOS (Q7, answer Yes)",https://www.census.gov/hfp/btos/,T1
Missouri,US state,2025-05-05,2025.342,6.9,"US Census Bureau BTOS (Q7, answer Yes)",https://www.census.gov/hfp/btos/,T1
Missouri,US state,2025-05-19,2025.381,8.3,"US Census Bureau BTOS (Q7, answer Yes)",https://www.census.gov/hfp/btos/,T1
Missouri,US state,2025-06-02,2025.419,8.9,"US Census Bureau BTOS (Q7, answer Yes)",https://www.census.gov/hfp/btos/,T1
Missouri,US state,2025-06-16,2025.457,6.8,"US Census Bureau BTOS (Q7, answer Yes)",https://www.census.gov/hfp/btos/,T1
Missouri,US state,2025-06-30,2025.496,10.5,"US Census Bureau BTOS (Q7, answer Yes)",https://www.census.gov/hfp/btos/,T1
Missouri,US state,2025-07-14,2025.534,7.0,"US Census Bureau BTOS (Q7, answer Yes)",https://www.census.gov/hfp/btos/,T1
Missouri,US state,2025-07-28,2025.572,8.4,"US Census Bureau BTOS (Q7, answer Yes)",https://www.census.gov/hfp/btos/,T1
Missouri,US state,2025-08-11,2025.611,7.1,"US Census Bureau BTOS (Q7, answer Yes)",https://www.census.gov/hfp/btos/,T1
Missouri,US state,2025-08-25,2025.649,6.7,"US Census Bureau BTOS (Q7, answer Yes)",https://www.census.gov/hfp/btos/,T1
Missouri,US state,2025-09-08,2025.687,7.4,"US Census Bureau BTOS (Q7, answer Yes)",https://www.census.gov/hfp/btos/,T1
Missouri,US state,2025-09-22,2025.726,8.4,"US Census Bureau BTOS (Q7, answer Yes)",https://www.census.gov/hfp/btos/,T1
Missouri,US state,2025-11-17,2025.879,18.6,"US Census Bureau BTOS (Q7, answer Yes)",https://www.census.gov/hfp/btos/,T1
Missouri,US state,2025-12-01,2025.917,17.9,"US Census Bureau BTOS (Q7, answer Yes)",https://www.census.gov/hfp/btos/,T1
Missouri,US state,2025-12-15,2025.956,18.5,"US Census Bureau BTOS (Q7, answer Yes)",https://www.census.gov/hfp/btos/,T1
Missouri,US state,2025-12-29,2025.994,19.6,"US Census Bureau BTOS (Q7, answer Yes)",https://www.census.gov/hfp/btos/,T1
Missouri,US state,2026-01-12,2026.033,16.1,"US Census Bureau BTOS (Q7, answer Yes)",https://www.census.gov/hfp/btos/,T1
Missouri,US state,2026-01-26,2026.071,18.4,"US Census Bureau BTOS (Q7, answer Yes)",https://www.census.gov/hfp/btos/,T1
Missouri,US state,2026-02-09,2026.11,15.0,"US Census Bureau BTOS (Q7, answer Yes)",https://www.census.gov/hfp/btos/,T1
Missouri,US state,2026-02-23,2026.148,18.5,"US Census Bureau BTOS (Q7, answer Yes)",https://www.census.gov/hfp/btos/,T1
Missouri,US state,2026-03-09,2026.186,17.2,"US Census Bureau BTOS (Q7, answer Yes)",https://www.census.gov/hfp/btos/,T1
Missouri,US state,2026-03-23,2026.225,25.6,"US Census Bureau BTOS (Q7, answer Yes)",https://www.census.gov/hfp/btos/,T1
Missouri,US state,2026-04-06,2026.263,17.6,"US Census Bureau BTOS (Q7, answer Yes)",https://www.census.gov/hfp/btos/,T1
Missouri,US state,2026-04-20,2026.301,20.1,"US Census Bureau BTOS (Q7, answer Yes)",https://www.census.gov/hfp/btos/,T1
Missouri,US state,2026-05-04,2026.339,18.6,"US Census Bureau BTOS (Q7, answer Yes)",https://www.census.gov/hfp/btos/,T1
Missouri,US state,2026-05-18,2026.378,23.0,"US Census Bureau BTOS (Q7, answer Yes)",https://www.census.gov/hfp/btos/,T1
Missouri,US state,2026-06-01,2026.416,15.6,"US Census Bureau BTOS (Q7, answer Yes)",https://www.census.gov/hfp/btos/,T1
Missouri,US state,2026-06-15,2026.454,25.9,"US Census Bureau BTOS (Q7, answer Yes)",https://www.census.gov/hfp/btos/,T1
Mississippi,US state,2025-02-24,2025.151,6.4,"US Census Bureau BTOS (Q7, answer Yes)",https://www.census.gov/hfp/btos/,T1
Mississippi,US state,2025-07-14,2025.534,6.7,"US Census Bureau BTOS (Q7, answer Yes)",https://www.census.gov/hfp/btos/,T1
Mississippi,US state,2025-08-11,2025.611,7.3,"US Census Bureau BTOS (Q7, answer Yes)",https://www.census.gov/hfp/btos/,T1
Mississippi,US state,2025-11-17,2025.879,11.6,"US Census Bureau BTOS (Q7, answer Yes)",https://www.census.gov/hfp/btos/,T1
Mississippi,US state,2025-12-01,2025.917,11.4,"US Census Bureau BTOS (Q7, answer Yes)",https://www.census.gov/hfp/btos/,T1
Mississippi,US state,2025-12-15,2025.956,8.7,"US Census Bureau BTOS (Q7, answer Yes)",https://www.census.gov/hfp/btos/,T1
Mississippi,US state,2025-12-29,2025.994,19.4,"US Census Bureau BTOS (Q7, answer Yes)",https://www.census.gov/hfp/btos/,T1
Mississippi,US state,2026-01-12,2026.033,10.9,"US Census Bureau BTOS (Q7, answer Yes)",https://www.census.gov/hfp/btos/,T1
Mississippi,US state,2026-01-26,2026.071,16.8,"US Census Bureau BTOS (Q7, answer Yes)",https://www.census.gov/hfp/btos/,T1
Mississippi,US state,2026-02-09,2026.11,13.6,"US Census Bureau BTOS (Q7, answer Yes)",https://www.census.gov/hfp/btos/,T1
Mississippi,US state,2026-02-23,2026.148,11.8,"US Census Bureau BTOS (Q7, answer Yes)",https://www.census.gov/hfp/btos/,T1
Mississippi,US state,2026-03-09,2026.186,13.8,"US Census Bureau BTOS (Q7, answer Yes)",https://www.census.gov/hfp/btos/,T1
Mississippi,US state,2026-03-23,2026.225,12.9,"US Census Bureau BTOS (Q7, answer Yes)",https://www.census.gov/hfp/btos/,T1
Mississippi,US state,2026-04-06,2026.263,15.2,"US Census Bureau BTOS (Q7, answer Yes)",https://www.census.gov/hfp/btos/,T1
Mississippi,US state,2026-04-20,2026.301,14.7,"US Census Bureau BTOS (Q7, answer Yes)",https://www.census.gov/hfp/btos/,T1
Mississippi,US state,2026-05-04,2026.339,17.1,"US Census Bureau BTOS (Q7, answer Yes)",https://www.census.gov/hfp/btos/,T1
Mississippi,US state,2026-06-01,2026.416,7.4,"US Census Bureau BTOS (Q7, answer Yes)",https://www.census.gov/hfp/btos/,T1
Mississippi,US state,2026-06-15,2026.454,15.8,"US Census Bureau BTOS (Q7, answer Yes)",https://www.census.gov/hfp/btos/,T1
Montana,US state,2023-11-06,2023.849,4.7,"US Census Bureau BTOS (Q7, answer Yes)",https://www.census.gov/hfp/btos/,T1
Montana,US state,2023-11-20,2023.887,4.6,"US Census Bureau BTOS (Q7, answer Yes)",https://www.census.gov/hfp/btos/,T1
Montana,US state,2024-01-15,2024.041,5.8,"US Census Bureau BTOS (Q7, answer Yes)",https://www.census.gov/hfp/btos/,T1
Montana,US state,2024-03-11,2024.194,6.3,"US Census Bureau BTOS (Q7, answer Yes)",https://www.census.gov/hfp/btos/,T1
Montana,US state,2024-03-25,2024.233,6.4,"US Census Bureau BTOS (Q7, answer Yes)",https://www.census.gov/hfp/btos/,T1
Montana,US state,2024-04-08,2024.271,3.5,"US Census Bureau BTOS (Q7, answer Yes)",https://www.census.gov/hfp/btos/,T1
Montana,US state,2024-08-12,2024.616,5.7,"US Census Bureau BTOS (Q7, answer Yes)",https://www.census.gov/hfp/btos/,T1
Montana,US state,2024-08-26,2024.654,7.4,"US Census Bureau BTOS (Q7, answer Yes)",https://www.census.gov/hfp/btos/,T1
Montana,US state,2024-09-09,2024.693,8.1,"US Census Bureau BTOS (Q7, answer Yes)",https://www.census.gov/hfp/btos/,T1
Montana,US state,2024-10-21,2024.808,5.8,"US Census Bureau BTOS (Q7, answer Yes)",https://www.census.gov/hfp/btos/,T1
Montana,US state,2025-01-13,2025.036,10.3,"US Census Bureau BTOS (Q7, answer Yes)",https://www.census.gov/hfp/btos/,T1
Montana,US state,2025-01-27,2025.074,6.1,"US Census Bureau BTOS (Q7, answer Yes)",https://www.census.gov/hfp/btos/,T1
Montana,US state,2025-02-24,2025.151,9.0,"US Census Bureau BTOS (Q7, answer Yes)",https://www.census.gov/hfp/btos/,T1
Montana,US state,2025-03-10,2025.189,7.9,"US Census Bureau BTOS (Q7, answer Yes)",https://www.census.gov/hfp/btos/,T1
Montana,US state,2025-03-24,2025.227,9.9,"US Census Bureau BTOS (Q7, answer Yes)",https://www.census.gov/hfp/btos/,T1
Montana,US state,2025-04-07,2025.266,6.3,"US Census Bureau BTOS (Q7, answer Yes)",https://www.census.gov/hfp/btos/,T1
Montana,US state,2025-04-21,2025.304,7.8,"US Census Bureau BTOS (Q7, answer Yes)",https://www.census.gov/hfp/btos/,T1
Montana,US state,2025-05-19,2025.381,14.4,"US Census Bureau BTOS (Q7, answer Yes)",https://www.census.gov/hfp/btos/,T1
Montana,US state,2025-06-02,2025.419,8.3,"US Census Bureau BTOS (Q7, answer Yes)",https://www.census.gov/hfp/btos/,T1
Montana,US state,2025-06-30,2025.496,7.0,"US Census Bureau BTOS (Q7, answer Yes)",https://www.census.gov/hfp/btos/,T1
Montana,US state,2025-07-14,2025.534,8.5,"US Census Bureau BTOS (Q7, answer Yes)",https://www.census.gov/hfp/btos/,T1
Montana,US state,2025-08-11,2025.611,7.4,"US Census Bureau BTOS (Q7, answer Yes)",https://www.census.gov/hfp/btos/,T1
Montana,US state,2025-09-08,2025.687,9.1,"US Census Bureau BTOS (Q7, answer Yes)",https://www.census.gov/hfp/btos/,T1
Montana,US state,2025-09-22,2025.726,7.7,"US Census Bureau BTOS (Q7, answer Yes)",https://www.census.gov/hfp/btos/,T1
Montana,US state,2025-11-17,2025.879,14.6,"US Census Bureau BTOS (Q7, answer Yes)",https://www.census.gov/hfp/btos/,T1
Montana,US state,2025-12-01,2025.917,21.3,"US Census Bureau BTOS (Q7, answer Yes)",https://www.census.gov/hfp/btos/,T1
Montana,US state,2025-12-15,2025.956,16.9,"US Census Bureau BTOS (Q7, answer Yes)",https://www.census.gov/hfp/btos/,T1
Montana,US state,2025-12-29,2025.994,17.2,"US Census Bureau BTOS (Q7, answer Yes)",https://www.census.gov/hfp/btos/,T1
Montana,US state,2026-01-12,2026.033,14.7,"US Census Bureau BTOS (Q7, answer Yes)",https://www.census.gov/hfp/btos/,T1
Montana,US state,2026-01-26,2026.071,19.0,"US Census Bureau BTOS (Q7, answer Yes)",https://www.census.gov/hfp/btos/,T1
Montana,US state,2026-02-09,2026.11,19.0,"US Census Bureau BTOS (Q7, answer Yes)",https://www.census.gov/hfp/btos/,T1
Montana,US state,2026-02-23,2026.148,20.4,"US Census Bureau BTOS (Q7, answer Yes)",https://www.census.gov/hfp/btos/,T1
Montana,US state,2026-03-09,2026.186,18.6,"US Census Bureau BTOS (Q7, answer Yes)",https://www.census.gov/hfp/btos/,T1
Montana,US state,2026-03-23,2026.225,18.9,"US Census Bureau BTOS (Q7, answer Yes)",https://www.census.gov/hfp/btos/,T1
Montana,US state,2026-04-06,2026.263,21.0,"US Census Bureau BTOS (Q7, answer Yes)",https://www.census.gov/hfp/btos/,T1
Montana,US state,2026-04-20,2026.301,17.5,"US Census Bureau BTOS (Q7, answer Yes)",https://www.census.gov/hfp/btos/,T1
Montana,US state,2026-05-04,2026.339,14.4,"US Census Bureau BTOS (Q7, answer Yes)",https://www.census.gov/hfp/btos/,T1
Montana,US state,2026-05-18,2026.378,17.8,"US Census Bureau BTOS (Q7, answer Yes)",https://www.census.gov/hfp/btos/,T1
Montana,US state,2026-06-01,2026.416,12.4,"US Census Bureau BTOS (Q7, answer Yes)",https://www.census.gov/hfp/btos/,T1
Montana,US state,2026-06-15,2026.454,27.0,"US Census Bureau BTOS (Q7, answer Yes)",https://www.census.gov/hfp/btos/,T1
North Carolina,US state,2023-09-11,2023.695,3.8,"US Census Bureau BTOS (Q7, answer Yes)",https://www.census.gov/hfp/btos/,T1
North Carolina,US state,2023-09-25,2023.734,3.5,"US Census Bureau BTOS (Q7, answer Yes)",https://www.census.gov/hfp/btos/,T1
North Carolina,US state,2023-10-09,2023.772,3.9,"US Census Bureau BTOS (Q7, answer Yes)",https://www.census.gov/hfp/btos/,T1
North Carolina,US state,2023-10-23,2023.81,4.3,"US Census Bureau BTOS (Q7, answer Yes)",https://www.census.gov/hfp/btos/,T1
North Carolina,US state,2023-11-06,2023.849,4.7,"US Census Bureau BTOS (Q7, answer Yes)",https://www.census.gov/hfp/btos/,T1
North Carolina,US state,2023-11-20,2023.887,4.3,"US Census Bureau BTOS (Q7, answer Yes)",https://www.census.gov/hfp/btos/,T1
North Carolina,US state,2023-12-04,2023.925,5.3,"US Census Bureau BTOS (Q7, answer Yes)",https://www.census.gov/hfp/btos/,T1
North Carolina,US state,2023-12-18,2023.964,5.6,"US Census Bureau BTOS (Q7, answer Yes)",https://www.census.gov/hfp/btos/,T1
North Carolina,US state,2024-01-01,2024.003,4.0,"US Census Bureau BTOS (Q7, answer Yes)",https://www.census.gov/hfp/btos/,T1
North Carolina,US state,2024-01-15,2024.041,5.4,"US Census Bureau BTOS (Q7, answer Yes)",https://www.census.gov/hfp/btos/,T1
North Carolina,US state,2024-01-29,2024.079,5.1,"US Census Bureau BTOS (Q7, answer Yes)",https://www.census.gov/hfp/btos/,T1
North Carolina,US state,2024-02-12,2024.118,5.4,"US Census Bureau BTOS (Q7, answer Yes)",https://www.census.gov/hfp/btos/,T1
North Carolina,US state,2024-02-26,2024.156,4.2,"US Census Bureau BTOS (Q7, answer Yes)",https://www.census.gov/hfp/btos/,T1
North Carolina,US state,2024-03-11,2024.194,5.4,"US Census Bureau BTOS (Q7, answer Yes)",https://www.census.gov/hfp/btos/,T1
North Carolina,US state,2024-03-25,2024.233,3.5,"US Census Bureau BTOS (Q7, answer Yes)",https://www.census.gov/hfp/btos/,T1
North Carolina,US state,2024-04-08,2024.271,4.8,"US Census Bureau BTOS (Q7, answer Yes)",https://www.census.gov/hfp/btos/,T1
North Carolina,US state,2024-04-22,2024.309,5.7,"US Census Bureau BTOS (Q7, answer Yes)",https://www.census.gov/hfp/btos/,T1
North Carolina,US state,2024-05-06,2024.348,5.1,"US Census Bureau BTOS (Q7, answer Yes)",https://www.census.gov/hfp/btos/,T1
North Carolina,US state,2024-05-20,2024.386,5.9,"US Census Bureau BTOS (Q7, answer Yes)",https://www.census.gov/hfp/btos/,T1
North Carolina,US state,2024-06-03,2024.424,4.7,"US Census Bureau BTOS (Q7, answer Yes)",https://www.census.gov/hfp/btos/,T1
North Carolina,US state,2024-06-17,2024.463,4.1,"US Census Bureau BTOS (Q7, answer Yes)",https://www.census.gov/hfp/btos/,T1
North Carolina,US state,2024-07-01,2024.501,3.4,"US Census Bureau BTOS (Q7, answer Yes)",https://www.census.gov/hfp/btos/,T1
North Carolina,US state,2024-07-15,2024.539,4.5,"US Census Bureau BTOS (Q7, answer Yes)",https://www.census.gov/hfp/btos/,T1
North Carolina,US state,2024-07-29,2024.578,3.9,"US Census Bureau BTOS (Q7, answer Yes)",https://www.census.gov/hfp/btos/,T1
North Carolina,US state,2024-08-12,2024.616,5.7,"US Census Bureau BTOS (Q7, answer Yes)",https://www.census.gov/hfp/btos/,T1
North Carolina,US state,2024-08-26,2024.654,6.4,"US Census Bureau BTOS (Q7, answer Yes)",https://www.census.gov/hfp/btos/,T1
North Carolina,US state,2024-09-09,2024.693,4.6,"US Census Bureau BTOS (Q7, answer Yes)",https://www.census.gov/hfp/btos/,T1
North Carolina,US state,2024-09-23,2024.731,4.8,"US Census Bureau BTOS (Q7, answer Yes)",https://www.census.gov/hfp/btos/,T1
North Carolina,US state,2024-10-07,2024.769,5.9,"US Census Bureau BTOS (Q7, answer Yes)",https://www.census.gov/hfp/btos/,T1
North Carolina,US state,2024-10-21,2024.808,5.1,"US Census Bureau BTOS (Q7, answer Yes)",https://www.census.gov/hfp/btos/,T1
North Carolina,US state,2024-11-04,2024.846,5.6,"US Census Bureau BTOS (Q7, answer Yes)",https://www.census.gov/hfp/btos/,T1
North Carolina,US state,2024-11-18,2024.884,5.8,"US Census Bureau BTOS (Q7, answer Yes)",https://www.census.gov/hfp/btos/,T1
North Carolina,US state,2024-12-02,2024.923,5.6,"US Census Bureau BTOS (Q7, answer Yes)",https://www.census.gov/hfp/btos/,T1
North Carolina,US state,2024-12-16,2024.961,5.4,"US Census Bureau BTOS (Q7, answer Yes)",https://www.census.gov/hfp/btos/,T1
North Carolina,US state,2024-12-30,2024.999,4.8,"US Census Bureau BTOS (Q7, answer Yes)",https://www.census.gov/hfp/btos/,T1
North Carolina,US state,2025-01-13,2025.036,5.8,"US Census Bureau BTOS (Q7, answer Yes)",https://www.census.gov/hfp/btos/,T1
North Carolina,US state,2025-01-27,2025.074,8.9,"US Census Bureau BTOS (Q7, answer Yes)",https://www.census.gov/hfp/btos/,T1
North Carolina,US state,2025-02-10,2025.112,7.1,"US Census Bureau BTOS (Q7, answer Yes)",https://www.census.gov/hfp/btos/,T1
North Carolina,US state,2025-02-24,2025.151,7.2,"US Census Bureau BTOS (Q7, answer Yes)",https://www.census.gov/hfp/btos/,T1
North Carolina,US state,2025-03-10,2025.189,8.0,"US Census Bureau BTOS (Q7, answer Yes)",https://www.census.gov/hfp/btos/,T1
North Carolina,US state,2025-03-24,2025.227,6.6,"US Census Bureau BTOS (Q7, answer Yes)",https://www.census.gov/hfp/btos/,T1
North Carolina,US state,2025-04-07,2025.266,7.7,"US Census Bureau BTOS (Q7, answer Yes)",https://www.census.gov/hfp/btos/,T1
North Carolina,US state,2025-04-21,2025.304,10.6,"US Census Bureau BTOS (Q7, answer Yes)",https://www.census.gov/hfp/btos/,T1
North Carolina,US state,2025-05-05,2025.342,8.6,"US Census Bureau BTOS (Q7, answer Yes)",https://www.census.gov/hfp/btos/,T1
North Carolina,US state,2025-05-19,2025.381,7.5,"US Census Bureau BTOS (Q7, answer Yes)",https://www.census.gov/hfp/btos/,T1
North Carolina,US state,2025-06-02,2025.419,10.9,"US Census Bureau BTOS (Q7, answer Yes)",https://www.census.gov/hfp/btos/,T1
North Carolina,US state,2025-06-16,2025.457,7.4,"US Census Bureau BTOS (Q7, answer Yes)",https://www.census.gov/hfp/btos/,T1
North Carolina,US state,2025-06-30,2025.496,10.7,"US Census Bureau BTOS (Q7, answer Yes)",https://www.census.gov/hfp/btos/,T1
North Carolina,US state,2025-07-14,2025.534,10.6,"US Census Bureau BTOS (Q7, answer Yes)",https://www.census.gov/hfp/btos/,T1
North Carolina,US state,2025-07-28,2025.572,9.3,"US Census Bureau BTOS (Q7, answer Yes)",https://www.census.gov/hfp/btos/,T1
North Carolina,US state,2025-08-11,2025.611,10.9,"US Census Bureau BTOS (Q7, answer Yes)",https://www.census.gov/hfp/btos/,T1
North Carolina,US state,2025-08-25,2025.649,9.3,"US Census Bureau BTOS (Q7, answer Yes)",https://www.census.gov/hfp/btos/,T1
North Carolina,US state,2025-09-08,2025.687,9.8,"US Census Bureau BTOS (Q7, answer Yes)",https://www.census.gov/hfp/btos/,T1
North Carolina,US state,2025-09-22,2025.726,11.1,"US Census Bureau BTOS (Q7, answer Yes)",https://www.census.gov/hfp/btos/,T1
North Carolina,US state,2025-11-17,2025.879,20.6,"US Census Bureau BTOS (Q7, answer Yes)",https://www.census.gov/hfp/btos/,T1
North Carolina,US state,2025-12-01,2025.917,19.9,"US Census Bureau BTOS (Q7, answer Yes)",https://www.census.gov/hfp/btos/,T1
North Carolina,US state,2025-12-15,2025.956,18.5,"US Census Bureau BTOS (Q7, answer Yes)",https://www.census.gov/hfp/btos/,T1
North Carolina,US state,2025-12-29,2025.994,17.6,"US Census Bureau BTOS (Q7, answer Yes)",https://www.census.gov/hfp/btos/,T1
North Carolina,US state,2026-01-12,2026.033,18.4,"US Census Bureau BTOS (Q7, answer Yes)",https://www.census.gov/hfp/btos/,T1
North Carolina,US state,2026-01-26,2026.071,18.6,"US Census Bureau BTOS (Q7, answer Yes)",https://www.census.gov/hfp/btos/,T1
North Carolina,US state,2026-02-09,2026.11,19.6,"US Census Bureau BTOS (Q7, answer Yes)",https://www.census.gov/hfp/btos/,T1
North Carolina,US state,2026-02-23,2026.148,18.1,"US Census Bureau BTOS (Q7, answer Yes)",https://www.census.gov/hfp/btos/,T1
North Carolina,US state,2026-03-09,2026.186,19.0,"US Census Bureau BTOS (Q7, answer Yes)",https://www.census.gov/hfp/btos/,T1
North Carolina,US state,2026-03-23,2026.225,20.2,"US Census Bureau BTOS (Q7, answer Yes)",https://www.census.gov/hfp/btos/,T1
North Carolina,US state,2026-04-06,2026.263,21.8,"US Census Bureau BTOS (Q7, answer Yes)",https://www.census.gov/hfp/btos/,T1
North Carolina,US state,2026-04-20,2026.301,22.3,"US Census Bureau BTOS (Q7, answer Yes)",https://www.census.gov/hfp/btos/,T1
North Carolina,US state,2026-05-04,2026.339,22.1,"US Census Bureau BTOS (Q7, answer Yes)",https://www.census.gov/hfp/btos/,T1
North Carolina,US state,2026-05-18,2026.378,22.7,"US Census Bureau BTOS (Q7, answer Yes)",https://www.census.gov/hfp/btos/,T1
North Carolina,US state,2026-06-01,2026.416,21.1,"US Census Bureau BTOS (Q7, answer Yes)",https://www.census.gov/hfp/btos/,T1
North Carolina,US state,2026-06-15,2026.454,23.7,"US Census Bureau BTOS (Q7, answer Yes)",https://www.census.gov/hfp/btos/,T1
North Dakota,US state,2025-12-01,2025.917,15.7,"US Census Bureau BTOS (Q7, answer Yes)",https://www.census.gov/hfp/btos/,T1
North Dakota,US state,2025-12-29,2025.994,10.5,"US Census Bureau BTOS (Q7, answer Yes)",https://www.census.gov/hfp/btos/,T1
North Dakota,US state,2026-02-23,2026.148,14.0,"US Census Bureau BTOS (Q7, answer Yes)",https://www.census.gov/hfp/btos/,T1
North Dakota,US state,2026-03-23,2026.225,16.7,"US Census Bureau BTOS (Q7, answer Yes)",https://www.census.gov/hfp/btos/,T1
North Dakota,US state,2026-05-18,2026.378,15.0,"US Census Bureau BTOS (Q7, answer Yes)",https://www.census.gov/hfp/btos/,T1
Nebraska,US state,2023-11-20,2023.887,5.7,"US Census Bureau BTOS (Q7, answer Yes)",https://www.census.gov/hfp/btos/,T1
Nebraska,US state,2024-02-12,2024.118,7.1,"US Census Bureau BTOS (Q7, answer Yes)",https://www.census.gov/hfp/btos/,T1
Nebraska,US state,2024-08-26,2024.654,5.0,"US Census Bureau BTOS (Q7, answer Yes)",https://www.census.gov/hfp/btos/,T1
Nebraska,US state,2024-09-09,2024.693,6.5,"US Census Bureau BTOS (Q7, answer Yes)",https://www.census.gov/hfp/btos/,T1
Nebraska,US state,2024-09-23,2024.731,4.1,"US Census Bureau BTOS (Q7, answer Yes)",https://www.census.gov/hfp/btos/,T1
Nebraska,US state,2024-10-07,2024.769,4.9,"US Census Bureau BTOS (Q7, answer Yes)",https://www.census.gov/hfp/btos/,T1
Nebraska,US state,2024-10-21,2024.808,5.4,"US Census Bureau BTOS (Q7, answer Yes)",https://www.census.gov/hfp/btos/,T1
Nebraska,US state,2024-12-02,2024.923,6.5,"US Census Bureau BTOS (Q7, answer Yes)",https://www.census.gov/hfp/btos/,T1
Nebraska,US state,2024-12-16,2024.961,5.1,"US Census Bureau BTOS (Q7, answer Yes)",https://www.census.gov/hfp/btos/,T1
Nebraska,US state,2024-12-30,2024.999,5.6,"US Census Bureau BTOS (Q7, answer Yes)",https://www.census.gov/hfp/btos/,T1
Nebraska,US state,2025-01-13,2025.036,5.5,"US Census Bureau BTOS (Q7, answer Yes)",https://www.census.gov/hfp/btos/,T1
Nebraska,US state,2025-01-27,2025.074,4.3,"US Census Bureau BTOS (Q7, answer Yes)",https://www.census.gov/hfp/btos/,T1
Nebraska,US state,2025-02-10,2025.112,5.6,"US Census Bureau BTOS (Q7, answer Yes)",https://www.census.gov/hfp/btos/,T1
Nebraska,US state,2025-02-24,2025.151,6.9,"US Census Bureau BTOS (Q7, answer Yes)",https://www.census.gov/hfp/btos/,T1
Nebraska,US state,2025-03-10,2025.189,5.3,"US Census Bureau BTOS (Q7, answer Yes)",https://www.census.gov/hfp/btos/,T1
Nebraska,US state,2025-03-24,2025.227,8.1,"US Census Bureau BTOS (Q7, answer Yes)",https://www.census.gov/hfp/btos/,T1
Nebraska,US state,2025-04-07,2025.266,11.2,"US Census Bureau BTOS (Q7, answer Yes)",https://www.census.gov/hfp/btos/,T1
Nebraska,US state,2025-04-21,2025.304,7.8,"US Census Bureau BTOS (Q7, answer Yes)",https://www.census.gov/hfp/btos/,T1
Nebraska,US state,2025-05-05,2025.342,7.3,"US Census Bureau BTOS (Q7, answer Yes)",https://www.census.gov/hfp/btos/,T1
Nebraska,US state,2025-05-19,2025.381,7.5,"US Census Bureau BTOS (Q7, answer Yes)",https://www.census.gov/hfp/btos/,T1
Nebraska,US state,2025-06-02,2025.419,8.5,"US Census Bureau BTOS (Q7, answer Yes)",https://www.census.gov/hfp/btos/,T1
Nebraska,US state,2025-06-16,2025.457,8.8,"US Census Bureau BTOS (Q7, answer Yes)",https://www.census.gov/hfp/btos/,T1
Nebraska,US state,2025-06-30,2025.496,9.2,"US Census Bureau BTOS (Q7, answer Yes)",https://www.census.gov/hfp/btos/,T1
Nebraska,US state,2025-07-14,2025.534,9.9,"US Census Bureau BTOS (Q7, answer Yes)",https://www.census.gov/hfp/btos/,T1
Nebraska,US state,2025-07-28,2025.572,9.7,"US Census Bureau BTOS (Q7, answer Yes)",https://www.census.gov/hfp/btos/,T1
Nebraska,US state,2025-08-11,2025.611,7.6,"US Census Bureau BTOS (Q7, answer Yes)",https://www.census.gov/hfp/btos/,T1
Nebraska,US state,2025-08-25,2025.649,11.1,"US Census Bureau BTOS (Q7, answer Yes)",https://www.census.gov/hfp/btos/,T1
Nebraska,US state,2025-09-08,2025.687,12.5,"US Census Bureau BTOS (Q7, answer Yes)",https://www.census.gov/hfp/btos/,T1
Nebraska,US state,2025-09-22,2025.726,8.6,"US Census Bureau BTOS (Q7, answer Yes)",https://www.census.gov/hfp/btos/,T1
Nebraska,US state,2025-11-17,2025.879,20.2,"US Census Bureau BTOS (Q7, answer Yes)",https://www.census.gov/hfp/btos/,T1
Nebraska,US state,2025-12-01,2025.917,17.1,"US Census Bureau BTOS (Q7, answer Yes)",https://www.census.gov/hfp/btos/,T1
Nebraska,US state,2025-12-15,2025.956,12.5,"US Census Bureau BTOS (Q7, answer Yes)",https://www.census.gov/hfp/btos/,T1
Nebraska,US state,2025-12-29,2025.994,14.6,"US Census Bureau BTOS (Q7, answer Yes)",https://www.census.gov/hfp/btos/,T1
Nebraska,US state,2026-01-12,2026.033,15.3,"US Census Bureau BTOS (Q7, answer Yes)",https://www.census.gov/hfp/btos/,T1
Nebraska,US state,2026-01-26,2026.071,13.0,"US Census Bureau BTOS (Q7, answer Yes)",https://www.census.gov/hfp/btos/,T1
Nebraska,US state,2026-02-09,2026.11,19.1,"US Census Bureau BTOS (Q7, answer Yes)",https://www.census.gov/hfp/btos/,T1
Nebraska,US state,2026-02-23,2026.148,18.3,"US Census Bureau BTOS (Q7, answer Yes)",https://www.census.gov/hfp/btos/,T1
Nebraska,US state,2026-03-09,2026.186,9.8,"US Census Bureau BTOS (Q7, answer Yes)",https://www.census.gov/hfp/btos/,T1
Nebraska,US state,2026-03-23,2026.225,15.3,"US Census Bureau BTOS (Q7, answer Yes)",https://www.census.gov/hfp/btos/,T1
Nebraska,US state,2026-04-06,2026.263,10.6,"US Census Bureau BTOS (Q7, answer Yes)",https://www.census.gov/hfp/btos/,T1
Nebraska,US state,2026-04-20,2026.301,11.3,"US Census Bureau BTOS (Q7, answer Yes)",https://www.census.gov/hfp/btos/,T1
Nebraska,US state,2026-05-04,2026.339,20.9,"US Census Bureau BTOS (Q7, answer Yes)",https://www.census.gov/hfp/btos/,T1
Nebraska,US state,2026-05-18,2026.378,22.1,"US Census Bureau BTOS (Q7, answer Yes)",https://www.census.gov/hfp/btos/,T1
Nebraska,US state,2026-06-01,2026.416,17.9,"US Census Bureau BTOS (Q7, answer Yes)",https://www.census.gov/hfp/btos/,T1
Nebraska,US state,2026-06-15,2026.454,19.4,"US Census Bureau BTOS (Q7, answer Yes)",https://www.census.gov/hfp/btos/,T1
New Hampshire,US state,2023-11-20,2023.887,6.3,"US Census Bureau BTOS (Q7, answer Yes)",https://www.census.gov/hfp/btos/,T1
New Hampshire,US state,2024-02-12,2024.118,6.4,"US Census Bureau BTOS (Q7, answer Yes)",https://www.census.gov/hfp/btos/,T1
New Hampshire,US state,2024-05-06,2024.348,6.4,"US Census Bureau BTOS (Q7, answer Yes)",https://www.census.gov/hfp/btos/,T1
New Hampshire,US state,2024-07-29,2024.578,6.7,"US Census Bureau BTOS (Q7, answer Yes)",https://www.census.gov/hfp/btos/,T1
New Hampshire,US state,2024-09-09,2024.693,5.4,"US Census Bureau BTOS (Q7, answer Yes)",https://www.census.gov/hfp/btos/,T1
New Hampshire,US state,2025-03-24,2025.227,12.1,"US Census Bureau BTOS (Q7, answer Yes)",https://www.census.gov/hfp/btos/,T1
New Hampshire,US state,2025-06-02,2025.419,9.6,"US Census Bureau BTOS (Q7, answer Yes)",https://www.census.gov/hfp/btos/,T1
New Hampshire,US state,2025-06-16,2025.457,10.8,"US Census Bureau BTOS (Q7, answer Yes)",https://www.census.gov/hfp/btos/,T1
New Hampshire,US state,2025-07-14,2025.534,7.9,"US Census Bureau BTOS (Q7, answer Yes)",https://www.census.gov/hfp/btos/,T1
New Hampshire,US state,2025-07-28,2025.572,6.7,"US Census Bureau BTOS (Q7, answer Yes)",https://www.census.gov/hfp/btos/,T1
New Hampshire,US state,2025-08-11,2025.611,7.5,"US Census Bureau BTOS (Q7, answer Yes)",https://www.census.gov/hfp/btos/,T1
New Hampshire,US state,2025-09-08,2025.687,10.1,"US Census Bureau BTOS (Q7, answer Yes)",https://www.census.gov/hfp/btos/,T1
New Hampshire,US state,2025-09-22,2025.726,8.3,"US Census Bureau BTOS (Q7, answer Yes)",https://www.census.gov/hfp/btos/,T1
New Hampshire,US state,2025-11-17,2025.879,11.8,"US Census Bureau BTOS (Q7, answer Yes)",https://www.census.gov/hfp/btos/,T1
New Hampshire,US state,2025-12-01,2025.917,16.3,"US Census Bureau BTOS (Q7, answer Yes)",https://www.census.gov/hfp/btos/,T1
New Hampshire,US state,2025-12-15,2025.956,21.1,"US Census Bureau BTOS (Q7, answer Yes)",https://www.census.gov/hfp/btos/,T1
New Hampshire,US state,2025-12-29,2025.994,12.9,"US Census Bureau BTOS (Q7, answer Yes)",https://www.census.gov/hfp/btos/,T1
New Hampshire,US state,2026-01-12,2026.033,17.7,"US Census Bureau BTOS (Q7, answer Yes)",https://www.census.gov/hfp/btos/,T1
New Hampshire,US state,2026-01-26,2026.071,17.9,"US Census Bureau BTOS (Q7, answer Yes)",https://www.census.gov/hfp/btos/,T1
New Hampshire,US state,2026-02-09,2026.11,13.8,"US Census Bureau BTOS (Q7, answer Yes)",https://www.census.gov/hfp/btos/,T1
New Hampshire,US state,2026-02-23,2026.148,25.6,"US Census Bureau BTOS (Q7, answer Yes)",https://www.census.gov/hfp/btos/,T1
New Hampshire,US state,2026-03-09,2026.186,18.3,"US Census Bureau BTOS (Q7, answer Yes)",https://www.census.gov/hfp/btos/,T1
New Hampshire,US state,2026-03-23,2026.225,15.4,"US Census Bureau BTOS (Q7, answer Yes)",https://www.census.gov/hfp/btos/,T1
New Hampshire,US state,2026-04-06,2026.263,20.3,"US Census Bureau BTOS (Q7, answer Yes)",https://www.census.gov/hfp/btos/,T1
New Hampshire,US state,2026-04-20,2026.301,27.8,"US Census Bureau BTOS (Q7, answer Yes)",https://www.census.gov/hfp/btos/,T1
New Hampshire,US state,2026-05-04,2026.339,16.1,"US Census Bureau BTOS (Q7, answer Yes)",https://www.census.gov/hfp/btos/,T1
New Hampshire,US state,2026-05-18,2026.378,32.7,"US Census Bureau BTOS (Q7, answer Yes)",https://www.census.gov/hfp/btos/,T1
New Hampshire,US state,2026-06-01,2026.416,23.8,"US Census Bureau BTOS (Q7, answer Yes)",https://www.census.gov/hfp/btos/,T1
New Hampshire,US state,2026-06-15,2026.454,13.1,"US Census Bureau BTOS (Q7, answer Yes)",https://www.census.gov/hfp/btos/,T1
New Jersey,US state,2023-09-11,2023.695,2.3,"US Census Bureau BTOS (Q7, answer Yes)",https://www.census.gov/hfp/btos/,T1
New Jersey,US state,2023-09-25,2023.734,2.8,"US Census Bureau BTOS (Q7, answer Yes)",https://www.census.gov/hfp/btos/,T1
New Jersey,US state,2023-10-09,2023.772,3.1,"US Census Bureau BTOS (Q7, answer Yes)",https://www.census.gov/hfp/btos/,T1
New Jersey,US state,2023-10-23,2023.81,4.4,"US Census Bureau BTOS (Q7, answer Yes)",https://www.census.gov/hfp/btos/,T1
New Jersey,US state,2023-11-06,2023.849,3.6,"US Census Bureau BTOS (Q7, answer Yes)",https://www.census.gov/hfp/btos/,T1
New Jersey,US state,2023-11-20,2023.887,3.0,"US Census Bureau BTOS (Q7, answer Yes)",https://www.census.gov/hfp/btos/,T1
New Jersey,US state,2023-12-04,2023.925,3.3,"US Census Bureau BTOS (Q7, answer Yes)",https://www.census.gov/hfp/btos/,T1
New Jersey,US state,2023-12-18,2023.964,3.1,"US Census Bureau BTOS (Q7, answer Yes)",https://www.census.gov/hfp/btos/,T1
New Jersey,US state,2024-01-01,2024.003,3.1,"US Census Bureau BTOS (Q7, answer Yes)",https://www.census.gov/hfp/btos/,T1
New Jersey,US state,2024-01-15,2024.041,4.9,"US Census Bureau BTOS (Q7, answer Yes)",https://www.census.gov/hfp/btos/,T1
New Jersey,US state,2024-01-29,2024.079,3.1,"US Census Bureau BTOS (Q7, answer Yes)",https://www.census.gov/hfp/btos/,T1
New Jersey,US state,2024-02-12,2024.118,3.5,"US Census Bureau BTOS (Q7, answer Yes)",https://www.census.gov/hfp/btos/,T1
New Jersey,US state,2024-02-26,2024.156,3.0,"US Census Bureau BTOS (Q7, answer Yes)",https://www.census.gov/hfp/btos/,T1
New Jersey,US state,2024-03-11,2024.194,2.9,"US Census Bureau BTOS (Q7, answer Yes)",https://www.census.gov/hfp/btos/,T1
New Jersey,US state,2024-03-25,2024.233,3.8,"US Census Bureau BTOS (Q7, answer Yes)",https://www.census.gov/hfp/btos/,T1
New Jersey,US state,2024-04-08,2024.271,3.8,"US Census Bureau BTOS (Q7, answer Yes)",https://www.census.gov/hfp/btos/,T1
New Jersey,US state,2024-04-22,2024.309,3.2,"US Census Bureau BTOS (Q7, answer Yes)",https://www.census.gov/hfp/btos/,T1
New Jersey,US state,2024-05-06,2024.348,3.9,"US Census Bureau BTOS (Q7, answer Yes)",https://www.census.gov/hfp/btos/,T1
New Jersey,US state,2024-05-20,2024.386,3.1,"US Census Bureau BTOS (Q7, answer Yes)",https://www.census.gov/hfp/btos/,T1
New Jersey,US state,2024-06-03,2024.424,2.7,"US Census Bureau BTOS (Q7, answer Yes)",https://www.census.gov/hfp/btos/,T1
New Jersey,US state,2024-06-17,2024.463,3.6,"US Census Bureau BTOS (Q7, answer Yes)",https://www.census.gov/hfp/btos/,T1
New Jersey,US state,2024-07-01,2024.501,3.4,"US Census Bureau BTOS (Q7, answer Yes)",https://www.census.gov/hfp/btos/,T1
New Jersey,US state,2024-07-15,2024.539,3.2,"US Census Bureau BTOS (Q7, answer Yes)",https://www.census.gov/hfp/btos/,T1
New Jersey,US state,2024-07-29,2024.578,3.8,"US Census Bureau BTOS (Q7, answer Yes)",https://www.census.gov/hfp/btos/,T1
New Jersey,US state,2024-08-12,2024.616,4.1,"US Census Bureau BTOS (Q7, answer Yes)",https://www.census.gov/hfp/btos/,T1
New Jersey,US state,2024-08-26,2024.654,4.8,"US Census Bureau BTOS (Q7, answer Yes)",https://www.census.gov/hfp/btos/,T1
New Jersey,US state,2024-09-09,2024.693,3.7,"US Census Bureau BTOS (Q7, answer Yes)",https://www.census.gov/hfp/btos/,T1
New Jersey,US state,2024-09-23,2024.731,5.9,"US Census Bureau BTOS (Q7, answer Yes)",https://www.census.gov/hfp/btos/,T1
New Jersey,US state,2024-10-07,2024.769,4.1,"US Census Bureau BTOS (Q7, answer Yes)",https://www.census.gov/hfp/btos/,T1
New Jersey,US state,2024-10-21,2024.808,4.8,"US Census Bureau BTOS (Q7, answer Yes)",https://www.census.gov/hfp/btos/,T1
New Jersey,US state,2024-11-04,2024.846,5.7,"US Census Bureau BTOS (Q7, answer Yes)",https://www.census.gov/hfp/btos/,T1
New Jersey,US state,2024-11-18,2024.884,4.3,"US Census Bureau BTOS (Q7, answer Yes)",https://www.census.gov/hfp/btos/,T1
New Jersey,US state,2024-12-02,2024.923,5.5,"US Census Bureau BTOS (Q7, answer Yes)",https://www.census.gov/hfp/btos/,T1
New Jersey,US state,2024-12-16,2024.961,4.6,"US Census Bureau BTOS (Q7, answer Yes)",https://www.census.gov/hfp/btos/,T1
New Jersey,US state,2024-12-30,2024.999,4.5,"US Census Bureau BTOS (Q7, answer Yes)",https://www.census.gov/hfp/btos/,T1
New Jersey,US state,2025-01-13,2025.036,5.0,"US Census Bureau BTOS (Q7, answer Yes)",https://www.census.gov/hfp/btos/,T1
New Jersey,US state,2025-01-27,2025.074,4.9,"US Census Bureau BTOS (Q7, answer Yes)",https://www.census.gov/hfp/btos/,T1
New Jersey,US state,2025-02-10,2025.112,5.2,"US Census Bureau BTOS (Q7, answer Yes)",https://www.census.gov/hfp/btos/,T1
New Jersey,US state,2025-02-24,2025.151,6.2,"US Census Bureau BTOS (Q7, answer Yes)",https://www.census.gov/hfp/btos/,T1
New Jersey,US state,2025-03-10,2025.189,5.8,"US Census Bureau BTOS (Q7, answer Yes)",https://www.census.gov/hfp/btos/,T1
New Jersey,US state,2025-03-24,2025.227,6.6,"US Census Bureau BTOS (Q7, answer Yes)",https://www.census.gov/hfp/btos/,T1
New Jersey,US state,2025-04-07,2025.266,6.7,"US Census Bureau BTOS (Q7, answer Yes)",https://www.census.gov/hfp/btos/,T1
New Jersey,US state,2025-04-21,2025.304,7.6,"US Census Bureau BTOS (Q7, answer Yes)",https://www.census.gov/hfp/btos/,T1
New Jersey,US state,2025-05-05,2025.342,7.7,"US Census Bureau BTOS (Q7, answer Yes)",https://www.census.gov/hfp/btos/,T1
New Jersey,US state,2025-05-19,2025.381,8.1,"US Census Bureau BTOS (Q7, answer Yes)",https://www.census.gov/hfp/btos/,T1
New Jersey,US state,2025-06-02,2025.419,6.1,"US Census Bureau BTOS (Q7, answer Yes)",https://www.census.gov/hfp/btos/,T1
New Jersey,US state,2025-06-16,2025.457,7.2,"US Census Bureau BTOS (Q7, answer Yes)",https://www.census.gov/hfp/btos/,T1
New Jersey,US state,2025-06-30,2025.496,5.9,"US Census Bureau BTOS (Q7, answer Yes)",https://www.census.gov/hfp/btos/,T1
New Jersey,US state,2025-07-14,2025.534,8.8,"US Census Bureau BTOS (Q7, answer Yes)",https://www.census.gov/hfp/btos/,T1
New Jersey,US state,2025-07-28,2025.572,7.5,"US Census Bureau BTOS (Q7, answer Yes)",https://www.census.gov/hfp/btos/,T1
New Jersey,US state,2025-08-11,2025.611,7.0,"US Census Bureau BTOS (Q7, answer Yes)",https://www.census.gov/hfp/btos/,T1
New Jersey,US state,2025-08-25,2025.649,7.2,"US Census Bureau BTOS (Q7, answer Yes)",https://www.census.gov/hfp/btos/,T1
New Jersey,US state,2025-09-08,2025.687,7.5,"US Census Bureau BTOS (Q7, answer Yes)",https://www.census.gov/hfp/btos/,T1
New Jersey,US state,2025-09-22,2025.726,8.1,"US Census Bureau BTOS (Q7, answer Yes)",https://www.census.gov/hfp/btos/,T1
New Jersey,US state,2025-11-17,2025.879,12.7,"US Census Bureau BTOS (Q7, answer Yes)",https://www.census.gov/hfp/btos/,T1
New Jersey,US state,2025-12-01,2025.917,15.7,"US Census Bureau BTOS (Q7, answer Yes)",https://www.census.gov/hfp/btos/,T1
New Jersey,US state,2025-12-15,2025.956,13.5,"US Census Bureau BTOS (Q7, answer Yes)",https://www.census.gov/hfp/btos/,T1
New Jersey,US state,2025-12-29,2025.994,14.0,"US Census Bureau BTOS (Q7, answer Yes)",https://www.census.gov/hfp/btos/,T1
New Jersey,US state,2026-01-12,2026.033,16.3,"US Census Bureau BTOS (Q7, answer Yes)",https://www.census.gov/hfp/btos/,T1
New Jersey,US state,2026-01-26,2026.071,16.1,"US Census Bureau BTOS (Q7, answer Yes)",https://www.census.gov/hfp/btos/,T1
New Jersey,US state,2026-02-09,2026.11,16.5,"US Census Bureau BTOS (Q7, answer Yes)",https://www.census.gov/hfp/btos/,T1
New Jersey,US state,2026-02-23,2026.148,17.1,"US Census Bureau BTOS (Q7, answer Yes)",https://www.census.gov/hfp/btos/,T1
New Jersey,US state,2026-03-09,2026.186,15.6,"US Census Bureau BTOS (Q7, answer Yes)",https://www.census.gov/hfp/btos/,T1
New Jersey,US state,2026-03-23,2026.225,12.1,"US Census Bureau BTOS (Q7, answer Yes)",https://www.census.gov/hfp/btos/,T1
New Jersey,US state,2026-04-06,2026.263,17.4,"US Census Bureau BTOS (Q7, answer Yes)",https://www.census.gov/hfp/btos/,T1
New Jersey,US state,2026-04-20,2026.301,18.5,"US Census Bureau BTOS (Q7, answer Yes)",https://www.census.gov/hfp/btos/,T1
New Jersey,US state,2026-05-04,2026.339,14.9,"US Census Bureau BTOS (Q7, answer Yes)",https://www.census.gov/hfp/btos/,T1
New Jersey,US state,2026-05-18,2026.378,16.2,"US Census Bureau BTOS (Q7, answer Yes)",https://www.census.gov/hfp/btos/,T1
New Jersey,US state,2026-06-01,2026.416,19.0,"US Census Bureau BTOS (Q7, answer Yes)",https://www.census.gov/hfp/btos/,T1
New Jersey,US state,2026-06-15,2026.454,17.9,"US Census Bureau BTOS (Q7, answer Yes)",https://www.census.gov/hfp/btos/,T1
New Mexico,US state,2024-01-15,2024.041,6.1,"US Census Bureau BTOS (Q7, answer Yes)",https://www.census.gov/hfp/btos/,T1
New Mexico,US state,2024-05-20,2024.386,6.4,"US Census Bureau BTOS (Q7, answer Yes)",https://www.census.gov/hfp/btos/,T1
New Mexico,US state,2024-07-29,2024.578,9.4,"US Census Bureau BTOS (Q7, answer Yes)",https://www.census.gov/hfp/btos/,T1
New Mexico,US state,2024-08-26,2024.654,5.9,"US Census Bureau BTOS (Q7, answer Yes)",https://www.census.gov/hfp/btos/,T1
New Mexico,US state,2024-09-09,2024.693,6.7,"US Census Bureau BTOS (Q7, answer Yes)",https://www.census.gov/hfp/btos/,T1
New Mexico,US state,2024-10-21,2024.808,4.5,"US Census Bureau BTOS (Q7, answer Yes)",https://www.census.gov/hfp/btos/,T1
New Mexico,US state,2024-11-04,2024.846,6.8,"US Census Bureau BTOS (Q7, answer Yes)",https://www.census.gov/hfp/btos/,T1
New Mexico,US state,2024-12-30,2024.999,5.5,"US Census Bureau BTOS (Q7, answer Yes)",https://www.census.gov/hfp/btos/,T1
New Mexico,US state,2025-01-27,2025.074,7.4,"US Census Bureau BTOS (Q7, answer Yes)",https://www.census.gov/hfp/btos/,T1
New Mexico,US state,2025-03-10,2025.189,8.6,"US Census Bureau BTOS (Q7, answer Yes)",https://www.census.gov/hfp/btos/,T1
New Mexico,US state,2025-03-24,2025.227,9.3,"US Census Bureau BTOS (Q7, answer Yes)",https://www.census.gov/hfp/btos/,T1
New Mexico,US state,2025-05-05,2025.342,7.0,"US Census Bureau BTOS (Q7, answer Yes)",https://www.census.gov/hfp/btos/,T1
New Mexico,US state,2025-05-19,2025.381,7.4,"US Census Bureau BTOS (Q7, answer Yes)",https://www.census.gov/hfp/btos/,T1
New Mexico,US state,2025-06-02,2025.419,5.7,"US Census Bureau BTOS (Q7, answer Yes)",https://www.census.gov/hfp/btos/,T1
New Mexico,US state,2025-06-16,2025.457,8.5,"US Census Bureau BTOS (Q7, answer Yes)",https://www.census.gov/hfp/btos/,T1
New Mexico,US state,2025-07-14,2025.534,7.4,"US Census Bureau BTOS (Q7, answer Yes)",https://www.census.gov/hfp/btos/,T1
New Mexico,US state,2025-07-28,2025.572,8.8,"US Census Bureau BTOS (Q7, answer Yes)",https://www.census.gov/hfp/btos/,T1
New Mexico,US state,2025-08-11,2025.611,7.6,"US Census Bureau BTOS (Q7, answer Yes)",https://www.census.gov/hfp/btos/,T1
New Mexico,US state,2025-09-08,2025.687,10.0,"US Census Bureau BTOS (Q7, answer Yes)",https://www.census.gov/hfp/btos/,T1
New Mexico,US state,2025-11-17,2025.879,9.0,"US Census Bureau BTOS (Q7, answer Yes)",https://www.census.gov/hfp/btos/,T1
New Mexico,US state,2025-12-01,2025.917,20.7,"US Census Bureau BTOS (Q7, answer Yes)",https://www.census.gov/hfp/btos/,T1
New Mexico,US state,2025-12-15,2025.956,13.2,"US Census Bureau BTOS (Q7, answer Yes)",https://www.census.gov/hfp/btos/,T1
New Mexico,US state,2025-12-29,2025.994,17.7,"US Census Bureau BTOS (Q7, answer Yes)",https://www.census.gov/hfp/btos/,T1
New Mexico,US state,2026-01-12,2026.033,12.8,"US Census Bureau BTOS (Q7, answer Yes)",https://www.census.gov/hfp/btos/,T1
New Mexico,US state,2026-01-26,2026.071,12.3,"US Census Bureau BTOS (Q7, answer Yes)",https://www.census.gov/hfp/btos/,T1
New Mexico,US state,2026-02-09,2026.11,15.4,"US Census Bureau BTOS (Q7, answer Yes)",https://www.census.gov/hfp/btos/,T1
New Mexico,US state,2026-02-23,2026.148,14.5,"US Census Bureau BTOS (Q7, answer Yes)",https://www.census.gov/hfp/btos/,T1
New Mexico,US state,2026-03-09,2026.186,12.1,"US Census Bureau BTOS (Q7, answer Yes)",https://www.census.gov/hfp/btos/,T1
New Mexico,US state,2026-03-23,2026.225,19.8,"US Census Bureau BTOS (Q7, answer Yes)",https://www.census.gov/hfp/btos/,T1
New Mexico,US state,2026-04-06,2026.263,8.3,"US Census Bureau BTOS (Q7, answer Yes)",https://www.census.gov/hfp/btos/,T1
New Mexico,US state,2026-04-20,2026.301,11.9,"US Census Bureau BTOS (Q7, answer Yes)",https://www.census.gov/hfp/btos/,T1
New Mexico,US state,2026-05-04,2026.339,14.2,"US Census Bureau BTOS (Q7, answer Yes)",https://www.census.gov/hfp/btos/,T1
New Mexico,US state,2026-05-18,2026.378,16.1,"US Census Bureau BTOS (Q7, answer Yes)",https://www.census.gov/hfp/btos/,T1
New Mexico,US state,2026-06-01,2026.416,17.0,"US Census Bureau BTOS (Q7, answer Yes)",https://www.census.gov/hfp/btos/,T1
New Mexico,US state,2026-06-15,2026.454,21.5,"US Census Bureau BTOS (Q7, answer Yes)",https://www.census.gov/hfp/btos/,T1
Nevada,US state,2023-09-11,2023.695,5.0,"US Census Bureau BTOS (Q7, answer Yes)",https://www.census.gov/hfp/btos/,T1
Nevada,US state,2023-10-09,2023.772,6.3,"US Census Bureau BTOS (Q7, answer Yes)",https://www.census.gov/hfp/btos/,T1
Nevada,US state,2023-10-23,2023.81,4.4,"US Census Bureau BTOS (Q7, answer Yes)",https://www.census.gov/hfp/btos/,T1
Nevada,US state,2023-11-06,2023.849,3.3,"US Census Bureau BTOS (Q7, answer Yes)",https://www.census.gov/hfp/btos/,T1
Nevada,US state,2023-11-20,2023.887,4.8,"US Census Bureau BTOS (Q7, answer Yes)",https://www.census.gov/hfp/btos/,T1
Nevada,US state,2023-12-04,2023.925,4.3,"US Census Bureau BTOS (Q7, answer Yes)",https://www.census.gov/hfp/btos/,T1
Nevada,US state,2023-12-18,2023.964,4.8,"US Census Bureau BTOS (Q7, answer Yes)",https://www.census.gov/hfp/btos/,T1
Nevada,US state,2024-01-01,2024.003,6.1,"US Census Bureau BTOS (Q7, answer Yes)",https://www.census.gov/hfp/btos/,T1
Nevada,US state,2024-01-15,2024.041,6.9,"US Census Bureau BTOS (Q7, answer Yes)",https://www.census.gov/hfp/btos/,T1
Nevada,US state,2024-01-29,2024.079,6.5,"US Census Bureau BTOS (Q7, answer Yes)",https://www.census.gov/hfp/btos/,T1
Nevada,US state,2024-02-12,2024.118,10.7,"US Census Bureau BTOS (Q7, answer Yes)",https://www.census.gov/hfp/btos/,T1
Nevada,US state,2024-02-26,2024.156,5.3,"US Census Bureau BTOS (Q7, answer Yes)",https://www.census.gov/hfp/btos/,T1
Nevada,US state,2024-03-11,2024.194,5.9,"US Census Bureau BTOS (Q7, answer Yes)",https://www.census.gov/hfp/btos/,T1
Nevada,US state,2024-03-25,2024.233,6.5,"US Census Bureau BTOS (Q7, answer Yes)",https://www.census.gov/hfp/btos/,T1
Nevada,US state,2024-04-08,2024.271,3.8,"US Census Bureau BTOS (Q7, answer Yes)",https://www.census.gov/hfp/btos/,T1
Nevada,US state,2024-04-22,2024.309,5.2,"US Census Bureau BTOS (Q7, answer Yes)",https://www.census.gov/hfp/btos/,T1
Nevada,US state,2024-05-06,2024.348,4.8,"US Census Bureau BTOS (Q7, answer Yes)",https://www.census.gov/hfp/btos/,T1
Nevada,US state,2024-05-20,2024.386,5.3,"US Census Bureau BTOS (Q7, answer Yes)",https://www.census.gov/hfp/btos/,T1
Nevada,US state,2024-06-03,2024.424,4.2,"US Census Bureau BTOS (Q7, answer Yes)",https://www.census.gov/hfp/btos/,T1
Nevada,US state,2024-06-17,2024.463,6.2,"US Census Bureau BTOS (Q7, answer Yes)",https://www.census.gov/hfp/btos/,T1
Nevada,US state,2024-07-01,2024.501,5.2,"US Census Bureau BTOS (Q7, answer Yes)",https://www.census.gov/hfp/btos/,T1
Nevada,US state,2024-07-15,2024.539,7.9,"US Census Bureau BTOS (Q7, answer Yes)",https://www.census.gov/hfp/btos/,T1
Nevada,US state,2024-07-29,2024.578,6.0,"US Census Bureau BTOS (Q7, answer Yes)",https://www.census.gov/hfp/btos/,T1
Nevada,US state,2024-08-12,2024.616,4.7,"US Census Bureau BTOS (Q7, answer Yes)",https://www.census.gov/hfp/btos/,T1
Nevada,US state,2024-08-26,2024.654,6.4,"US Census Bureau BTOS (Q7, answer Yes)",https://www.census.gov/hfp/btos/,T1
Nevada,US state,2024-09-09,2024.693,4.9,"US Census Bureau BTOS (Q7, answer Yes)",https://www.census.gov/hfp/btos/,T1
Nevada,US state,2024-09-23,2024.731,7.1,"US Census Bureau BTOS (Q7, answer Yes)",https://www.census.gov/hfp/btos/,T1
Nevada,US state,2024-10-07,2024.769,4.1,"US Census Bureau BTOS (Q7, answer Yes)",https://www.census.gov/hfp/btos/,T1
Nevada,US state,2024-10-21,2024.808,7.9,"US Census Bureau BTOS (Q7, answer Yes)",https://www.census.gov/hfp/btos/,T1
Nevada,US state,2024-11-04,2024.846,7.7,"US Census Bureau BTOS (Q7, answer Yes)",https://www.census.gov/hfp/btos/,T1
Nevada,US state,2024-11-18,2024.884,5.8,"US Census Bureau BTOS (Q7, answer Yes)",https://www.census.gov/hfp/btos/,T1
Nevada,US state,2024-12-02,2024.923,6.2,"US Census Bureau BTOS (Q7, answer Yes)",https://www.census.gov/hfp/btos/,T1
Nevada,US state,2024-12-16,2024.961,7.5,"US Census Bureau BTOS (Q7, answer Yes)",https://www.census.gov/hfp/btos/,T1
Nevada,US state,2025-01-13,2025.036,8.7,"US Census Bureau BTOS (Q7, answer Yes)",https://www.census.gov/hfp/btos/,T1
Nevada,US state,2025-01-27,2025.074,9.2,"US Census Bureau BTOS (Q7, answer Yes)",https://www.census.gov/hfp/btos/,T1
Nevada,US state,2025-02-10,2025.112,6.4,"US Census Bureau BTOS (Q7, answer Yes)",https://www.census.gov/hfp/btos/,T1
Nevada,US state,2025-02-24,2025.151,5.9,"US Census Bureau BTOS (Q7, answer Yes)",https://www.census.gov/hfp/btos/,T1
Nevada,US state,2025-03-10,2025.189,9.3,"US Census Bureau BTOS (Q7, answer Yes)",https://www.census.gov/hfp/btos/,T1
Nevada,US state,2025-03-24,2025.227,8.2,"US Census Bureau BTOS (Q7, answer Yes)",https://www.census.gov/hfp/btos/,T1
Nevada,US state,2025-04-07,2025.266,10.7,"US Census Bureau BTOS (Q7, answer Yes)",https://www.census.gov/hfp/btos/,T1
Nevada,US state,2025-04-21,2025.304,9.0,"US Census Bureau BTOS (Q7, answer Yes)",https://www.census.gov/hfp/btos/,T1
Nevada,US state,2025-05-05,2025.342,8.3,"US Census Bureau BTOS (Q7, answer Yes)",https://www.census.gov/hfp/btos/,T1
Nevada,US state,2025-05-19,2025.381,11.3,"US Census Bureau BTOS (Q7, answer Yes)",https://www.census.gov/hfp/btos/,T1
Nevada,US state,2025-06-02,2025.419,11.9,"US Census Bureau BTOS (Q7, answer Yes)",https://www.census.gov/hfp/btos/,T1
Nevada,US state,2025-06-16,2025.457,7.1,"US Census Bureau BTOS (Q7, answer Yes)",https://www.census.gov/hfp/btos/,T1
Nevada,US state,2025-06-30,2025.496,17.0,"US Census Bureau BTOS (Q7, answer Yes)",https://www.census.gov/hfp/btos/,T1
Nevada,US state,2025-07-14,2025.534,10.3,"US Census Bureau BTOS (Q7, answer Yes)",https://www.census.gov/hfp/btos/,T1
Nevada,US state,2025-07-28,2025.572,13.3,"US Census Bureau BTOS (Q7, answer Yes)",https://www.census.gov/hfp/btos/,T1
Nevada,US state,2025-08-11,2025.611,13.1,"US Census Bureau BTOS (Q7, answer Yes)",https://www.census.gov/hfp/btos/,T1
Nevada,US state,2025-08-25,2025.649,10.7,"US Census Bureau BTOS (Q7, answer Yes)",https://www.census.gov/hfp/btos/,T1
Nevada,US state,2025-09-08,2025.687,10.7,"US Census Bureau BTOS (Q7, answer Yes)",https://www.census.gov/hfp/btos/,T1
Nevada,US state,2025-09-22,2025.726,9.4,"US Census Bureau BTOS (Q7, answer Yes)",https://www.census.gov/hfp/btos/,T1
Nevada,US state,2025-11-17,2025.879,21.3,"US Census Bureau BTOS (Q7, answer Yes)",https://www.census.gov/hfp/btos/,T1
Nevada,US state,2025-12-01,2025.917,19.8,"US Census Bureau BTOS (Q7, answer Yes)",https://www.census.gov/hfp/btos/,T1
Nevada,US state,2025-12-15,2025.956,20.4,"US Census Bureau BTOS (Q7, answer Yes)",https://www.census.gov/hfp/btos/,T1
Nevada,US state,2025-12-29,2025.994,20.6,"US Census Bureau BTOS (Q7, answer Yes)",https://www.census.gov/hfp/btos/,T1
Nevada,US state,2026-01-12,2026.033,26.8,"US Census Bureau BTOS (Q7, answer Yes)",https://www.census.gov/hfp/btos/,T1
Nevada,US state,2026-01-26,2026.071,19.4,"US Census Bureau BTOS (Q7, answer Yes)",https://www.census.gov/hfp/btos/,T1
Nevada,US state,2026-02-09,2026.11,18.1,"US Census Bureau BTOS (Q7, answer Yes)",https://www.census.gov/hfp/btos/,T1
Nevada,US state,2026-02-23,2026.148,23.7,"US Census Bureau BTOS (Q7, answer Yes)",https://www.census.gov/hfp/btos/,T1
Nevada,US state,2026-03-09,2026.186,16.7,"US Census Bureau BTOS (Q7, answer Yes)",https://www.census.gov/hfp/btos/,T1
Nevada,US state,2026-03-23,2026.225,19.2,"US Census Bureau BTOS (Q7, answer Yes)",https://www.census.gov/hfp/btos/,T1
Nevada,US state,2026-04-06,2026.263,22.4,"US Census Bureau BTOS (Q7, answer Yes)",https://www.census.gov/hfp/btos/,T1
Nevada,US state,2026-04-20,2026.301,19.9,"US Census Bureau BTOS (Q7, answer Yes)",https://www.census.gov/hfp/btos/,T1
Nevada,US state,2026-05-04,2026.339,25.6,"US Census Bureau BTOS (Q7, answer Yes)",https://www.census.gov/hfp/btos/,T1
Nevada,US state,2026-05-18,2026.378,27.7,"US Census Bureau BTOS (Q7, answer Yes)",https://www.census.gov/hfp/btos/,T1
Nevada,US state,2026-06-01,2026.416,24.6,"US Census Bureau BTOS (Q7, answer Yes)",https://www.census.gov/hfp/btos/,T1
Nevada,US state,2026-06-15,2026.454,26.3,"US Census Bureau BTOS (Q7, answer Yes)",https://www.census.gov/hfp/btos/,T1
New York,US state,2023-09-11,2023.695,3.2,"US Census Bureau BTOS (Q7, answer Yes)",https://www.census.gov/hfp/btos/,T1
New York,US state,2023-09-25,2023.734,3.2,"US Census Bureau BTOS (Q7, answer Yes)",https://www.census.gov/hfp/btos/,T1
New York,US state,2023-10-09,2023.772,3.2,"US Census Bureau BTOS (Q7, answer Yes)",https://www.census.gov/hfp/btos/,T1
New York,US state,2023-10-23,2023.81,3.5,"US Census Bureau BTOS (Q7, answer Yes)",https://www.census.gov/hfp/btos/,T1
New York,US state,2023-11-06,2023.849,4.1,"US Census Bureau BTOS (Q7, answer Yes)",https://www.census.gov/hfp/btos/,T1
New York,US state,2023-11-20,2023.887,4.1,"US Census Bureau BTOS (Q7, answer Yes)",https://www.census.gov/hfp/btos/,T1
New York,US state,2023-12-04,2023.925,3.5,"US Census Bureau BTOS (Q7, answer Yes)",https://www.census.gov/hfp/btos/,T1
New York,US state,2023-12-18,2023.964,3.8,"US Census Bureau BTOS (Q7, answer Yes)",https://www.census.gov/hfp/btos/,T1
New York,US state,2024-01-01,2024.003,3.7,"US Census Bureau BTOS (Q7, answer Yes)",https://www.census.gov/hfp/btos/,T1
New York,US state,2024-01-15,2024.041,3.9,"US Census Bureau BTOS (Q7, answer Yes)",https://www.census.gov/hfp/btos/,T1
New York,US state,2024-01-29,2024.079,4.5,"US Census Bureau BTOS (Q7, answer Yes)",https://www.census.gov/hfp/btos/,T1
New York,US state,2024-02-12,2024.118,5.3,"US Census Bureau BTOS (Q7, answer Yes)",https://www.census.gov/hfp/btos/,T1
New York,US state,2024-02-26,2024.156,3.9,"US Census Bureau BTOS (Q7, answer Yes)",https://www.census.gov/hfp/btos/,T1
New York,US state,2024-03-11,2024.194,3.2,"US Census Bureau BTOS (Q7, answer Yes)",https://www.census.gov/hfp/btos/,T1
New York,US state,2024-03-25,2024.233,3.8,"US Census Bureau BTOS (Q7, answer Yes)",https://www.census.gov/hfp/btos/,T1
New York,US state,2024-04-08,2024.271,3.8,"US Census Bureau BTOS (Q7, answer Yes)",https://www.census.gov/hfp/btos/,T1
New York,US state,2024-04-22,2024.309,4.5,"US Census Bureau BTOS (Q7, answer Yes)",https://www.census.gov/hfp/btos/,T1
New York,US state,2024-05-06,2024.348,5.1,"US Census Bureau BTOS (Q7, answer Yes)",https://www.census.gov/hfp/btos/,T1
New York,US state,2024-05-20,2024.386,3.0,"US Census Bureau BTOS (Q7, answer Yes)",https://www.census.gov/hfp/btos/,T1
New York,US state,2024-06-03,2024.424,3.7,"US Census Bureau BTOS (Q7, answer Yes)",https://www.census.gov/hfp/btos/,T1
New York,US state,2024-06-17,2024.463,3.0,"US Census Bureau BTOS (Q7, answer Yes)",https://www.census.gov/hfp/btos/,T1
New York,US state,2024-07-01,2024.501,4.3,"US Census Bureau BTOS (Q7, answer Yes)",https://www.census.gov/hfp/btos/,T1
New York,US state,2024-07-15,2024.539,5.4,"US Census Bureau BTOS (Q7, answer Yes)",https://www.census.gov/hfp/btos/,T1
New York,US state,2024-07-29,2024.578,4.4,"US Census Bureau BTOS (Q7, answer Yes)",https://www.census.gov/hfp/btos/,T1
New York,US state,2024-08-12,2024.616,4.3,"US Census Bureau BTOS (Q7, answer Yes)",https://www.census.gov/hfp/btos/,T1
New York,US state,2024-08-26,2024.654,4.6,"US Census Bureau BTOS (Q7, answer Yes)",https://www.census.gov/hfp/btos/,T1
New York,US state,2024-09-09,2024.693,5.7,"US Census Bureau BTOS (Q7, answer Yes)",https://www.census.gov/hfp/btos/,T1
New York,US state,2024-09-23,2024.731,5.3,"US Census Bureau BTOS (Q7, answer Yes)",https://www.census.gov/hfp/btos/,T1
New York,US state,2024-10-07,2024.769,4.4,"US Census Bureau BTOS (Q7, answer Yes)",https://www.census.gov/hfp/btos/,T1
New York,US state,2024-10-21,2024.808,5.2,"US Census Bureau BTOS (Q7, answer Yes)",https://www.census.gov/hfp/btos/,T1
New York,US state,2024-11-04,2024.846,5.4,"US Census Bureau BTOS (Q7, answer Yes)",https://www.census.gov/hfp/btos/,T1
New York,US state,2024-11-18,2024.884,4.3,"US Census Bureau BTOS (Q7, answer Yes)",https://www.census.gov/hfp/btos/,T1
New York,US state,2024-12-02,2024.923,5.4,"US Census Bureau BTOS (Q7, answer Yes)",https://www.census.gov/hfp/btos/,T1
New York,US state,2024-12-16,2024.961,5.7,"US Census Bureau BTOS (Q7, answer Yes)",https://www.census.gov/hfp/btos/,T1
New York,US state,2024-12-30,2024.999,4.7,"US Census Bureau BTOS (Q7, answer Yes)",https://www.census.gov/hfp/btos/,T1
New York,US state,2025-01-13,2025.036,6.2,"US Census Bureau BTOS (Q7, answer Yes)",https://www.census.gov/hfp/btos/,T1
New York,US state,2025-01-27,2025.074,6.4,"US Census Bureau BTOS (Q7, answer Yes)",https://www.census.gov/hfp/btos/,T1
New York,US state,2025-02-10,2025.112,5.4,"US Census Bureau BTOS (Q7, answer Yes)",https://www.census.gov/hfp/btos/,T1
New York,US state,2025-02-24,2025.151,5.5,"US Census Bureau BTOS (Q7, answer Yes)",https://www.census.gov/hfp/btos/,T1
New York,US state,2025-03-10,2025.189,7.6,"US Census Bureau BTOS (Q7, answer Yes)",https://www.census.gov/hfp/btos/,T1
New York,US state,2025-03-24,2025.227,6.1,"US Census Bureau BTOS (Q7, answer Yes)",https://www.census.gov/hfp/btos/,T1
New York,US state,2025-04-07,2025.266,6.2,"US Census Bureau BTOS (Q7, answer Yes)",https://www.census.gov/hfp/btos/,T1
New York,US state,2025-04-21,2025.304,8.0,"US Census Bureau BTOS (Q7, answer Yes)",https://www.census.gov/hfp/btos/,T1
New York,US state,2025-05-05,2025.342,7.3,"US Census Bureau BTOS (Q7, answer Yes)",https://www.census.gov/hfp/btos/,T1
New York,US state,2025-05-19,2025.381,7.1,"US Census Bureau BTOS (Q7, answer Yes)",https://www.census.gov/hfp/btos/,T1
New York,US state,2025-06-02,2025.419,8.1,"US Census Bureau BTOS (Q7, answer Yes)",https://www.census.gov/hfp/btos/,T1
New York,US state,2025-06-16,2025.457,6.9,"US Census Bureau BTOS (Q7, answer Yes)",https://www.census.gov/hfp/btos/,T1
New York,US state,2025-06-30,2025.496,7.0,"US Census Bureau BTOS (Q7, answer Yes)",https://www.census.gov/hfp/btos/,T1
New York,US state,2025-07-14,2025.534,7.2,"US Census Bureau BTOS (Q7, answer Yes)",https://www.census.gov/hfp/btos/,T1
New York,US state,2025-07-28,2025.572,6.7,"US Census Bureau BTOS (Q7, answer Yes)",https://www.census.gov/hfp/btos/,T1
New York,US state,2025-08-11,2025.611,7.5,"US Census Bureau BTOS (Q7, answer Yes)",https://www.census.gov/hfp/btos/,T1
New York,US state,2025-08-25,2025.649,7.1,"US Census Bureau BTOS (Q7, answer Yes)",https://www.census.gov/hfp/btos/,T1
New York,US state,2025-09-08,2025.687,8.4,"US Census Bureau BTOS (Q7, answer Yes)",https://www.census.gov/hfp/btos/,T1
New York,US state,2025-09-22,2025.726,9.5,"US Census Bureau BTOS (Q7, answer Yes)",https://www.census.gov/hfp/btos/,T1
New York,US state,2025-11-17,2025.879,13.9,"US Census Bureau BTOS (Q7, answer Yes)",https://www.census.gov/hfp/btos/,T1
New York,US state,2025-12-01,2025.917,12.6,"US Census Bureau BTOS (Q7, answer Yes)",https://www.census.gov/hfp/btos/,T1
New York,US state,2025-12-15,2025.956,14.9,"US Census Bureau BTOS (Q7, answer Yes)",https://www.census.gov/hfp/btos/,T1
New York,US state,2025-12-29,2025.994,14.3,"US Census Bureau BTOS (Q7, answer Yes)",https://www.census.gov/hfp/btos/,T1
New York,US state,2026-01-12,2026.033,14.7,"US Census Bureau BTOS (Q7, answer Yes)",https://www.census.gov/hfp/btos/,T1
New York,US state,2026-01-26,2026.071,15.5,"US Census Bureau BTOS (Q7, answer Yes)",https://www.census.gov/hfp/btos/,T1
New York,US state,2026-02-09,2026.11,14.6,"US Census Bureau BTOS (Q7, answer Yes)",https://www.census.gov/hfp/btos/,T1
New York,US state,2026-02-23,2026.148,15.9,"US Census Bureau BTOS (Q7, answer Yes)",https://www.census.gov/hfp/btos/,T1
New York,US state,2026-03-09,2026.186,16.8,"US Census Bureau BTOS (Q7, answer Yes)",https://www.census.gov/hfp/btos/,T1
New York,US state,2026-03-23,2026.225,15.8,"US Census Bureau BTOS (Q7, answer Yes)",https://www.census.gov/hfp/btos/,T1
New York,US state,2026-04-06,2026.263,16.8,"US Census Bureau BTOS (Q7, answer Yes)",https://www.census.gov/hfp/btos/,T1
New York,US state,2026-04-20,2026.301,17.1,"US Census Bureau BTOS (Q7, answer Yes)",https://www.census.gov/hfp/btos/,T1
New York,US state,2026-05-04,2026.339,16.2,"US Census Bureau BTOS (Q7, answer Yes)",https://www.census.gov/hfp/btos/,T1
New York,US state,2026-05-18,2026.378,16.4,"US Census Bureau BTOS (Q7, answer Yes)",https://www.census.gov/hfp/btos/,T1
New York,US state,2026-06-01,2026.416,16.7,"US Census Bureau BTOS (Q7, answer Yes)",https://www.census.gov/hfp/btos/,T1
New York,US state,2026-06-15,2026.454,15.0,"US Census Bureau BTOS (Q7, answer Yes)",https://www.census.gov/hfp/btos/,T1
Ohio,US state,2023-09-11,2023.695,2.5,"US Census Bureau BTOS (Q7, answer Yes)",https://www.census.gov/hfp/btos/,T1
Ohio,US state,2023-09-25,2023.734,3.6,"US Census Bureau BTOS (Q7, answer Yes)",https://www.census.gov/hfp/btos/,T1
Ohio,US state,2023-10-09,2023.772,3.0,"US Census Bureau BTOS (Q7, answer Yes)",https://www.census.gov/hfp/btos/,T1
Ohio,US state,2023-10-23,2023.81,4.3,"US Census Bureau BTOS (Q7, answer Yes)",https://www.census.gov/hfp/btos/,T1
Ohio,US state,2023-11-06,2023.849,4.9,"US Census Bureau BTOS (Q7, answer Yes)",https://www.census.gov/hfp/btos/,T1
Ohio,US state,2023-11-20,2023.887,3.7,"US Census Bureau BTOS (Q7, answer Yes)",https://www.census.gov/hfp/btos/,T1
Ohio,US state,2023-12-04,2023.925,3.0,"US Census Bureau BTOS (Q7, answer Yes)",https://www.census.gov/hfp/btos/,T1
Ohio,US state,2023-12-18,2023.964,3.9,"US Census Bureau BTOS (Q7, answer Yes)",https://www.census.gov/hfp/btos/,T1
Ohio,US state,2024-01-01,2024.003,3.7,"US Census Bureau BTOS (Q7, answer Yes)",https://www.census.gov/hfp/btos/,T1
Ohio,US state,2024-01-15,2024.041,5.4,"US Census Bureau BTOS (Q7, answer Yes)",https://www.census.gov/hfp/btos/,T1
Ohio,US state,2024-01-29,2024.079,4.9,"US Census Bureau BTOS (Q7, answer Yes)",https://www.census.gov/hfp/btos/,T1
Ohio,US state,2024-02-12,2024.118,4.9,"US Census Bureau BTOS (Q7, answer Yes)",https://www.census.gov/hfp/btos/,T1
Ohio,US state,2024-02-26,2024.156,2.9,"US Census Bureau BTOS (Q7, answer Yes)",https://www.census.gov/hfp/btos/,T1
Ohio,US state,2024-03-11,2024.194,3.9,"US Census Bureau BTOS (Q7, answer Yes)",https://www.census.gov/hfp/btos/,T1
Ohio,US state,2024-03-25,2024.233,3.4,"US Census Bureau BTOS (Q7, answer Yes)",https://www.census.gov/hfp/btos/,T1
Ohio,US state,2024-04-08,2024.271,5.0,"US Census Bureau BTOS (Q7, answer Yes)",https://www.census.gov/hfp/btos/,T1
Ohio,US state,2024-04-22,2024.309,3.9,"US Census Bureau BTOS (Q7, answer Yes)",https://www.census.gov/hfp/btos/,T1
Ohio,US state,2024-05-06,2024.348,3.1,"US Census Bureau BTOS (Q7, answer Yes)",https://www.census.gov/hfp/btos/,T1
Ohio,US state,2024-05-20,2024.386,3.1,"US Census Bureau BTOS (Q7, answer Yes)",https://www.census.gov/hfp/btos/,T1
Ohio,US state,2024-06-03,2024.424,5.5,"US Census Bureau BTOS (Q7, answer Yes)",https://www.census.gov/hfp/btos/,T1
Ohio,US state,2024-06-17,2024.463,3.5,"US Census Bureau BTOS (Q7, answer Yes)",https://www.census.gov/hfp/btos/,T1
Ohio,US state,2024-07-01,2024.501,5.7,"US Census Bureau BTOS (Q7, answer Yes)",https://www.census.gov/hfp/btos/,T1
Ohio,US state,2024-07-15,2024.539,6.5,"US Census Bureau BTOS (Q7, answer Yes)",https://www.census.gov/hfp/btos/,T1
Ohio,US state,2024-07-29,2024.578,3.5,"US Census Bureau BTOS (Q7, answer Yes)",https://www.census.gov/hfp/btos/,T1
Ohio,US state,2024-08-12,2024.616,4.8,"US Census Bureau BTOS (Q7, answer Yes)",https://www.census.gov/hfp/btos/,T1
Ohio,US state,2024-08-26,2024.654,5.6,"US Census Bureau BTOS (Q7, answer Yes)",https://www.census.gov/hfp/btos/,T1
Ohio,US state,2024-09-09,2024.693,6.1,"US Census Bureau BTOS (Q7, answer Yes)",https://www.census.gov/hfp/btos/,T1
Ohio,US state,2024-09-23,2024.731,5.6,"US Census Bureau BTOS (Q7, answer Yes)",https://www.census.gov/hfp/btos/,T1
Ohio,US state,2024-10-07,2024.769,4.7,"US Census Bureau BTOS (Q7, answer Yes)",https://www.census.gov/hfp/btos/,T1
Ohio,US state,2024-10-21,2024.808,4.4,"US Census Bureau BTOS (Q7, answer Yes)",https://www.census.gov/hfp/btos/,T1
Ohio,US state,2024-11-04,2024.846,5.9,"US Census Bureau BTOS (Q7, answer Yes)",https://www.census.gov/hfp/btos/,T1
Ohio,US state,2024-11-18,2024.884,5.3,"US Census Bureau BTOS (Q7, answer Yes)",https://www.census.gov/hfp/btos/,T1
Ohio,US state,2024-12-02,2024.923,6.8,"US Census Bureau BTOS (Q7, answer Yes)",https://www.census.gov/hfp/btos/,T1
Ohio,US state,2024-12-16,2024.961,5.2,"US Census Bureau BTOS (Q7, answer Yes)",https://www.census.gov/hfp/btos/,T1
Ohio,US state,2024-12-30,2024.999,4.5,"US Census Bureau BTOS (Q7, answer Yes)",https://www.census.gov/hfp/btos/,T1
Ohio,US state,2025-01-13,2025.036,5.4,"US Census Bureau BTOS (Q7, answer Yes)",https://www.census.gov/hfp/btos/,T1
Ohio,US state,2025-01-27,2025.074,7.4,"US Census Bureau BTOS (Q7, answer Yes)",https://www.census.gov/hfp/btos/,T1
Ohio,US state,2025-02-10,2025.112,5.7,"US Census Bureau BTOS (Q7, answer Yes)",https://www.census.gov/hfp/btos/,T1
Ohio,US state,2025-02-24,2025.151,6.5,"US Census Bureau BTOS (Q7, answer Yes)",https://www.census.gov/hfp/btos/,T1
Ohio,US state,2025-03-10,2025.189,6.1,"US Census Bureau BTOS (Q7, answer Yes)",https://www.census.gov/hfp/btos/,T1
Ohio,US state,2025-03-24,2025.227,6.7,"US Census Bureau BTOS (Q7, answer Yes)",https://www.census.gov/hfp/btos/,T1
Ohio,US state,2025-04-07,2025.266,7.3,"US Census Bureau BTOS (Q7, answer Yes)",https://www.census.gov/hfp/btos/,T1
Ohio,US state,2025-04-21,2025.304,11.2,"US Census Bureau BTOS (Q7, answer Yes)",https://www.census.gov/hfp/btos/,T1
Ohio,US state,2025-05-05,2025.342,8.4,"US Census Bureau BTOS (Q7, answer Yes)",https://www.census.gov/hfp/btos/,T1
Ohio,US state,2025-05-19,2025.381,9.1,"US Census Bureau BTOS (Q7, answer Yes)",https://www.census.gov/hfp/btos/,T1
Ohio,US state,2025-06-02,2025.419,9.6,"US Census Bureau BTOS (Q7, answer Yes)",https://www.census.gov/hfp/btos/,T1
Ohio,US state,2025-06-16,2025.457,8.2,"US Census Bureau BTOS (Q7, answer Yes)",https://www.census.gov/hfp/btos/,T1
Ohio,US state,2025-06-30,2025.496,8.7,"US Census Bureau BTOS (Q7, answer Yes)",https://www.census.gov/hfp/btos/,T1
Ohio,US state,2025-07-14,2025.534,8.4,"US Census Bureau BTOS (Q7, answer Yes)",https://www.census.gov/hfp/btos/,T1
Ohio,US state,2025-07-28,2025.572,7.9,"US Census Bureau BTOS (Q7, answer Yes)",https://www.census.gov/hfp/btos/,T1
Ohio,US state,2025-08-11,2025.611,6.9,"US Census Bureau BTOS (Q7, answer Yes)",https://www.census.gov/hfp/btos/,T1
Ohio,US state,2025-08-25,2025.649,8.1,"US Census Bureau BTOS (Q7, answer Yes)",https://www.census.gov/hfp/btos/,T1
Ohio,US state,2025-09-08,2025.687,9.0,"US Census Bureau BTOS (Q7, answer Yes)",https://www.census.gov/hfp/btos/,T1
Ohio,US state,2025-09-22,2025.726,10.7,"US Census Bureau BTOS (Q7, answer Yes)",https://www.census.gov/hfp/btos/,T1
Ohio,US state,2025-11-17,2025.879,15.9,"US Census Bureau BTOS (Q7, answer Yes)",https://www.census.gov/hfp/btos/,T1
Ohio,US state,2025-12-01,2025.917,19.8,"US Census Bureau BTOS (Q7, answer Yes)",https://www.census.gov/hfp/btos/,T1
Ohio,US state,2025-12-15,2025.956,14.2,"US Census Bureau BTOS (Q7, answer Yes)",https://www.census.gov/hfp/btos/,T1
Ohio,US state,2025-12-29,2025.994,16.3,"US Census Bureau BTOS (Q7, answer Yes)",https://www.census.gov/hfp/btos/,T1
Ohio,US state,2026-01-12,2026.033,17.7,"US Census Bureau BTOS (Q7, answer Yes)",https://www.census.gov/hfp/btos/,T1
Ohio,US state,2026-01-26,2026.071,20.1,"US Census Bureau BTOS (Q7, answer Yes)",https://www.census.gov/hfp/btos/,T1
Ohio,US state,2026-02-09,2026.11,14.6,"US Census Bureau BTOS (Q7, answer Yes)",https://www.census.gov/hfp/btos/,T1
Ohio,US state,2026-02-23,2026.148,20.0,"US Census Bureau BTOS (Q7, answer Yes)",https://www.census.gov/hfp/btos/,T1
Ohio,US state,2026-03-09,2026.186,17.9,"US Census Bureau BTOS (Q7, answer Yes)",https://www.census.gov/hfp/btos/,T1
Ohio,US state,2026-03-23,2026.225,22.6,"US Census Bureau BTOS (Q7, answer Yes)",https://www.census.gov/hfp/btos/,T1
Ohio,US state,2026-04-06,2026.263,19.8,"US Census Bureau BTOS (Q7, answer Yes)",https://www.census.gov/hfp/btos/,T1
Ohio,US state,2026-04-20,2026.301,18.6,"US Census Bureau BTOS (Q7, answer Yes)",https://www.census.gov/hfp/btos/,T1
Ohio,US state,2026-05-04,2026.339,17.2,"US Census Bureau BTOS (Q7, answer Yes)",https://www.census.gov/hfp/btos/,T1
Ohio,US state,2026-05-18,2026.378,23.2,"US Census Bureau BTOS (Q7, answer Yes)",https://www.census.gov/hfp/btos/,T1
Ohio,US state,2026-06-01,2026.416,18.7,"US Census Bureau BTOS (Q7, answer Yes)",https://www.census.gov/hfp/btos/,T1
Ohio,US state,2026-06-15,2026.454,20.6,"US Census Bureau BTOS (Q7, answer Yes)",https://www.census.gov/hfp/btos/,T1
Oklahoma,US state,2023-09-11,2023.695,3.5,"US Census Bureau BTOS (Q7, answer Yes)",https://www.census.gov/hfp/btos/,T1
Oklahoma,US state,2023-10-23,2023.81,3.1,"US Census Bureau BTOS (Q7, answer Yes)",https://www.census.gov/hfp/btos/,T1
Oklahoma,US state,2023-11-06,2023.849,3.0,"US Census Bureau BTOS (Q7, answer Yes)",https://www.census.gov/hfp/btos/,T1
Oklahoma,US state,2023-11-20,2023.887,3.9,"US Census Bureau BTOS (Q7, answer Yes)",https://www.census.gov/hfp/btos/,T1
Oklahoma,US state,2023-12-18,2023.964,4.2,"US Census Bureau BTOS (Q7, answer Yes)",https://www.census.gov/hfp/btos/,T1
Oklahoma,US state,2024-01-15,2024.041,5.6,"US Census Bureau BTOS (Q7, answer Yes)",https://www.census.gov/hfp/btos/,T1
Oklahoma,US state,2024-02-12,2024.118,4.5,"US Census Bureau BTOS (Q7, answer Yes)",https://www.census.gov/hfp/btos/,T1
Oklahoma,US state,2024-03-11,2024.194,3.7,"US Census Bureau BTOS (Q7, answer Yes)",https://www.census.gov/hfp/btos/,T1
Oklahoma,US state,2024-04-08,2024.271,4.5,"US Census Bureau BTOS (Q7, answer Yes)",https://www.census.gov/hfp/btos/,T1
Oklahoma,US state,2024-06-03,2024.424,4.9,"US Census Bureau BTOS (Q7, answer Yes)",https://www.census.gov/hfp/btos/,T1
Oklahoma,US state,2024-06-17,2024.463,3.7,"US Census Bureau BTOS (Q7, answer Yes)",https://www.census.gov/hfp/btos/,T1
Oklahoma,US state,2024-08-12,2024.616,5.6,"US Census Bureau BTOS (Q7, answer Yes)",https://www.census.gov/hfp/btos/,T1
Oklahoma,US state,2024-08-26,2024.654,5.9,"US Census Bureau BTOS (Q7, answer Yes)",https://www.census.gov/hfp/btos/,T1
Oklahoma,US state,2024-09-09,2024.693,4.6,"US Census Bureau BTOS (Q7, answer Yes)",https://www.census.gov/hfp/btos/,T1
Oklahoma,US state,2024-10-07,2024.769,4.9,"US Census Bureau BTOS (Q7, answer Yes)",https://www.census.gov/hfp/btos/,T1
Oklahoma,US state,2024-10-21,2024.808,4.6,"US Census Bureau BTOS (Q7, answer Yes)",https://www.census.gov/hfp/btos/,T1
Oklahoma,US state,2024-11-04,2024.846,7.4,"US Census Bureau BTOS (Q7, answer Yes)",https://www.census.gov/hfp/btos/,T1
Oklahoma,US state,2024-11-18,2024.884,5.5,"US Census Bureau BTOS (Q7, answer Yes)",https://www.census.gov/hfp/btos/,T1
Oklahoma,US state,2024-12-02,2024.923,5.1,"US Census Bureau BTOS (Q7, answer Yes)",https://www.census.gov/hfp/btos/,T1
Oklahoma,US state,2024-12-16,2024.961,4.4,"US Census Bureau BTOS (Q7, answer Yes)",https://www.census.gov/hfp/btos/,T1
Oklahoma,US state,2025-01-13,2025.036,5.0,"US Census Bureau BTOS (Q7, answer Yes)",https://www.census.gov/hfp/btos/,T1
Oklahoma,US state,2025-01-27,2025.074,4.1,"US Census Bureau BTOS (Q7, answer Yes)",https://www.census.gov/hfp/btos/,T1
Oklahoma,US state,2025-02-10,2025.112,7.3,"US Census Bureau BTOS (Q7, answer Yes)",https://www.census.gov/hfp/btos/,T1
Oklahoma,US state,2025-02-24,2025.151,6.0,"US Census Bureau BTOS (Q7, answer Yes)",https://www.census.gov/hfp/btos/,T1
Oklahoma,US state,2025-03-10,2025.189,5.4,"US Census Bureau BTOS (Q7, answer Yes)",https://www.census.gov/hfp/btos/,T1
Oklahoma,US state,2025-03-24,2025.227,4.8,"US Census Bureau BTOS (Q7, answer Yes)",https://www.census.gov/hfp/btos/,T1
Oklahoma,US state,2025-04-07,2025.266,8.7,"US Census Bureau BTOS (Q7, answer Yes)",https://www.census.gov/hfp/btos/,T1
Oklahoma,US state,2025-04-21,2025.304,9.2,"US Census Bureau BTOS (Q7, answer Yes)",https://www.census.gov/hfp/btos/,T1
Oklahoma,US state,2025-05-05,2025.342,8.1,"US Census Bureau BTOS (Q7, answer Yes)",https://www.census.gov/hfp/btos/,T1
Oklahoma,US state,2025-05-19,2025.381,6.4,"US Census Bureau BTOS (Q7, answer Yes)",https://www.census.gov/hfp/btos/,T1
Oklahoma,US state,2025-06-02,2025.419,6.1,"US Census Bureau BTOS (Q7, answer Yes)",https://www.census.gov/hfp/btos/,T1
Oklahoma,US state,2025-06-16,2025.457,4.2,"US Census Bureau BTOS (Q7, answer Yes)",https://www.census.gov/hfp/btos/,T1
Oklahoma,US state,2025-06-30,2025.496,8.4,"US Census Bureau BTOS (Q7, answer Yes)",https://www.census.gov/hfp/btos/,T1
Oklahoma,US state,2025-07-14,2025.534,7.2,"US Census Bureau BTOS (Q7, answer Yes)",https://www.census.gov/hfp/btos/,T1
Oklahoma,US state,2025-07-28,2025.572,6.1,"US Census Bureau BTOS (Q7, answer Yes)",https://www.census.gov/hfp/btos/,T1
Oklahoma,US state,2025-08-11,2025.611,9.8,"US Census Bureau BTOS (Q7, answer Yes)",https://www.census.gov/hfp/btos/,T1
Oklahoma,US state,2025-08-25,2025.649,7.0,"US Census Bureau BTOS (Q7, answer Yes)",https://www.census.gov/hfp/btos/,T1
Oklahoma,US state,2025-09-08,2025.687,7.6,"US Census Bureau BTOS (Q7, answer Yes)",https://www.census.gov/hfp/btos/,T1
Oklahoma,US state,2025-09-22,2025.726,7.6,"US Census Bureau BTOS (Q7, answer Yes)",https://www.census.gov/hfp/btos/,T1
Oklahoma,US state,2025-11-17,2025.879,15.8,"US Census Bureau BTOS (Q7, answer Yes)",https://www.census.gov/hfp/btos/,T1
Oklahoma,US state,2025-12-01,2025.917,11.5,"US Census Bureau BTOS (Q7, answer Yes)",https://www.census.gov/hfp/btos/,T1
Oklahoma,US state,2025-12-15,2025.956,15.5,"US Census Bureau BTOS (Q7, answer Yes)",https://www.census.gov/hfp/btos/,T1
Oklahoma,US state,2025-12-29,2025.994,15.0,"US Census Bureau BTOS (Q7, answer Yes)",https://www.census.gov/hfp/btos/,T1
Oklahoma,US state,2026-01-12,2026.033,12.7,"US Census Bureau BTOS (Q7, answer Yes)",https://www.census.gov/hfp/btos/,T1
Oklahoma,US state,2026-01-26,2026.071,12.7,"US Census Bureau BTOS (Q7, answer Yes)",https://www.census.gov/hfp/btos/,T1
Oklahoma,US state,2026-02-09,2026.11,11.8,"US Census Bureau BTOS (Q7, answer Yes)",https://www.census.gov/hfp/btos/,T1
Oklahoma,US state,2026-02-23,2026.148,12.0,"US Census Bureau BTOS (Q7, answer Yes)",https://www.census.gov/hfp/btos/,T1
Oklahoma,US state,2026-03-09,2026.186,15.6,"US Census Bureau BTOS (Q7, answer Yes)",https://www.census.gov/hfp/btos/,T1
Oklahoma,US state,2026-03-23,2026.225,16.4,"US Census Bureau BTOS (Q7, answer Yes)",https://www.census.gov/hfp/btos/,T1
Oklahoma,US state,2026-04-06,2026.263,13.0,"US Census Bureau BTOS (Q7, answer Yes)",https://www.census.gov/hfp/btos/,T1
Oklahoma,US state,2026-04-20,2026.301,16.9,"US Census Bureau BTOS (Q7, answer Yes)",https://www.census.gov/hfp/btos/,T1
Oklahoma,US state,2026-05-04,2026.339,14.2,"US Census Bureau BTOS (Q7, answer Yes)",https://www.census.gov/hfp/btos/,T1
Oklahoma,US state,2026-05-18,2026.378,18.7,"US Census Bureau BTOS (Q7, answer Yes)",https://www.census.gov/hfp/btos/,T1
Oklahoma,US state,2026-06-01,2026.416,15.7,"US Census Bureau BTOS (Q7, answer Yes)",https://www.census.gov/hfp/btos/,T1
Oklahoma,US state,2026-06-15,2026.454,14.7,"US Census Bureau BTOS (Q7, answer Yes)",https://www.census.gov/hfp/btos/,T1
Oregon,US state,2023-09-11,2023.695,4.6,"US Census Bureau BTOS (Q7, answer Yes)",https://www.census.gov/hfp/btos/,T1
Oregon,US state,2023-09-25,2023.734,4.7,"US Census Bureau BTOS (Q7, answer Yes)",https://www.census.gov/hfp/btos/,T1
Oregon,US state,2023-10-09,2023.772,5.0,"US Census Bureau BTOS (Q7, answer Yes)",https://www.census.gov/hfp/btos/,T1
Oregon,US state,2023-10-23,2023.81,4.4,"US Census Bureau BTOS (Q7, answer Yes)",https://www.census.gov/hfp/btos/,T1
Oregon,US state,2023-11-06,2023.849,5.6,"US Census Bureau BTOS (Q7, answer Yes)",https://www.census.gov/hfp/btos/,T1
Oregon,US state,2023-11-20,2023.887,4.8,"US Census Bureau BTOS (Q7, answer Yes)",https://www.census.gov/hfp/btos/,T1
Oregon,US state,2023-12-04,2023.925,4.5,"US Census Bureau BTOS (Q7, answer Yes)",https://www.census.gov/hfp/btos/,T1
Oregon,US state,2023-12-18,2023.964,7.1,"US Census Bureau BTOS (Q7, answer Yes)",https://www.census.gov/hfp/btos/,T1
Oregon,US state,2024-01-01,2024.003,6.1,"US Census Bureau BTOS (Q7, answer Yes)",https://www.census.gov/hfp/btos/,T1
Oregon,US state,2024-01-15,2024.041,6.8,"US Census Bureau BTOS (Q7, answer Yes)",https://www.census.gov/hfp/btos/,T1
Oregon,US state,2024-01-29,2024.079,5.5,"US Census Bureau BTOS (Q7, answer Yes)",https://www.census.gov/hfp/btos/,T1
Oregon,US state,2024-02-12,2024.118,5.0,"US Census Bureau BTOS (Q7, answer Yes)",https://www.census.gov/hfp/btos/,T1
Oregon,US state,2024-02-26,2024.156,5.1,"US Census Bureau BTOS (Q7, answer Yes)",https://www.census.gov/hfp/btos/,T1
Oregon,US state,2024-03-11,2024.194,5.0,"US Census Bureau BTOS (Q7, answer Yes)",https://www.census.gov/hfp/btos/,T1
Oregon,US state,2024-03-25,2024.233,4.8,"US Census Bureau BTOS (Q7, answer Yes)",https://www.census.gov/hfp/btos/,T1
Oregon,US state,2024-04-08,2024.271,5.6,"US Census Bureau BTOS (Q7, answer Yes)",https://www.census.gov/hfp/btos/,T1
Oregon,US state,2024-04-22,2024.309,7.5,"US Census Bureau BTOS (Q7, answer Yes)",https://www.census.gov/hfp/btos/,T1
Oregon,US state,2024-05-06,2024.348,5.1,"US Census Bureau BTOS (Q7, answer Yes)",https://www.census.gov/hfp/btos/,T1
Oregon,US state,2024-05-20,2024.386,5.2,"US Census Bureau BTOS (Q7, answer Yes)",https://www.census.gov/hfp/btos/,T1
Oregon,US state,2024-06-03,2024.424,7.2,"US Census Bureau BTOS (Q7, answer Yes)",https://www.census.gov/hfp/btos/,T1
Oregon,US state,2024-06-17,2024.463,7.1,"US Census Bureau BTOS (Q7, answer Yes)",https://www.census.gov/hfp/btos/,T1
Oregon,US state,2024-07-01,2024.501,4.3,"US Census Bureau BTOS (Q7, answer Yes)",https://www.census.gov/hfp/btos/,T1
Oregon,US state,2024-07-15,2024.539,8.2,"US Census Bureau BTOS (Q7, answer Yes)",https://www.census.gov/hfp/btos/,T1
Oregon,US state,2024-07-29,2024.578,5.0,"US Census Bureau BTOS (Q7, answer Yes)",https://www.census.gov/hfp/btos/,T1
Oregon,US state,2024-08-12,2024.616,6.9,"US Census Bureau BTOS (Q7, answer Yes)",https://www.census.gov/hfp/btos/,T1
Oregon,US state,2024-08-26,2024.654,4.8,"US Census Bureau BTOS (Q7, answer Yes)",https://www.census.gov/hfp/btos/,T1
Oregon,US state,2024-09-09,2024.693,7.5,"US Census Bureau BTOS (Q7, answer Yes)",https://www.census.gov/hfp/btos/,T1
Oregon,US state,2024-09-23,2024.731,9.7,"US Census Bureau BTOS (Q7, answer Yes)",https://www.census.gov/hfp/btos/,T1
Oregon,US state,2024-10-07,2024.769,5.9,"US Census Bureau BTOS (Q7, answer Yes)",https://www.census.gov/hfp/btos/,T1
Oregon,US state,2024-10-21,2024.808,6.5,"US Census Bureau BTOS (Q7, answer Yes)",https://www.census.gov/hfp/btos/,T1
Oregon,US state,2024-11-04,2024.846,6.4,"US Census Bureau BTOS (Q7, answer Yes)",https://www.census.gov/hfp/btos/,T1
Oregon,US state,2024-11-18,2024.884,7.5,"US Census Bureau BTOS (Q7, answer Yes)",https://www.census.gov/hfp/btos/,T1
Oregon,US state,2024-12-02,2024.923,6.5,"US Census Bureau BTOS (Q7, answer Yes)",https://www.census.gov/hfp/btos/,T1
Oregon,US state,2024-12-16,2024.961,7.0,"US Census Bureau BTOS (Q7, answer Yes)",https://www.census.gov/hfp/btos/,T1
Oregon,US state,2024-12-30,2024.999,6.9,"US Census Bureau BTOS (Q7, answer Yes)",https://www.census.gov/hfp/btos/,T1
Oregon,US state,2025-01-13,2025.036,7.2,"US Census Bureau BTOS (Q7, answer Yes)",https://www.census.gov/hfp/btos/,T1
Oregon,US state,2025-01-27,2025.074,7.7,"US Census Bureau BTOS (Q7, answer Yes)",https://www.census.gov/hfp/btos/,T1
Oregon,US state,2025-02-10,2025.112,8.3,"US Census Bureau BTOS (Q7, answer Yes)",https://www.census.gov/hfp/btos/,T1
Oregon,US state,2025-02-24,2025.151,9.2,"US Census Bureau BTOS (Q7, answer Yes)",https://www.census.gov/hfp/btos/,T1
Oregon,US state,2025-03-10,2025.189,7.8,"US Census Bureau BTOS (Q7, answer Yes)",https://www.census.gov/hfp/btos/,T1
Oregon,US state,2025-03-24,2025.227,8.6,"US Census Bureau BTOS (Q7, answer Yes)",https://www.census.gov/hfp/btos/,T1
Oregon,US state,2025-04-07,2025.266,8.6,"US Census Bureau BTOS (Q7, answer Yes)",https://www.census.gov/hfp/btos/,T1
Oregon,US state,2025-04-21,2025.304,9.9,"US Census Bureau BTOS (Q7, answer Yes)",https://www.census.gov/hfp/btos/,T1
Oregon,US state,2025-05-05,2025.342,8.6,"US Census Bureau BTOS (Q7, answer Yes)",https://www.census.gov/hfp/btos/,T1
Oregon,US state,2025-05-19,2025.381,10.2,"US Census Bureau BTOS (Q7, answer Yes)",https://www.census.gov/hfp/btos/,T1
Oregon,US state,2025-06-02,2025.419,8.4,"US Census Bureau BTOS (Q7, answer Yes)",https://www.census.gov/hfp/btos/,T1
Oregon,US state,2025-06-16,2025.457,8.4,"US Census Bureau BTOS (Q7, answer Yes)",https://www.census.gov/hfp/btos/,T1
Oregon,US state,2025-06-30,2025.496,10.6,"US Census Bureau BTOS (Q7, answer Yes)",https://www.census.gov/hfp/btos/,T1
Oregon,US state,2025-07-14,2025.534,11.4,"US Census Bureau BTOS (Q7, answer Yes)",https://www.census.gov/hfp/btos/,T1
Oregon,US state,2025-07-28,2025.572,7.6,"US Census Bureau BTOS (Q7, answer Yes)",https://www.census.gov/hfp/btos/,T1
Oregon,US state,2025-08-11,2025.611,10.0,"US Census Bureau BTOS (Q7, answer Yes)",https://www.census.gov/hfp/btos/,T1
Oregon,US state,2025-08-25,2025.649,13.1,"US Census Bureau BTOS (Q7, answer Yes)",https://www.census.gov/hfp/btos/,T1
Oregon,US state,2025-09-08,2025.687,11.0,"US Census Bureau BTOS (Q7, answer Yes)",https://www.census.gov/hfp/btos/,T1
Oregon,US state,2025-09-22,2025.726,11.0,"US Census Bureau BTOS (Q7, answer Yes)",https://www.census.gov/hfp/btos/,T1
Oregon,US state,2025-11-17,2025.879,21.1,"US Census Bureau BTOS (Q7, answer Yes)",https://www.census.gov/hfp/btos/,T1
Oregon,US state,2025-12-01,2025.917,16.1,"US Census Bureau BTOS (Q7, answer Yes)",https://www.census.gov/hfp/btos/,T1
Oregon,US state,2025-12-15,2025.956,21.2,"US Census Bureau BTOS (Q7, answer Yes)",https://www.census.gov/hfp/btos/,T1
Oregon,US state,2025-12-29,2025.994,21.1,"US Census Bureau BTOS (Q7, answer Yes)",https://www.census.gov/hfp/btos/,T1
Oregon,US state,2026-01-12,2026.033,21.9,"US Census Bureau BTOS (Q7, answer Yes)",https://www.census.gov/hfp/btos/,T1
Oregon,US state,2026-01-26,2026.071,22.2,"US Census Bureau BTOS (Q7, answer Yes)",https://www.census.gov/hfp/btos/,T1
Oregon,US state,2026-02-09,2026.11,23.2,"US Census Bureau BTOS (Q7, answer Yes)",https://www.census.gov/hfp/btos/,T1
Oregon,US state,2026-02-23,2026.148,16.8,"US Census Bureau BTOS (Q7, answer Yes)",https://www.census.gov/hfp/btos/,T1
Oregon,US state,2026-03-09,2026.186,21.4,"US Census Bureau BTOS (Q7, answer Yes)",https://www.census.gov/hfp/btos/,T1
Oregon,US state,2026-03-23,2026.225,24.4,"US Census Bureau BTOS (Q7, answer Yes)",https://www.census.gov/hfp/btos/,T1
Oregon,US state,2026-04-06,2026.263,19.2,"US Census Bureau BTOS (Q7, answer Yes)",https://www.census.gov/hfp/btos/,T1
Oregon,US state,2026-04-20,2026.301,22.7,"US Census Bureau BTOS (Q7, answer Yes)",https://www.census.gov/hfp/btos/,T1
Oregon,US state,2026-05-04,2026.339,21.9,"US Census Bureau BTOS (Q7, answer Yes)",https://www.census.gov/hfp/btos/,T1
Oregon,US state,2026-05-18,2026.378,16.1,"US Census Bureau BTOS (Q7, answer Yes)",https://www.census.gov/hfp/btos/,T1
Oregon,US state,2026-06-01,2026.416,22.6,"US Census Bureau BTOS (Q7, answer Yes)",https://www.census.gov/hfp/btos/,T1
Oregon,US state,2026-06-15,2026.454,21.6,"US Census Bureau BTOS (Q7, answer Yes)",https://www.census.gov/hfp/btos/,T1
Pennsylvania,US state,2023-09-11,2023.695,3.0,"US Census Bureau BTOS (Q7, answer Yes)",https://www.census.gov/hfp/btos/,T1
Pennsylvania,US state,2023-09-25,2023.734,2.6,"US Census Bureau BTOS (Q7, answer Yes)",https://www.census.gov/hfp/btos/,T1
Pennsylvania,US state,2023-10-09,2023.772,2.8,"US Census Bureau BTOS (Q7, answer Yes)",https://www.census.gov/hfp/btos/,T1
Pennsylvania,US state,2023-10-23,2023.81,3.2,"US Census Bureau BTOS (Q7, answer Yes)",https://www.census.gov/hfp/btos/,T1
Pennsylvania,US state,2023-11-06,2023.849,2.9,"US Census Bureau BTOS (Q7, answer Yes)",https://www.census.gov/hfp/btos/,T1
Pennsylvania,US state,2023-11-20,2023.887,4.6,"US Census Bureau BTOS (Q7, answer Yes)",https://www.census.gov/hfp/btos/,T1
Pennsylvania,US state,2023-12-04,2023.925,4.3,"US Census Bureau BTOS (Q7, answer Yes)",https://www.census.gov/hfp/btos/,T1
Pennsylvania,US state,2023-12-18,2023.964,3.8,"US Census Bureau BTOS (Q7, answer Yes)",https://www.census.gov/hfp/btos/,T1
Pennsylvania,US state,2024-01-01,2024.003,3.8,"US Census Bureau BTOS (Q7, answer Yes)",https://www.census.gov/hfp/btos/,T1
Pennsylvania,US state,2024-01-15,2024.041,4.8,"US Census Bureau BTOS (Q7, answer Yes)",https://www.census.gov/hfp/btos/,T1
Pennsylvania,US state,2024-01-29,2024.079,3.7,"US Census Bureau BTOS (Q7, answer Yes)",https://www.census.gov/hfp/btos/,T1
Pennsylvania,US state,2024-02-12,2024.118,4.4,"US Census Bureau BTOS (Q7, answer Yes)",https://www.census.gov/hfp/btos/,T1
Pennsylvania,US state,2024-02-26,2024.156,3.6,"US Census Bureau BTOS (Q7, answer Yes)",https://www.census.gov/hfp/btos/,T1
Pennsylvania,US state,2024-03-11,2024.194,4.6,"US Census Bureau BTOS (Q7, answer Yes)",https://www.census.gov/hfp/btos/,T1
Pennsylvania,US state,2024-03-25,2024.233,3.1,"US Census Bureau BTOS (Q7, answer Yes)",https://www.census.gov/hfp/btos/,T1
Pennsylvania,US state,2024-04-08,2024.271,3.5,"US Census Bureau BTOS (Q7, answer Yes)",https://www.census.gov/hfp/btos/,T1
Pennsylvania,US state,2024-04-22,2024.309,2.5,"US Census Bureau BTOS (Q7, answer Yes)",https://www.census.gov/hfp/btos/,T1
Pennsylvania,US state,2024-05-06,2024.348,3.9,"US Census Bureau BTOS (Q7, answer Yes)",https://www.census.gov/hfp/btos/,T1
Pennsylvania,US state,2024-05-20,2024.386,4.2,"US Census Bureau BTOS (Q7, answer Yes)",https://www.census.gov/hfp/btos/,T1
Pennsylvania,US state,2024-06-03,2024.424,3.9,"US Census Bureau BTOS (Q7, answer Yes)",https://www.census.gov/hfp/btos/,T1
Pennsylvania,US state,2024-06-17,2024.463,3.6,"US Census Bureau BTOS (Q7, answer Yes)",https://www.census.gov/hfp/btos/,T1
Pennsylvania,US state,2024-07-01,2024.501,4.1,"US Census Bureau BTOS (Q7, answer Yes)",https://www.census.gov/hfp/btos/,T1
Pennsylvania,US state,2024-07-15,2024.539,2.6,"US Census Bureau BTOS (Q7, answer Yes)",https://www.census.gov/hfp/btos/,T1
Pennsylvania,US state,2024-07-29,2024.578,4.3,"US Census Bureau BTOS (Q7, answer Yes)",https://www.census.gov/hfp/btos/,T1
Pennsylvania,US state,2024-08-12,2024.616,4.1,"US Census Bureau BTOS (Q7, answer Yes)",https://www.census.gov/hfp/btos/,T1
Pennsylvania,US state,2024-08-26,2024.654,5.1,"US Census Bureau BTOS (Q7, answer Yes)",https://www.census.gov/hfp/btos/,T1
Pennsylvania,US state,2024-09-09,2024.693,4.3,"US Census Bureau BTOS (Q7, answer Yes)",https://www.census.gov/hfp/btos/,T1
Pennsylvania,US state,2024-09-23,2024.731,5.0,"US Census Bureau BTOS (Q7, answer Yes)",https://www.census.gov/hfp/btos/,T1
Pennsylvania,US state,2024-10-07,2024.769,5.8,"US Census Bureau BTOS (Q7, answer Yes)",https://www.census.gov/hfp/btos/,T1
Pennsylvania,US state,2024-10-21,2024.808,6.2,"US Census Bureau BTOS (Q7, answer Yes)",https://www.census.gov/hfp/btos/,T1
Pennsylvania,US state,2024-11-04,2024.846,4.9,"US Census Bureau BTOS (Q7, answer Yes)",https://www.census.gov/hfp/btos/,T1
Pennsylvania,US state,2024-11-18,2024.884,4.5,"US Census Bureau BTOS (Q7, answer Yes)",https://www.census.gov/hfp/btos/,T1
Pennsylvania,US state,2024-12-02,2024.923,5.2,"US Census Bureau BTOS (Q7, answer Yes)",https://www.census.gov/hfp/btos/,T1
Pennsylvania,US state,2024-12-16,2024.961,5.8,"US Census Bureau BTOS (Q7, answer Yes)",https://www.census.gov/hfp/btos/,T1
Pennsylvania,US state,2024-12-30,2024.999,5.7,"US Census Bureau BTOS (Q7, answer Yes)",https://www.census.gov/hfp/btos/,T1
Pennsylvania,US state,2025-01-13,2025.036,5.2,"US Census Bureau BTOS (Q7, answer Yes)",https://www.census.gov/hfp/btos/,T1
Pennsylvania,US state,2025-01-27,2025.074,5.9,"US Census Bureau BTOS (Q7, answer Yes)",https://www.census.gov/hfp/btos/,T1
Pennsylvania,US state,2025-02-10,2025.112,4.4,"US Census Bureau BTOS (Q7, answer Yes)",https://www.census.gov/hfp/btos/,T1
Pennsylvania,US state,2025-02-24,2025.151,7.0,"US Census Bureau BTOS (Q7, answer Yes)",https://www.census.gov/hfp/btos/,T1
Pennsylvania,US state,2025-03-10,2025.189,7.0,"US Census Bureau BTOS (Q7, answer Yes)",https://www.census.gov/hfp/btos/,T1
Pennsylvania,US state,2025-03-24,2025.227,7.9,"US Census Bureau BTOS (Q7, answer Yes)",https://www.census.gov/hfp/btos/,T1
Pennsylvania,US state,2025-04-07,2025.266,8.5,"US Census Bureau BTOS (Q7, answer Yes)",https://www.census.gov/hfp/btos/,T1
Pennsylvania,US state,2025-04-21,2025.304,6.5,"US Census Bureau BTOS (Q7, answer Yes)",https://www.census.gov/hfp/btos/,T1
Pennsylvania,US state,2025-05-05,2025.342,6.3,"US Census Bureau BTOS (Q7, answer Yes)",https://www.census.gov/hfp/btos/,T1
Pennsylvania,US state,2025-05-19,2025.381,6.0,"US Census Bureau BTOS (Q7, answer Yes)",https://www.census.gov/hfp/btos/,T1
Pennsylvania,US state,2025-06-02,2025.419,6.9,"US Census Bureau BTOS (Q7, answer Yes)",https://www.census.gov/hfp/btos/,T1
Pennsylvania,US state,2025-06-16,2025.457,9.1,"US Census Bureau BTOS (Q7, answer Yes)",https://www.census.gov/hfp/btos/,T1
Pennsylvania,US state,2025-06-30,2025.496,9.9,"US Census Bureau BTOS (Q7, answer Yes)",https://www.census.gov/hfp/btos/,T1
Pennsylvania,US state,2025-07-14,2025.534,10.1,"US Census Bureau BTOS (Q7, answer Yes)",https://www.census.gov/hfp/btos/,T1
Pennsylvania,US state,2025-07-28,2025.572,7.6,"US Census Bureau BTOS (Q7, answer Yes)",https://www.census.gov/hfp/btos/,T1
Pennsylvania,US state,2025-08-11,2025.611,7.4,"US Census Bureau BTOS (Q7, answer Yes)",https://www.census.gov/hfp/btos/,T1
Pennsylvania,US state,2025-08-25,2025.649,7.7,"US Census Bureau BTOS (Q7, answer Yes)",https://www.census.gov/hfp/btos/,T1
Pennsylvania,US state,2025-09-08,2025.687,7.9,"US Census Bureau BTOS (Q7, answer Yes)",https://www.census.gov/hfp/btos/,T1
Pennsylvania,US state,2025-09-22,2025.726,6.6,"US Census Bureau BTOS (Q7, answer Yes)",https://www.census.gov/hfp/btos/,T1
Pennsylvania,US state,2025-11-17,2025.879,15.5,"US Census Bureau BTOS (Q7, answer Yes)",https://www.census.gov/hfp/btos/,T1
Pennsylvania,US state,2025-12-01,2025.917,14.7,"US Census Bureau BTOS (Q7, answer Yes)",https://www.census.gov/hfp/btos/,T1
Pennsylvania,US state,2025-12-15,2025.956,15.5,"US Census Bureau BTOS (Q7, answer Yes)",https://www.census.gov/hfp/btos/,T1
Pennsylvania,US state,2025-12-29,2025.994,15.0,"US Census Bureau BTOS (Q7, answer Yes)",https://www.census.gov/hfp/btos/,T1
Pennsylvania,US state,2026-01-12,2026.033,15.7,"US Census Bureau BTOS (Q7, answer Yes)",https://www.census.gov/hfp/btos/,T1
Pennsylvania,US state,2026-01-26,2026.071,16.8,"US Census Bureau BTOS (Q7, answer Yes)",https://www.census.gov/hfp/btos/,T1
Pennsylvania,US state,2026-02-09,2026.11,15.7,"US Census Bureau BTOS (Q7, answer Yes)",https://www.census.gov/hfp/btos/,T1
Pennsylvania,US state,2026-02-23,2026.148,15.6,"US Census Bureau BTOS (Q7, answer Yes)",https://www.census.gov/hfp/btos/,T1
Pennsylvania,US state,2026-03-09,2026.186,17.5,"US Census Bureau BTOS (Q7, answer Yes)",https://www.census.gov/hfp/btos/,T1
Pennsylvania,US state,2026-03-23,2026.225,17.3,"US Census Bureau BTOS (Q7, answer Yes)",https://www.census.gov/hfp/btos/,T1
Pennsylvania,US state,2026-04-06,2026.263,15.7,"US Census Bureau BTOS (Q7, answer Yes)",https://www.census.gov/hfp/btos/,T1
Pennsylvania,US state,2026-04-20,2026.301,17.8,"US Census Bureau BTOS (Q7, answer Yes)",https://www.census.gov/hfp/btos/,T1
Pennsylvania,US state,2026-05-04,2026.339,16.1,"US Census Bureau BTOS (Q7, answer Yes)",https://www.census.gov/hfp/btos/,T1
Pennsylvania,US state,2026-05-18,2026.378,19.1,"US Census Bureau BTOS (Q7, answer Yes)",https://www.census.gov/hfp/btos/,T1
Pennsylvania,US state,2026-06-01,2026.416,17.0,"US Census Bureau BTOS (Q7, answer Yes)",https://www.census.gov/hfp/btos/,T1
Pennsylvania,US state,2026-06-15,2026.454,17.0,"US Census Bureau BTOS (Q7, answer Yes)",https://www.census.gov/hfp/btos/,T1
Puerto Rico,US state,2023-09-11,2023.695,3.8,"US Census Bureau BTOS (Q7, answer Yes)",https://www.census.gov/hfp/btos/,T1
Puerto Rico,US state,2023-10-23,2023.81,4.0,"US Census Bureau BTOS (Q7, answer Yes)",https://www.census.gov/hfp/btos/,T1
Puerto Rico,US state,2024-01-01,2024.003,5.3,"US Census Bureau BTOS (Q7, answer Yes)",https://www.census.gov/hfp/btos/,T1
Puerto Rico,US state,2024-04-22,2024.309,3.9,"US Census Bureau BTOS (Q7, answer Yes)",https://www.census.gov/hfp/btos/,T1
Puerto Rico,US state,2024-07-15,2024.539,5.4,"US Census Bureau BTOS (Q7, answer Yes)",https://www.census.gov/hfp/btos/,T1
Puerto Rico,US state,2024-08-26,2024.654,6.4,"US Census Bureau BTOS (Q7, answer Yes)",https://www.census.gov/hfp/btos/,T1
Puerto Rico,US state,2024-09-09,2024.693,3.7,"US Census Bureau BTOS (Q7, answer Yes)",https://www.census.gov/hfp/btos/,T1
Puerto Rico,US state,2024-09-23,2024.731,5.7,"US Census Bureau BTOS (Q7, answer Yes)",https://www.census.gov/hfp/btos/,T1
Puerto Rico,US state,2024-10-07,2024.769,5.9,"US Census Bureau BTOS (Q7, answer Yes)",https://www.census.gov/hfp/btos/,T1
Puerto Rico,US state,2024-10-21,2024.808,3.7,"US Census Bureau BTOS (Q7, answer Yes)",https://www.census.gov/hfp/btos/,T1
Puerto Rico,US state,2024-11-04,2024.846,4.8,"US Census Bureau BTOS (Q7, answer Yes)",https://www.census.gov/hfp/btos/,T1
Puerto Rico,US state,2024-11-18,2024.884,4.6,"US Census Bureau BTOS (Q7, answer Yes)",https://www.census.gov/hfp/btos/,T1
Puerto Rico,US state,2024-12-02,2024.923,8.4,"US Census Bureau BTOS (Q7, answer Yes)",https://www.census.gov/hfp/btos/,T1
Puerto Rico,US state,2025-01-13,2025.036,6.1,"US Census Bureau BTOS (Q7, answer Yes)",https://www.census.gov/hfp/btos/,T1
Puerto Rico,US state,2025-02-10,2025.112,6.4,"US Census Bureau BTOS (Q7, answer Yes)",https://www.census.gov/hfp/btos/,T1
Puerto Rico,US state,2025-02-24,2025.151,6.9,"US Census Bureau BTOS (Q7, answer Yes)",https://www.census.gov/hfp/btos/,T1
Puerto Rico,US state,2025-03-10,2025.189,4.3,"US Census Bureau BTOS (Q7, answer Yes)",https://www.census.gov/hfp/btos/,T1
Puerto Rico,US state,2025-04-07,2025.266,7.9,"US Census Bureau BTOS (Q7, answer Yes)",https://www.census.gov/hfp/btos/,T1
Puerto Rico,US state,2025-04-21,2025.304,7.1,"US Census Bureau BTOS (Q7, answer Yes)",https://www.census.gov/hfp/btos/,T1
Puerto Rico,US state,2025-05-05,2025.342,7.9,"US Census Bureau BTOS (Q7, answer Yes)",https://www.census.gov/hfp/btos/,T1
Puerto Rico,US state,2025-05-19,2025.381,8.5,"US Census Bureau BTOS (Q7, answer Yes)",https://www.census.gov/hfp/btos/,T1
Puerto Rico,US state,2025-06-02,2025.419,5.8,"US Census Bureau BTOS (Q7, answer Yes)",https://www.census.gov/hfp/btos/,T1
Puerto Rico,US state,2025-06-16,2025.457,7.2,"US Census Bureau BTOS (Q7, answer Yes)",https://www.census.gov/hfp/btos/,T1
Puerto Rico,US state,2025-07-14,2025.534,7.4,"US Census Bureau BTOS (Q7, answer Yes)",https://www.census.gov/hfp/btos/,T1
Puerto Rico,US state,2025-07-28,2025.572,5.2,"US Census Bureau BTOS (Q7, answer Yes)",https://www.census.gov/hfp/btos/,T1
Puerto Rico,US state,2025-08-11,2025.611,6.6,"US Census Bureau BTOS (Q7, answer Yes)",https://www.census.gov/hfp/btos/,T1
Puerto Rico,US state,2025-08-25,2025.649,7.6,"US Census Bureau BTOS (Q7, answer Yes)",https://www.census.gov/hfp/btos/,T1
Puerto Rico,US state,2025-09-08,2025.687,6.7,"US Census Bureau BTOS (Q7, answer Yes)",https://www.census.gov/hfp/btos/,T1
Puerto Rico,US state,2025-09-22,2025.726,6.8,"US Census Bureau BTOS (Q7, answer Yes)",https://www.census.gov/hfp/btos/,T1
Puerto Rico,US state,2025-11-17,2025.879,10.1,"US Census Bureau BTOS (Q7, answer Yes)",https://www.census.gov/hfp/btos/,T1
Puerto Rico,US state,2025-12-01,2025.917,14.2,"US Census Bureau BTOS (Q7, answer Yes)",https://www.census.gov/hfp/btos/,T1
Puerto Rico,US state,2025-12-15,2025.956,14.7,"US Census Bureau BTOS (Q7, answer Yes)",https://www.census.gov/hfp/btos/,T1
Puerto Rico,US state,2025-12-29,2025.994,7.3,"US Census Bureau BTOS (Q7, answer Yes)",https://www.census.gov/hfp/btos/,T1
Puerto Rico,US state,2026-01-12,2026.033,13.7,"US Census Bureau BTOS (Q7, answer Yes)",https://www.census.gov/hfp/btos/,T1
Puerto Rico,US state,2026-01-26,2026.071,9.3,"US Census Bureau BTOS (Q7, answer Yes)",https://www.census.gov/hfp/btos/,T1
Puerto Rico,US state,2026-02-09,2026.11,11.6,"US Census Bureau BTOS (Q7, answer Yes)",https://www.census.gov/hfp/btos/,T1
Puerto Rico,US state,2026-02-23,2026.148,17.4,"US Census Bureau BTOS (Q7, answer Yes)",https://www.census.gov/hfp/btos/,T1
Puerto Rico,US state,2026-03-09,2026.186,15.1,"US Census Bureau BTOS (Q7, answer Yes)",https://www.census.gov/hfp/btos/,T1
Puerto Rico,US state,2026-03-23,2026.225,10.8,"US Census Bureau BTOS (Q7, answer Yes)",https://www.census.gov/hfp/btos/,T1
Puerto Rico,US state,2026-04-06,2026.263,13.8,"US Census Bureau BTOS (Q7, answer Yes)",https://www.census.gov/hfp/btos/,T1
Puerto Rico,US state,2026-04-20,2026.301,14.4,"US Census Bureau BTOS (Q7, answer Yes)",https://www.census.gov/hfp/btos/,T1
Puerto Rico,US state,2026-05-04,2026.339,15.5,"US Census Bureau BTOS (Q7, answer Yes)",https://www.census.gov/hfp/btos/,T1
Puerto Rico,US state,2026-05-18,2026.378,14.3,"US Census Bureau BTOS (Q7, answer Yes)",https://www.census.gov/hfp/btos/,T1
Puerto Rico,US state,2026-06-01,2026.416,14.9,"US Census Bureau BTOS (Q7, answer Yes)",https://www.census.gov/hfp/btos/,T1
Puerto Rico,US state,2026-06-15,2026.454,14.5,"US Census Bureau BTOS (Q7, answer Yes)",https://www.census.gov/hfp/btos/,T1
Rhode Island,US state,2023-11-20,2023.887,8.7,"US Census Bureau BTOS (Q7, answer Yes)",https://www.census.gov/hfp/btos/,T1
Rhode Island,US state,2025-04-07,2025.266,16.1,"US Census Bureau BTOS (Q7, answer Yes)",https://www.census.gov/hfp/btos/,T1
Rhode Island,US state,2025-08-11,2025.611,11.1,"US Census Bureau BTOS (Q7, answer Yes)",https://www.census.gov/hfp/btos/,T1
Rhode Island,US state,2025-12-01,2025.917,20.7,"US Census Bureau BTOS (Q7, answer Yes)",https://www.census.gov/hfp/btos/,T1
Rhode Island,US state,2025-12-15,2025.956,26.4,"US Census Bureau BTOS (Q7, answer Yes)",https://www.census.gov/hfp/btos/,T1
Rhode Island,US state,2026-01-26,2026.071,17.9,"US Census Bureau BTOS (Q7, answer Yes)",https://www.census.gov/hfp/btos/,T1
Rhode Island,US state,2026-02-09,2026.11,11.3,"US Census Bureau BTOS (Q7, answer Yes)",https://www.census.gov/hfp/btos/,T1
Rhode Island,US state,2026-02-23,2026.148,21.0,"US Census Bureau BTOS (Q7, answer Yes)",https://www.census.gov/hfp/btos/,T1
Rhode Island,US state,2026-03-09,2026.186,21.6,"US Census Bureau BTOS (Q7, answer Yes)",https://www.census.gov/hfp/btos/,T1
Rhode Island,US state,2026-04-06,2026.263,12.6,"US Census Bureau BTOS (Q7, answer Yes)",https://www.census.gov/hfp/btos/,T1
Rhode Island,US state,2026-04-20,2026.301,19.7,"US Census Bureau BTOS (Q7, answer Yes)",https://www.census.gov/hfp/btos/,T1
Rhode Island,US state,2026-05-18,2026.378,23.3,"US Census Bureau BTOS (Q7, answer Yes)",https://www.census.gov/hfp/btos/,T1
Rhode Island,US state,2026-06-01,2026.416,27.3,"US Census Bureau BTOS (Q7, answer Yes)",https://www.census.gov/hfp/btos/,T1
South Carolina,US state,2023-09-25,2023.734,4.7,"US Census Bureau BTOS (Q7, answer Yes)",https://www.census.gov/hfp/btos/,T1
South Carolina,US state,2023-10-09,2023.772,2.9,"US Census Bureau BTOS (Q7, answer Yes)",https://www.census.gov/hfp/btos/,T1
South Carolina,US state,2023-10-23,2023.81,3.9,"US Census Bureau BTOS (Q7, answer Yes)",https://www.census.gov/hfp/btos/,T1
South Carolina,US state,2023-11-06,2023.849,3.2,"US Census Bureau BTOS (Q7, answer Yes)",https://www.census.gov/hfp/btos/,T1
South Carolina,US state,2023-11-20,2023.887,4.7,"US Census Bureau BTOS (Q7, answer Yes)",https://www.census.gov/hfp/btos/,T1
South Carolina,US state,2023-12-04,2023.925,5.4,"US Census Bureau BTOS (Q7, answer Yes)",https://www.census.gov/hfp/btos/,T1
South Carolina,US state,2023-12-18,2023.964,3.6,"US Census Bureau BTOS (Q7, answer Yes)",https://www.census.gov/hfp/btos/,T1
South Carolina,US state,2024-01-01,2024.003,3.8,"US Census Bureau BTOS (Q7, answer Yes)",https://www.census.gov/hfp/btos/,T1
South Carolina,US state,2024-01-15,2024.041,4.4,"US Census Bureau BTOS (Q7, answer Yes)",https://www.census.gov/hfp/btos/,T1
South Carolina,US state,2024-01-29,2024.079,4.4,"US Census Bureau BTOS (Q7, answer Yes)",https://www.census.gov/hfp/btos/,T1
South Carolina,US state,2024-02-12,2024.118,3.4,"US Census Bureau BTOS (Q7, answer Yes)",https://www.census.gov/hfp/btos/,T1
South Carolina,US state,2024-03-25,2024.233,3.8,"US Census Bureau BTOS (Q7, answer Yes)",https://www.census.gov/hfp/btos/,T1
South Carolina,US state,2024-04-08,2024.271,7.1,"US Census Bureau BTOS (Q7, answer Yes)",https://www.census.gov/hfp/btos/,T1
South Carolina,US state,2024-04-22,2024.309,3.9,"US Census Bureau BTOS (Q7, answer Yes)",https://www.census.gov/hfp/btos/,T1
South Carolina,US state,2024-05-06,2024.348,5.6,"US Census Bureau BTOS (Q7, answer Yes)",https://www.census.gov/hfp/btos/,T1
South Carolina,US state,2024-06-03,2024.424,4.7,"US Census Bureau BTOS (Q7, answer Yes)",https://www.census.gov/hfp/btos/,T1
South Carolina,US state,2024-07-01,2024.501,5.2,"US Census Bureau BTOS (Q7, answer Yes)",https://www.census.gov/hfp/btos/,T1
South Carolina,US state,2024-07-29,2024.578,7.4,"US Census Bureau BTOS (Q7, answer Yes)",https://www.census.gov/hfp/btos/,T1
South Carolina,US state,2024-08-12,2024.616,5.1,"US Census Bureau BTOS (Q7, answer Yes)",https://www.census.gov/hfp/btos/,T1
South Carolina,US state,2024-08-26,2024.654,4.4,"US Census Bureau BTOS (Q7, answer Yes)",https://www.census.gov/hfp/btos/,T1
South Carolina,US state,2024-09-09,2024.693,5.2,"US Census Bureau BTOS (Q7, answer Yes)",https://www.census.gov/hfp/btos/,T1
South Carolina,US state,2024-09-23,2024.731,4.0,"US Census Bureau BTOS (Q7, answer Yes)",https://www.census.gov/hfp/btos/,T1
South Carolina,US state,2024-10-07,2024.769,5.9,"US Census Bureau BTOS (Q7, answer Yes)",https://www.census.gov/hfp/btos/,T1
South Carolina,US state,2024-10-21,2024.808,4.2,"US Census Bureau BTOS (Q7, answer Yes)",https://www.census.gov/hfp/btos/,T1
South Carolina,US state,2024-11-04,2024.846,6.0,"US Census Bureau BTOS (Q7, answer Yes)",https://www.census.gov/hfp/btos/,T1
South Carolina,US state,2024-11-18,2024.884,4.1,"US Census Bureau BTOS (Q7, answer Yes)",https://www.census.gov/hfp/btos/,T1
South Carolina,US state,2024-12-02,2024.923,6.8,"US Census Bureau BTOS (Q7, answer Yes)",https://www.census.gov/hfp/btos/,T1
South Carolina,US state,2024-12-16,2024.961,2.9,"US Census Bureau BTOS (Q7, answer Yes)",https://www.census.gov/hfp/btos/,T1
South Carolina,US state,2024-12-30,2024.999,4.5,"US Census Bureau BTOS (Q7, answer Yes)",https://www.census.gov/hfp/btos/,T1
South Carolina,US state,2025-01-13,2025.036,8.1,"US Census Bureau BTOS (Q7, answer Yes)",https://www.census.gov/hfp/btos/,T1
South Carolina,US state,2025-01-27,2025.074,7.1,"US Census Bureau BTOS (Q7, answer Yes)",https://www.census.gov/hfp/btos/,T1
South Carolina,US state,2025-02-10,2025.112,6.7,"US Census Bureau BTOS (Q7, answer Yes)",https://www.census.gov/hfp/btos/,T1
South Carolina,US state,2025-02-24,2025.151,8.7,"US Census Bureau BTOS (Q7, answer Yes)",https://www.census.gov/hfp/btos/,T1
South Carolina,US state,2025-03-10,2025.189,5.9,"US Census Bureau BTOS (Q7, answer Yes)",https://www.census.gov/hfp/btos/,T1
South Carolina,US state,2025-03-24,2025.227,6.5,"US Census Bureau BTOS (Q7, answer Yes)",https://www.census.gov/hfp/btos/,T1
South Carolina,US state,2025-04-07,2025.266,9.0,"US Census Bureau BTOS (Q7, answer Yes)",https://www.census.gov/hfp/btos/,T1
South Carolina,US state,2025-04-21,2025.304,7.9,"US Census Bureau BTOS (Q7, answer Yes)",https://www.census.gov/hfp/btos/,T1
South Carolina,US state,2025-05-05,2025.342,8.3,"US Census Bureau BTOS (Q7, answer Yes)",https://www.census.gov/hfp/btos/,T1
South Carolina,US state,2025-05-19,2025.381,9.8,"US Census Bureau BTOS (Q7, answer Yes)",https://www.census.gov/hfp/btos/,T1
South Carolina,US state,2025-06-02,2025.419,6.2,"US Census Bureau BTOS (Q7, answer Yes)",https://www.census.gov/hfp/btos/,T1
South Carolina,US state,2025-06-16,2025.457,7.8,"US Census Bureau BTOS (Q7, answer Yes)",https://www.census.gov/hfp/btos/,T1
South Carolina,US state,2025-06-30,2025.496,4.2,"US Census Bureau BTOS (Q7, answer Yes)",https://www.census.gov/hfp/btos/,T1
South Carolina,US state,2025-07-14,2025.534,10.6,"US Census Bureau BTOS (Q7, answer Yes)",https://www.census.gov/hfp/btos/,T1
South Carolina,US state,2025-07-28,2025.572,10.5,"US Census Bureau BTOS (Q7, answer Yes)",https://www.census.gov/hfp/btos/,T1
South Carolina,US state,2025-08-11,2025.611,8.3,"US Census Bureau BTOS (Q7, answer Yes)",https://www.census.gov/hfp/btos/,T1
South Carolina,US state,2025-08-25,2025.649,8.4,"US Census Bureau BTOS (Q7, answer Yes)",https://www.census.gov/hfp/btos/,T1
South Carolina,US state,2025-09-08,2025.687,11.3,"US Census Bureau BTOS (Q7, answer Yes)",https://www.census.gov/hfp/btos/,T1
South Carolina,US state,2025-09-22,2025.726,10.5,"US Census Bureau BTOS (Q7, answer Yes)",https://www.census.gov/hfp/btos/,T1
South Carolina,US state,2025-11-17,2025.879,16.2,"US Census Bureau BTOS (Q7, answer Yes)",https://www.census.gov/hfp/btos/,T1
South Carolina,US state,2025-12-01,2025.917,14.9,"US Census Bureau BTOS (Q7, answer Yes)",https://www.census.gov/hfp/btos/,T1
South Carolina,US state,2025-12-15,2025.956,21.4,"US Census Bureau BTOS (Q7, answer Yes)",https://www.census.gov/hfp/btos/,T1
South Carolina,US state,2025-12-29,2025.994,12.0,"US Census Bureau BTOS (Q7, answer Yes)",https://www.census.gov/hfp/btos/,T1
South Carolina,US state,2026-01-12,2026.033,17.9,"US Census Bureau BTOS (Q7, answer Yes)",https://www.census.gov/hfp/btos/,T1
South Carolina,US state,2026-01-26,2026.071,20.4,"US Census Bureau BTOS (Q7, answer Yes)",https://www.census.gov/hfp/btos/,T1
South Carolina,US state,2026-02-09,2026.11,16.1,"US Census Bureau BTOS (Q7, answer Yes)",https://www.census.gov/hfp/btos/,T1
South Carolina,US state,2026-02-23,2026.148,20.5,"US Census Bureau BTOS (Q7, answer Yes)",https://www.census.gov/hfp/btos/,T1
South Carolina,US state,2026-03-09,2026.186,22.7,"US Census Bureau BTOS (Q7, answer Yes)",https://www.census.gov/hfp/btos/,T1
South Carolina,US state,2026-03-23,2026.225,14.0,"US Census Bureau BTOS (Q7, answer Yes)",https://www.census.gov/hfp/btos/,T1
South Carolina,US state,2026-04-06,2026.263,14.3,"US Census Bureau BTOS (Q7, answer Yes)",https://www.census.gov/hfp/btos/,T1
South Carolina,US state,2026-04-20,2026.301,17.3,"US Census Bureau BTOS (Q7, answer Yes)",https://www.census.gov/hfp/btos/,T1
South Carolina,US state,2026-05-04,2026.339,19.8,"US Census Bureau BTOS (Q7, answer Yes)",https://www.census.gov/hfp/btos/,T1
South Carolina,US state,2026-05-18,2026.378,19.4,"US Census Bureau BTOS (Q7, answer Yes)",https://www.census.gov/hfp/btos/,T1
South Carolina,US state,2026-06-01,2026.416,23.8,"US Census Bureau BTOS (Q7, answer Yes)",https://www.census.gov/hfp/btos/,T1
South Carolina,US state,2026-06-15,2026.454,21.2,"US Census Bureau BTOS (Q7, answer Yes)",https://www.census.gov/hfp/btos/,T1
South Dakota,US state,2023-11-20,2023.887,5.9,"US Census Bureau BTOS (Q7, answer Yes)",https://www.census.gov/hfp/btos/,T1
South Dakota,US state,2024-09-23,2024.731,6.8,"US Census Bureau BTOS (Q7, answer Yes)",https://www.census.gov/hfp/btos/,T1
South Dakota,US state,2024-10-07,2024.769,7.0,"US Census Bureau BTOS (Q7, answer Yes)",https://www.census.gov/hfp/btos/,T1
South Dakota,US state,2025-06-16,2025.457,9.5,"US Census Bureau BTOS (Q7, answer Yes)",https://www.census.gov/hfp/btos/,T1
South Dakota,US state,2025-08-11,2025.611,9.1,"US Census Bureau BTOS (Q7, answer Yes)",https://www.census.gov/hfp/btos/,T1
South Dakota,US state,2025-11-17,2025.879,11.5,"US Census Bureau BTOS (Q7, answer Yes)",https://www.census.gov/hfp/btos/,T1
South Dakota,US state,2025-12-01,2025.917,10.2,"US Census Bureau BTOS (Q7, answer Yes)",https://www.census.gov/hfp/btos/,T1
South Dakota,US state,2025-12-15,2025.956,19.3,"US Census Bureau BTOS (Q7, answer Yes)",https://www.census.gov/hfp/btos/,T1
South Dakota,US state,2025-12-29,2025.994,15.5,"US Census Bureau BTOS (Q7, answer Yes)",https://www.census.gov/hfp/btos/,T1
South Dakota,US state,2026-01-12,2026.033,17.3,"US Census Bureau BTOS (Q7, answer Yes)",https://www.census.gov/hfp/btos/,T1
South Dakota,US state,2026-01-26,2026.071,17.6,"US Census Bureau BTOS (Q7, answer Yes)",https://www.census.gov/hfp/btos/,T1
South Dakota,US state,2026-03-09,2026.186,19.4,"US Census Bureau BTOS (Q7, answer Yes)",https://www.census.gov/hfp/btos/,T1
South Dakota,US state,2026-03-23,2026.225,13.1,"US Census Bureau BTOS (Q7, answer Yes)",https://www.census.gov/hfp/btos/,T1
South Dakota,US state,2026-04-06,2026.263,16.7,"US Census Bureau BTOS (Q7, answer Yes)",https://www.census.gov/hfp/btos/,T1
South Dakota,US state,2026-04-20,2026.301,18.6,"US Census Bureau BTOS (Q7, answer Yes)",https://www.census.gov/hfp/btos/,T1
South Dakota,US state,2026-05-04,2026.339,15.4,"US Census Bureau BTOS (Q7, answer Yes)",https://www.census.gov/hfp/btos/,T1
South Dakota,US state,2026-05-18,2026.378,8.2,"US Census Bureau BTOS (Q7, answer Yes)",https://www.census.gov/hfp/btos/,T1
South Dakota,US state,2026-06-01,2026.416,27.6,"US Census Bureau BTOS (Q7, answer Yes)",https://www.census.gov/hfp/btos/,T1
South Dakota,US state,2026-06-15,2026.454,20.7,"US Census Bureau BTOS (Q7, answer Yes)",https://www.census.gov/hfp/btos/,T1
Tennessee,US state,2023-09-25,2023.734,4.4,"US Census Bureau BTOS (Q7, answer Yes)",https://www.census.gov/hfp/btos/,T1
Tennessee,US state,2023-10-09,2023.772,3.0,"US Census Bureau BTOS (Q7, answer Yes)",https://www.census.gov/hfp/btos/,T1
Tennessee,US state,2023-10-23,2023.81,3.1,"US Census Bureau BTOS (Q7, answer Yes)",https://www.census.gov/hfp/btos/,T1
Tennessee,US state,2023-11-06,2023.849,4.0,"US Census Bureau BTOS (Q7, answer Yes)",https://www.census.gov/hfp/btos/,T1
Tennessee,US state,2023-11-20,2023.887,5.3,"US Census Bureau BTOS (Q7, answer Yes)",https://www.census.gov/hfp/btos/,T1
Tennessee,US state,2023-12-04,2023.925,3.8,"US Census Bureau BTOS (Q7, answer Yes)",https://www.census.gov/hfp/btos/,T1
Tennessee,US state,2023-12-18,2023.964,4.7,"US Census Bureau BTOS (Q7, answer Yes)",https://www.census.gov/hfp/btos/,T1
Tennessee,US state,2024-01-01,2024.003,4.8,"US Census Bureau BTOS (Q7, answer Yes)",https://www.census.gov/hfp/btos/,T1
Tennessee,US state,2024-01-15,2024.041,5.3,"US Census Bureau BTOS (Q7, answer Yes)",https://www.census.gov/hfp/btos/,T1
Tennessee,US state,2024-01-29,2024.079,3.3,"US Census Bureau BTOS (Q7, answer Yes)",https://www.census.gov/hfp/btos/,T1
Tennessee,US state,2024-02-12,2024.118,7.3,"US Census Bureau BTOS (Q7, answer Yes)",https://www.census.gov/hfp/btos/,T1
Tennessee,US state,2024-02-26,2024.156,3.2,"US Census Bureau BTOS (Q7, answer Yes)",https://www.census.gov/hfp/btos/,T1
Tennessee,US state,2024-03-11,2024.194,2.2,"US Census Bureau BTOS (Q7, answer Yes)",https://www.census.gov/hfp/btos/,T1
Tennessee,US state,2024-03-25,2024.233,4.4,"US Census Bureau BTOS (Q7, answer Yes)",https://www.census.gov/hfp/btos/,T1
Tennessee,US state,2024-04-08,2024.271,4.4,"US Census Bureau BTOS (Q7, answer Yes)",https://www.census.gov/hfp/btos/,T1
Tennessee,US state,2024-04-22,2024.309,5.8,"US Census Bureau BTOS (Q7, answer Yes)",https://www.census.gov/hfp/btos/,T1
Tennessee,US state,2024-05-06,2024.348,3.9,"US Census Bureau BTOS (Q7, answer Yes)",https://www.census.gov/hfp/btos/,T1
Tennessee,US state,2024-05-20,2024.386,3.9,"US Census Bureau BTOS (Q7, answer Yes)",https://www.census.gov/hfp/btos/,T1
Tennessee,US state,2024-06-03,2024.424,4.0,"US Census Bureau BTOS (Q7, answer Yes)",https://www.census.gov/hfp/btos/,T1
Tennessee,US state,2024-06-17,2024.463,5.6,"US Census Bureau BTOS (Q7, answer Yes)",https://www.census.gov/hfp/btos/,T1
Tennessee,US state,2024-07-01,2024.501,3.1,"US Census Bureau BTOS (Q7, answer Yes)",https://www.census.gov/hfp/btos/,T1
Tennessee,US state,2024-07-15,2024.539,5.9,"US Census Bureau BTOS (Q7, answer Yes)",https://www.census.gov/hfp/btos/,T1
Tennessee,US state,2024-07-29,2024.578,3.4,"US Census Bureau BTOS (Q7, answer Yes)",https://www.census.gov/hfp/btos/,T1
Tennessee,US state,2024-08-12,2024.616,6.4,"US Census Bureau BTOS (Q7, answer Yes)",https://www.census.gov/hfp/btos/,T1
Tennessee,US state,2024-08-26,2024.654,4.4,"US Census Bureau BTOS (Q7, answer Yes)",https://www.census.gov/hfp/btos/,T1
Tennessee,US state,2024-09-09,2024.693,3.1,"US Census Bureau BTOS (Q7, answer Yes)",https://www.census.gov/hfp/btos/,T1
Tennessee,US state,2024-09-23,2024.731,5.7,"US Census Bureau BTOS (Q7, answer Yes)",https://www.census.gov/hfp/btos/,T1
Tennessee,US state,2024-10-07,2024.769,6.8,"US Census Bureau BTOS (Q7, answer Yes)",https://www.census.gov/hfp/btos/,T1
Tennessee,US state,2024-10-21,2024.808,2.6,"US Census Bureau BTOS (Q7, answer Yes)",https://www.census.gov/hfp/btos/,T1
Tennessee,US state,2024-11-04,2024.846,8.0,"US Census Bureau BTOS (Q7, answer Yes)",https://www.census.gov/hfp/btos/,T1
Tennessee,US state,2024-11-18,2024.884,6.3,"US Census Bureau BTOS (Q7, answer Yes)",https://www.census.gov/hfp/btos/,T1
Tennessee,US state,2024-12-02,2024.923,4.8,"US Census Bureau BTOS (Q7, answer Yes)",https://www.census.gov/hfp/btos/,T1
Tennessee,US state,2024-12-16,2024.961,4.9,"US Census Bureau BTOS (Q7, answer Yes)",https://www.census.gov/hfp/btos/,T1
Tennessee,US state,2024-12-30,2024.999,5.5,"US Census Bureau BTOS (Q7, answer Yes)",https://www.census.gov/hfp/btos/,T1
Tennessee,US state,2025-01-13,2025.036,3.6,"US Census Bureau BTOS (Q7, answer Yes)",https://www.census.gov/hfp/btos/,T1
Tennessee,US state,2025-01-27,2025.074,5.4,"US Census Bureau BTOS (Q7, answer Yes)",https://www.census.gov/hfp/btos/,T1
Tennessee,US state,2025-02-10,2025.112,5.4,"US Census Bureau BTOS (Q7, answer Yes)",https://www.census.gov/hfp/btos/,T1
Tennessee,US state,2025-02-24,2025.151,4.4,"US Census Bureau BTOS (Q7, answer Yes)",https://www.census.gov/hfp/btos/,T1
Tennessee,US state,2025-03-10,2025.189,6.0,"US Census Bureau BTOS (Q7, answer Yes)",https://www.census.gov/hfp/btos/,T1
Tennessee,US state,2025-03-24,2025.227,9.5,"US Census Bureau BTOS (Q7, answer Yes)",https://www.census.gov/hfp/btos/,T1
Tennessee,US state,2025-04-07,2025.266,6.1,"US Census Bureau BTOS (Q7, answer Yes)",https://www.census.gov/hfp/btos/,T1
Tennessee,US state,2025-04-21,2025.304,14.4,"US Census Bureau BTOS (Q7, answer Yes)",https://www.census.gov/hfp/btos/,T1
Tennessee,US state,2025-05-05,2025.342,6.1,"US Census Bureau BTOS (Q7, answer Yes)",https://www.census.gov/hfp/btos/,T1
Tennessee,US state,2025-05-19,2025.381,6.9,"US Census Bureau BTOS (Q7, answer Yes)",https://www.census.gov/hfp/btos/,T1
Tennessee,US state,2025-06-02,2025.419,9.1,"US Census Bureau BTOS (Q7, answer Yes)",https://www.census.gov/hfp/btos/,T1
Tennessee,US state,2025-06-16,2025.457,10.4,"US Census Bureau BTOS (Q7, answer Yes)",https://www.census.gov/hfp/btos/,T1
Tennessee,US state,2025-06-30,2025.496,5.1,"US Census Bureau BTOS (Q7, answer Yes)",https://www.census.gov/hfp/btos/,T1
Tennessee,US state,2025-07-14,2025.534,8.4,"US Census Bureau BTOS (Q7, answer Yes)",https://www.census.gov/hfp/btos/,T1
Tennessee,US state,2025-07-28,2025.572,9.3,"US Census Bureau BTOS (Q7, answer Yes)",https://www.census.gov/hfp/btos/,T1
Tennessee,US state,2025-08-11,2025.611,9.0,"US Census Bureau BTOS (Q7, answer Yes)",https://www.census.gov/hfp/btos/,T1
Tennessee,US state,2025-08-25,2025.649,8.1,"US Census Bureau BTOS (Q7, answer Yes)",https://www.census.gov/hfp/btos/,T1
Tennessee,US state,2025-09-08,2025.687,9.5,"US Census Bureau BTOS (Q7, answer Yes)",https://www.census.gov/hfp/btos/,T1
Tennessee,US state,2025-09-22,2025.726,9.6,"US Census Bureau BTOS (Q7, answer Yes)",https://www.census.gov/hfp/btos/,T1
Tennessee,US state,2025-11-17,2025.879,20.4,"US Census Bureau BTOS (Q7, answer Yes)",https://www.census.gov/hfp/btos/,T1
Tennessee,US state,2025-12-01,2025.917,17.4,"US Census Bureau BTOS (Q7, answer Yes)",https://www.census.gov/hfp/btos/,T1
Tennessee,US state,2025-12-15,2025.956,16.3,"US Census Bureau BTOS (Q7, answer Yes)",https://www.census.gov/hfp/btos/,T1
Tennessee,US state,2025-12-29,2025.994,13.4,"US Census Bureau BTOS (Q7, answer Yes)",https://www.census.gov/hfp/btos/,T1
Tennessee,US state,2026-01-12,2026.033,17.0,"US Census Bureau BTOS (Q7, answer Yes)",https://www.census.gov/hfp/btos/,T1
Tennessee,US state,2026-01-26,2026.071,17.4,"US Census Bureau BTOS (Q7, answer Yes)",https://www.census.gov/hfp/btos/,T1
Tennessee,US state,2026-02-09,2026.11,19.7,"US Census Bureau BTOS (Q7, answer Yes)",https://www.census.gov/hfp/btos/,T1
Tennessee,US state,2026-02-23,2026.148,20.0,"US Census Bureau BTOS (Q7, answer Yes)",https://www.census.gov/hfp/btos/,T1
Tennessee,US state,2026-03-09,2026.186,18.8,"US Census Bureau BTOS (Q7, answer Yes)",https://www.census.gov/hfp/btos/,T1
Tennessee,US state,2026-03-23,2026.225,15.8,"US Census Bureau BTOS (Q7, answer Yes)",https://www.census.gov/hfp/btos/,T1
Tennessee,US state,2026-04-06,2026.263,21.3,"US Census Bureau BTOS (Q7, answer Yes)",https://www.census.gov/hfp/btos/,T1
Tennessee,US state,2026-04-20,2026.301,13.4,"US Census Bureau BTOS (Q7, answer Yes)",https://www.census.gov/hfp/btos/,T1
Tennessee,US state,2026-05-04,2026.339,20.0,"US Census Bureau BTOS (Q7, answer Yes)",https://www.census.gov/hfp/btos/,T1
Tennessee,US state,2026-05-18,2026.378,19.2,"US Census Bureau BTOS (Q7, answer Yes)",https://www.census.gov/hfp/btos/,T1
Tennessee,US state,2026-06-01,2026.416,18.2,"US Census Bureau BTOS (Q7, answer Yes)",https://www.census.gov/hfp/btos/,T1
Tennessee,US state,2026-06-15,2026.454,17.2,"US Census Bureau BTOS (Q7, answer Yes)",https://www.census.gov/hfp/btos/,T1
Texas,US state,2023-09-11,2023.695,3.1,"US Census Bureau BTOS (Q7, answer Yes)",https://www.census.gov/hfp/btos/,T1
Texas,US state,2023-09-25,2023.734,3.8,"US Census Bureau BTOS (Q7, answer Yes)",https://www.census.gov/hfp/btos/,T1
Texas,US state,2023-10-09,2023.772,3.7,"US Census Bureau BTOS (Q7, answer Yes)",https://www.census.gov/hfp/btos/,T1
Texas,US state,2023-10-23,2023.81,3.5,"US Census Bureau BTOS (Q7, answer Yes)",https://www.census.gov/hfp/btos/,T1
Texas,US state,2023-11-06,2023.849,4.9,"US Census Bureau BTOS (Q7, answer Yes)",https://www.census.gov/hfp/btos/,T1
Texas,US state,2023-11-20,2023.887,5.0,"US Census Bureau BTOS (Q7, answer Yes)",https://www.census.gov/hfp/btos/,T1
Texas,US state,2023-12-04,2023.925,4.5,"US Census Bureau BTOS (Q7, answer Yes)",https://www.census.gov/hfp/btos/,T1
Texas,US state,2023-12-18,2023.964,6.0,"US Census Bureau BTOS (Q7, answer Yes)",https://www.census.gov/hfp/btos/,T1
Texas,US state,2024-01-01,2024.003,4.6,"US Census Bureau BTOS (Q7, answer Yes)",https://www.census.gov/hfp/btos/,T1
Texas,US state,2024-01-15,2024.041,4.8,"US Census Bureau BTOS (Q7, answer Yes)",https://www.census.gov/hfp/btos/,T1
Texas,US state,2024-01-29,2024.079,4.4,"US Census Bureau BTOS (Q7, answer Yes)",https://www.census.gov/hfp/btos/,T1
Texas,US state,2024-02-12,2024.118,6.3,"US Census Bureau BTOS (Q7, answer Yes)",https://www.census.gov/hfp/btos/,T1
Texas,US state,2024-02-26,2024.156,3.9,"US Census Bureau BTOS (Q7, answer Yes)",https://www.census.gov/hfp/btos/,T1
Texas,US state,2024-03-11,2024.194,4.5,"US Census Bureau BTOS (Q7, answer Yes)",https://www.census.gov/hfp/btos/,T1
Texas,US state,2024-03-25,2024.233,4.2,"US Census Bureau BTOS (Q7, answer Yes)",https://www.census.gov/hfp/btos/,T1
Texas,US state,2024-04-08,2024.271,4.4,"US Census Bureau BTOS (Q7, answer Yes)",https://www.census.gov/hfp/btos/,T1
Texas,US state,2024-04-22,2024.309,4.3,"US Census Bureau BTOS (Q7, answer Yes)",https://www.census.gov/hfp/btos/,T1
Texas,US state,2024-05-06,2024.348,4.9,"US Census Bureau BTOS (Q7, answer Yes)",https://www.census.gov/hfp/btos/,T1
Texas,US state,2024-05-20,2024.386,3.1,"US Census Bureau BTOS (Q7, answer Yes)",https://www.census.gov/hfp/btos/,T1
Texas,US state,2024-06-03,2024.424,6.6,"US Census Bureau BTOS (Q7, answer Yes)",https://www.census.gov/hfp/btos/,T1
Texas,US state,2024-06-17,2024.463,4.0,"US Census Bureau BTOS (Q7, answer Yes)",https://www.census.gov/hfp/btos/,T1
Texas,US state,2024-07-01,2024.501,5.3,"US Census Bureau BTOS (Q7, answer Yes)",https://www.census.gov/hfp/btos/,T1
Texas,US state,2024-07-15,2024.539,4.4,"US Census Bureau BTOS (Q7, answer Yes)",https://www.census.gov/hfp/btos/,T1
Texas,US state,2024-07-29,2024.578,4.8,"US Census Bureau BTOS (Q7, answer Yes)",https://www.census.gov/hfp/btos/,T1
Texas,US state,2024-08-12,2024.616,5.1,"US Census Bureau BTOS (Q7, answer Yes)",https://www.census.gov/hfp/btos/,T1
Texas,US state,2024-08-26,2024.654,5.0,"US Census Bureau BTOS (Q7, answer Yes)",https://www.census.gov/hfp/btos/,T1
Texas,US state,2024-09-09,2024.693,6.4,"US Census Bureau BTOS (Q7, answer Yes)",https://www.census.gov/hfp/btos/,T1
Texas,US state,2024-09-23,2024.731,7.2,"US Census Bureau BTOS (Q7, answer Yes)",https://www.census.gov/hfp/btos/,T1
Texas,US state,2024-10-07,2024.769,5.8,"US Census Bureau BTOS (Q7, answer Yes)",https://www.census.gov/hfp/btos/,T1
Texas,US state,2024-10-21,2024.808,5.7,"US Census Bureau BTOS (Q7, answer Yes)",https://www.census.gov/hfp/btos/,T1
Texas,US state,2024-11-04,2024.846,5.5,"US Census Bureau BTOS (Q7, answer Yes)",https://www.census.gov/hfp/btos/,T1
Texas,US state,2024-11-18,2024.884,5.8,"US Census Bureau BTOS (Q7, answer Yes)",https://www.census.gov/hfp/btos/,T1
Texas,US state,2024-12-02,2024.923,7.3,"US Census Bureau BTOS (Q7, answer Yes)",https://www.census.gov/hfp/btos/,T1
Texas,US state,2024-12-16,2024.961,7.7,"US Census Bureau BTOS (Q7, answer Yes)",https://www.census.gov/hfp/btos/,T1
Texas,US state,2024-12-30,2024.999,6.5,"US Census Bureau BTOS (Q7, answer Yes)",https://www.census.gov/hfp/btos/,T1
Texas,US state,2025-01-13,2025.036,7.1,"US Census Bureau BTOS (Q7, answer Yes)",https://www.census.gov/hfp/btos/,T1
Texas,US state,2025-01-27,2025.074,7.4,"US Census Bureau BTOS (Q7, answer Yes)",https://www.census.gov/hfp/btos/,T1
Texas,US state,2025-02-10,2025.112,7.5,"US Census Bureau BTOS (Q7, answer Yes)",https://www.census.gov/hfp/btos/,T1
Texas,US state,2025-02-24,2025.151,7.4,"US Census Bureau BTOS (Q7, answer Yes)",https://www.census.gov/hfp/btos/,T1
Texas,US state,2025-03-10,2025.189,9.2,"US Census Bureau BTOS (Q7, answer Yes)",https://www.census.gov/hfp/btos/,T1
Texas,US state,2025-03-24,2025.227,9.8,"US Census Bureau BTOS (Q7, answer Yes)",https://www.census.gov/hfp/btos/,T1
Texas,US state,2025-04-07,2025.266,8.3,"US Census Bureau BTOS (Q7, answer Yes)",https://www.census.gov/hfp/btos/,T1
Texas,US state,2025-04-21,2025.304,9.1,"US Census Bureau BTOS (Q7, answer Yes)",https://www.census.gov/hfp/btos/,T1
Texas,US state,2025-05-05,2025.342,8.1,"US Census Bureau BTOS (Q7, answer Yes)",https://www.census.gov/hfp/btos/,T1
Texas,US state,2025-05-19,2025.381,10.0,"US Census Bureau BTOS (Q7, answer Yes)",https://www.census.gov/hfp/btos/,T1
Texas,US state,2025-06-02,2025.419,9.3,"US Census Bureau BTOS (Q7, answer Yes)",https://www.census.gov/hfp/btos/,T1
Texas,US state,2025-06-16,2025.457,9.6,"US Census Bureau BTOS (Q7, answer Yes)",https://www.census.gov/hfp/btos/,T1
Texas,US state,2025-06-30,2025.496,10.4,"US Census Bureau BTOS (Q7, answer Yes)",https://www.census.gov/hfp/btos/,T1
Texas,US state,2025-07-14,2025.534,9.2,"US Census Bureau BTOS (Q7, answer Yes)",https://www.census.gov/hfp/btos/,T1
Texas,US state,2025-07-28,2025.572,10.0,"US Census Bureau BTOS (Q7, answer Yes)",https://www.census.gov/hfp/btos/,T1
Texas,US state,2025-08-11,2025.611,11.1,"US Census Bureau BTOS (Q7, answer Yes)",https://www.census.gov/hfp/btos/,T1
Texas,US state,2025-08-25,2025.649,10.4,"US Census Bureau BTOS (Q7, answer Yes)",https://www.census.gov/hfp/btos/,T1
Texas,US state,2025-09-08,2025.687,10.2,"US Census Bureau BTOS (Q7, answer Yes)",https://www.census.gov/hfp/btos/,T1
Texas,US state,2025-09-22,2025.726,10.2,"US Census Bureau BTOS (Q7, answer Yes)",https://www.census.gov/hfp/btos/,T1
Texas,US state,2025-11-17,2025.879,19.6,"US Census Bureau BTOS (Q7, answer Yes)",https://www.census.gov/hfp/btos/,T1
Texas,US state,2025-12-01,2025.917,19.6,"US Census Bureau BTOS (Q7, answer Yes)",https://www.census.gov/hfp/btos/,T1
Texas,US state,2025-12-15,2025.956,20.9,"US Census Bureau BTOS (Q7, answer Yes)",https://www.census.gov/hfp/btos/,T1
Texas,US state,2025-12-29,2025.994,19.0,"US Census Bureau BTOS (Q7, answer Yes)",https://www.census.gov/hfp/btos/,T1
Texas,US state,2026-01-12,2026.033,19.5,"US Census Bureau BTOS (Q7, answer Yes)",https://www.census.gov/hfp/btos/,T1
Texas,US state,2026-01-26,2026.071,19.9,"US Census Bureau BTOS (Q7, answer Yes)",https://www.census.gov/hfp/btos/,T1
Texas,US state,2026-02-09,2026.11,20.6,"US Census Bureau BTOS (Q7, answer Yes)",https://www.census.gov/hfp/btos/,T1
Texas,US state,2026-02-23,2026.148,17.9,"US Census Bureau BTOS (Q7, answer Yes)",https://www.census.gov/hfp/btos/,T1
Texas,US state,2026-03-09,2026.186,21.8,"US Census Bureau BTOS (Q7, answer Yes)",https://www.census.gov/hfp/btos/,T1
Texas,US state,2026-03-23,2026.225,20.5,"US Census Bureau BTOS (Q7, answer Yes)",https://www.census.gov/hfp/btos/,T1
Texas,US state,2026-04-06,2026.263,19.1,"US Census Bureau BTOS (Q7, answer Yes)",https://www.census.gov/hfp/btos/,T1
Texas,US state,2026-04-20,2026.301,20.6,"US Census Bureau BTOS (Q7, answer Yes)",https://www.census.gov/hfp/btos/,T1
Texas,US state,2026-05-04,2026.339,22.2,"US Census Bureau BTOS (Q7, answer Yes)",https://www.census.gov/hfp/btos/,T1
Texas,US state,2026-05-18,2026.378,20.9,"US Census Bureau BTOS (Q7, answer Yes)",https://www.census.gov/hfp/btos/,T1
Texas,US state,2026-06-01,2026.416,21.3,"US Census Bureau BTOS (Q7, answer Yes)",https://www.census.gov/hfp/btos/,T1
Texas,US state,2026-06-15,2026.454,22.3,"US Census Bureau BTOS (Q7, answer Yes)",https://www.census.gov/hfp/btos/,T1
United States (national),country,2023-09-11,2023.695,3.7,"US Census Bureau BTOS (Q7, answer Yes)",https://www.census.gov/hfp/btos/,T1
United States (national),country,2023-09-25,2023.734,3.7,"US Census Bureau BTOS (Q7, answer Yes)",https://www.census.gov/hfp/btos/,T1
United States (national),country,2023-10-09,2023.772,3.8,"US Census Bureau BTOS (Q7, answer Yes)",https://www.census.gov/hfp/btos/,T1
United States (national),country,2023-10-23,2023.81,3.9,"US Census Bureau BTOS (Q7, answer Yes)",https://www.census.gov/hfp/btos/,T1
United States (national),country,2023-11-06,2023.849,4.4,"US Census Bureau BTOS (Q7, answer Yes)",https://www.census.gov/hfp/btos/,T1
United States (national),country,2023-11-20,2023.887,4.6,"US Census Bureau BTOS (Q7, answer Yes)",https://www.census.gov/hfp/btos/,T1
United States (national),country,2023-12-04,2023.925,4.9,"US Census Bureau BTOS (Q7, answer Yes)",https://www.census.gov/hfp/btos/,T1
United States (national),country,2023-12-18,2023.964,4.9,"US Census Bureau BTOS (Q7, answer Yes)",https://www.census.gov/hfp/btos/,T1
United States (national),country,2024-01-01,2024.003,4.6,"US Census Bureau BTOS (Q7, answer Yes)",https://www.census.gov/hfp/btos/,T1
United States (national),country,2024-01-15,2024.041,5.3,"US Census Bureau BTOS (Q7, answer Yes)",https://www.census.gov/hfp/btos/,T1
United States (national),country,2024-01-29,2024.079,5.0,"US Census Bureau BTOS (Q7, answer Yes)",https://www.census.gov/hfp/btos/,T1
United States (national),country,2024-02-12,2024.118,5.4,"US Census Bureau BTOS (Q7, answer Yes)",https://www.census.gov/hfp/btos/,T1
United States (national),country,2024-02-26,2024.156,4.3,"US Census Bureau BTOS (Q7, answer Yes)",https://www.census.gov/hfp/btos/,T1
United States (national),country,2024-03-11,2024.194,4.4,"US Census Bureau BTOS (Q7, answer Yes)",https://www.census.gov/hfp/btos/,T1
United States (national),country,2024-03-25,2024.233,4.2,"US Census Bureau BTOS (Q7, answer Yes)",https://www.census.gov/hfp/btos/,T1
United States (national),country,2024-04-08,2024.271,4.8,"US Census Bureau BTOS (Q7, answer Yes)",https://www.census.gov/hfp/btos/,T1
United States (national),country,2024-04-22,2024.309,4.7,"US Census Bureau BTOS (Q7, answer Yes)",https://www.census.gov/hfp/btos/,T1
United States (national),country,2024-05-06,2024.348,4.8,"US Census Bureau BTOS (Q7, answer Yes)",https://www.census.gov/hfp/btos/,T1
United States (national),country,2024-05-20,2024.386,4.6,"US Census Bureau BTOS (Q7, answer Yes)",https://www.census.gov/hfp/btos/,T1
United States (national),country,2024-06-03,2024.424,5.0,"US Census Bureau BTOS (Q7, answer Yes)",https://www.census.gov/hfp/btos/,T1
United States (national),country,2024-06-17,2024.463,4.7,"US Census Bureau BTOS (Q7, answer Yes)",https://www.census.gov/hfp/btos/,T1
United States (national),country,2024-07-01,2024.501,5.0,"US Census Bureau BTOS (Q7, answer Yes)",https://www.census.gov/hfp/btos/,T1
United States (national),country,2024-07-15,2024.539,5.1,"US Census Bureau BTOS (Q7, answer Yes)",https://www.census.gov/hfp/btos/,T1
United States (national),country,2024-07-29,2024.578,5.1,"US Census Bureau BTOS (Q7, answer Yes)",https://www.census.gov/hfp/btos/,T1
United States (national),country,2024-08-12,2024.616,5.5,"US Census Bureau BTOS (Q7, answer Yes)",https://www.census.gov/hfp/btos/,T1
United States (national),country,2024-08-26,2024.654,5.7,"US Census Bureau BTOS (Q7, answer Yes)",https://www.census.gov/hfp/btos/,T1
United States (national),country,2024-09-09,2024.693,5.9,"US Census Bureau BTOS (Q7, answer Yes)",https://www.census.gov/hfp/btos/,T1
United States (national),country,2024-09-23,2024.731,6.0,"US Census Bureau BTOS (Q7, answer Yes)",https://www.census.gov/hfp/btos/,T1
United States (national),country,2024-10-07,2024.769,6.0,"US Census Bureau BTOS (Q7, answer Yes)",https://www.census.gov/hfp/btos/,T1
United States (national),country,2024-10-21,2024.808,6.0,"US Census Bureau BTOS (Q7, answer Yes)",https://www.census.gov/hfp/btos/,T1
United States (national),country,2024-11-04,2024.846,6.1,"US Census Bureau BTOS (Q7, answer Yes)",https://www.census.gov/hfp/btos/,T1
United States (national),country,2024-11-18,2024.884,6.1,"US Census Bureau BTOS (Q7, answer Yes)",https://www.census.gov/hfp/btos/,T1
United States (national),country,2024-12-02,2024.923,6.1,"US Census Bureau BTOS (Q7, answer Yes)",https://www.census.gov/hfp/btos/,T1
United States (national),country,2024-12-16,2024.961,6.3,"US Census Bureau BTOS (Q7, answer Yes)",https://www.census.gov/hfp/btos/,T1
United States (national),country,2024-12-30,2024.999,6.0,"US Census Bureau BTOS (Q7, answer Yes)",https://www.census.gov/hfp/btos/,T1
United States (national),country,2025-01-13,2025.036,6.7,"US Census Bureau BTOS (Q7, answer Yes)",https://www.census.gov/hfp/btos/,T1
United States (national),country,2025-01-27,2025.074,6.8,"US Census Bureau BTOS (Q7, answer Yes)",https://www.census.gov/hfp/btos/,T1
United States (national),country,2025-02-10,2025.112,7.3,"US Census Bureau BTOS (Q7, answer Yes)",https://www.census.gov/hfp/btos/,T1
United States (national),country,2025-02-24,2025.151,7.4,"US Census Bureau BTOS (Q7, answer Yes)",https://www.census.gov/hfp/btos/,T1
United States (national),country,2025-03-10,2025.189,7.8,"US Census Bureau BTOS (Q7, answer Yes)",https://www.census.gov/hfp/btos/,T1
United States (national),country,2025-03-24,2025.227,8.0,"US Census Bureau BTOS (Q7, answer Yes)",https://www.census.gov/hfp/btos/,T1
United States (national),country,2025-04-07,2025.266,8.3,"US Census Bureau BTOS (Q7, answer Yes)",https://www.census.gov/hfp/btos/,T1
United States (national),country,2025-04-21,2025.304,8.7,"US Census Bureau BTOS (Q7, answer Yes)",https://www.census.gov/hfp/btos/,T1
United States (national),country,2025-05-05,2025.342,8.7,"US Census Bureau BTOS (Q7, answer Yes)",https://www.census.gov/hfp/btos/,T1
United States (national),country,2025-05-19,2025.381,9.2,"US Census Bureau BTOS (Q7, answer Yes)",https://www.census.gov/hfp/btos/,T1
United States (national),country,2025-06-02,2025.419,9.2,"US Census Bureau BTOS (Q7, answer Yes)",https://www.census.gov/hfp/btos/,T1
United States (national),country,2025-06-16,2025.457,9.3,"US Census Bureau BTOS (Q7, answer Yes)",https://www.census.gov/hfp/btos/,T1
United States (national),country,2025-06-30,2025.496,9.3,"US Census Bureau BTOS (Q7, answer Yes)",https://www.census.gov/hfp/btos/,T1
United States (national),country,2025-07-14,2025.534,9.4,"US Census Bureau BTOS (Q7, answer Yes)",https://www.census.gov/hfp/btos/,T1
United States (national),country,2025-07-28,2025.572,8.8,"US Census Bureau BTOS (Q7, answer Yes)",https://www.census.gov/hfp/btos/,T1
United States (national),country,2025-08-11,2025.611,9.7,"US Census Bureau BTOS (Q7, answer Yes)",https://www.census.gov/hfp/btos/,T1
United States (national),country,2025-08-25,2025.649,9.1,"US Census Bureau BTOS (Q7, answer Yes)",https://www.census.gov/hfp/btos/,T1
United States (national),country,2025-09-08,2025.687,9.9,"US Census Bureau BTOS (Q7, answer Yes)",https://www.census.gov/hfp/btos/,T1
United States (national),country,2025-09-22,2025.726,10.0,"US Census Bureau BTOS (Q7, answer Yes)",https://www.census.gov/hfp/btos/,T1
United States (national),country,2025-11-17,2025.879,17.3,"US Census Bureau BTOS (Q7, answer Yes)",https://www.census.gov/hfp/btos/,T1
United States (national),country,2025-12-01,2025.917,17.2,"US Census Bureau BTOS (Q7, answer Yes)",https://www.census.gov/hfp/btos/,T1
United States (national),country,2025-12-15,2025.956,17.8,"US Census Bureau BTOS (Q7, answer Yes)",https://www.census.gov/hfp/btos/,T1
United States (national),country,2025-12-29,2025.994,17.7,"US Census Bureau BTOS (Q7, answer Yes)",https://www.census.gov/hfp/btos/,T1
United States (national),country,2026-01-12,2026.033,18.2,"US Census Bureau BTOS (Q7, answer Yes)",https://www.census.gov/hfp/btos/,T1
United States (national),country,2026-01-26,2026.071,18.9,"US Census Bureau BTOS (Q7, answer Yes)",https://www.census.gov/hfp/btos/,T1
United States (national),country,2026-02-09,2026.11,17.5,"US Census Bureau BTOS (Q7, answer Yes)",https://www.census.gov/hfp/btos/,T1
United States (national),country,2026-02-23,2026.148,18.2,"US Census Bureau BTOS (Q7, answer Yes)",https://www.census.gov/hfp/btos/,T1
United States (national),country,2026-03-09,2026.186,18.9,"US Census Bureau BTOS (Q7, answer Yes)",https://www.census.gov/hfp/btos/,T1
United States (national),country,2026-03-23,2026.225,19.1,"US Census Bureau BTOS (Q7, answer Yes)",https://www.census.gov/hfp/btos/,T1
United States (national),country,2026-04-06,2026.263,19.8,"US Census Bureau BTOS (Q7, answer Yes)",https://www.census.gov/hfp/btos/,T1
United States (national),country,2026-04-20,2026.301,19.8,"US Census Bureau BTOS (Q7, answer Yes)",https://www.census.gov/hfp/btos/,T1
United States (national),country,2026-05-04,2026.339,19.5,"US Census Bureau BTOS (Q7, answer Yes)",https://www.census.gov/hfp/btos/,T1
United States (national),country,2026-05-18,2026.378,20.6,"US Census Bureau BTOS (Q7, answer Yes)",https://www.census.gov/hfp/btos/,T1
United States (national),country,2026-06-01,2026.416,20.6,"US Census Bureau BTOS (Q7, answer Yes)",https://www.census.gov/hfp/btos/,T1
United States (national),country,2026-06-15,2026.454,20.6,"US Census Bureau BTOS (Q7, answer Yes)",https://www.census.gov/hfp/btos/,T1
Utah,US state,2023-09-11,2023.695,5.2,"US Census Bureau BTOS (Q7, answer Yes)",https://www.census.gov/hfp/btos/,T1
Utah,US state,2023-09-25,2023.734,4.6,"US Census Bureau BTOS (Q7, answer Yes)",https://www.census.gov/hfp/btos/,T1
Utah,US state,2023-10-09,2023.772,3.4,"US Census Bureau BTOS (Q7, answer Yes)",https://www.census.gov/hfp/btos/,T1
Utah,US state,2023-10-23,2023.81,2.8,"US Census Bureau BTOS (Q7, answer Yes)",https://www.census.gov/hfp/btos/,T1
Utah,US state,2023-11-06,2023.849,4.9,"US Census Bureau BTOS (Q7, answer Yes)",https://www.census.gov/hfp/btos/,T1
Utah,US state,2023-11-20,2023.887,4.8,"US Census Bureau BTOS (Q7, answer Yes)",https://www.census.gov/hfp/btos/,T1
Utah,US state,2023-12-04,2023.925,6.8,"US Census Bureau BTOS (Q7, answer Yes)",https://www.census.gov/hfp/btos/,T1
Utah,US state,2023-12-18,2023.964,5.8,"US Census Bureau BTOS (Q7, answer Yes)",https://www.census.gov/hfp/btos/,T1
Utah,US state,2024-01-01,2024.003,5.6,"US Census Bureau BTOS (Q7, answer Yes)",https://www.census.gov/hfp/btos/,T1
Utah,US state,2024-01-15,2024.041,6.3,"US Census Bureau BTOS (Q7, answer Yes)",https://www.census.gov/hfp/btos/,T1
Utah,US state,2024-01-29,2024.079,6.3,"US Census Bureau BTOS (Q7, answer Yes)",https://www.census.gov/hfp/btos/,T1
Utah,US state,2024-02-12,2024.118,8.1,"US Census Bureau BTOS (Q7, answer Yes)",https://www.census.gov/hfp/btos/,T1
Utah,US state,2024-02-26,2024.156,6.1,"US Census Bureau BTOS (Q7, answer Yes)",https://www.census.gov/hfp/btos/,T1
Utah,US state,2024-03-11,2024.194,4.2,"US Census Bureau BTOS (Q7, answer Yes)",https://www.census.gov/hfp/btos/,T1
Utah,US state,2024-03-25,2024.233,3.5,"US Census Bureau BTOS (Q7, answer Yes)",https://www.census.gov/hfp/btos/,T1
Utah,US state,2024-04-08,2024.271,5.6,"US Census Bureau BTOS (Q7, answer Yes)",https://www.census.gov/hfp/btos/,T1
Utah,US state,2024-04-22,2024.309,5.9,"US Census Bureau BTOS (Q7, answer Yes)",https://www.census.gov/hfp/btos/,T1
Utah,US state,2024-05-06,2024.348,6.2,"US Census Bureau BTOS (Q7, answer Yes)",https://www.census.gov/hfp/btos/,T1
Utah,US state,2024-05-20,2024.386,6.1,"US Census Bureau BTOS (Q7, answer Yes)",https://www.census.gov/hfp/btos/,T1
Utah,US state,2024-06-03,2024.424,7.7,"US Census Bureau BTOS (Q7, answer Yes)",https://www.census.gov/hfp/btos/,T1
Utah,US state,2024-06-17,2024.463,7.6,"US Census Bureau BTOS (Q7, answer Yes)",https://www.census.gov/hfp/btos/,T1
Utah,US state,2024-07-01,2024.501,6.1,"US Census Bureau BTOS (Q7, answer Yes)",https://www.census.gov/hfp/btos/,T1
Utah,US state,2024-07-15,2024.539,7.8,"US Census Bureau BTOS (Q7, answer Yes)",https://www.census.gov/hfp/btos/,T1
Utah,US state,2024-07-29,2024.578,4.9,"US Census Bureau BTOS (Q7, answer Yes)",https://www.census.gov/hfp/btos/,T1
Utah,US state,2024-08-12,2024.616,9.0,"US Census Bureau BTOS (Q7, answer Yes)",https://www.census.gov/hfp/btos/,T1
Utah,US state,2024-08-26,2024.654,9.1,"US Census Bureau BTOS (Q7, answer Yes)",https://www.census.gov/hfp/btos/,T1
Utah,US state,2024-09-09,2024.693,10.1,"US Census Bureau BTOS (Q7, answer Yes)",https://www.census.gov/hfp/btos/,T1
Utah,US state,2024-09-23,2024.731,8.4,"US Census Bureau BTOS (Q7, answer Yes)",https://www.census.gov/hfp/btos/,T1
Utah,US state,2024-10-07,2024.769,11.3,"US Census Bureau BTOS (Q7, answer Yes)",https://www.census.gov/hfp/btos/,T1
Utah,US state,2024-10-21,2024.808,6.5,"US Census Bureau BTOS (Q7, answer Yes)",https://www.census.gov/hfp/btos/,T1
Utah,US state,2024-11-04,2024.846,10.2,"US Census Bureau BTOS (Q7, answer Yes)",https://www.census.gov/hfp/btos/,T1
Utah,US state,2024-11-18,2024.884,7.9,"US Census Bureau BTOS (Q7, answer Yes)",https://www.census.gov/hfp/btos/,T1
Utah,US state,2024-12-02,2024.923,10.9,"US Census Bureau BTOS (Q7, answer Yes)",https://www.census.gov/hfp/btos/,T1
Utah,US state,2024-12-16,2024.961,7.3,"US Census Bureau BTOS (Q7, answer Yes)",https://www.census.gov/hfp/btos/,T1
Utah,US state,2024-12-30,2024.999,8.2,"US Census Bureau BTOS (Q7, answer Yes)",https://www.census.gov/hfp/btos/,T1
Utah,US state,2025-01-13,2025.036,8.1,"US Census Bureau BTOS (Q7, answer Yes)",https://www.census.gov/hfp/btos/,T1
Utah,US state,2025-01-27,2025.074,9.0,"US Census Bureau BTOS (Q7, answer Yes)",https://www.census.gov/hfp/btos/,T1
Utah,US state,2025-02-10,2025.112,11.7,"US Census Bureau BTOS (Q7, answer Yes)",https://www.census.gov/hfp/btos/,T1
Utah,US state,2025-02-24,2025.151,9.1,"US Census Bureau BTOS (Q7, answer Yes)",https://www.census.gov/hfp/btos/,T1
Utah,US state,2025-03-10,2025.189,6.9,"US Census Bureau BTOS (Q7, answer Yes)",https://www.census.gov/hfp/btos/,T1
Utah,US state,2025-03-24,2025.227,9.3,"US Census Bureau BTOS (Q7, answer Yes)",https://www.census.gov/hfp/btos/,T1
Utah,US state,2025-04-07,2025.266,12.4,"US Census Bureau BTOS (Q7, answer Yes)",https://www.census.gov/hfp/btos/,T1
Utah,US state,2025-04-21,2025.304,11.4,"US Census Bureau BTOS (Q7, answer Yes)",https://www.census.gov/hfp/btos/,T1
Utah,US state,2025-05-05,2025.342,13.3,"US Census Bureau BTOS (Q7, answer Yes)",https://www.census.gov/hfp/btos/,T1
Utah,US state,2025-05-19,2025.381,14.6,"US Census Bureau BTOS (Q7, answer Yes)",https://www.census.gov/hfp/btos/,T1
Utah,US state,2025-06-02,2025.419,9.7,"US Census Bureau BTOS (Q7, answer Yes)",https://www.census.gov/hfp/btos/,T1
Utah,US state,2025-06-16,2025.457,13.3,"US Census Bureau BTOS (Q7, answer Yes)",https://www.census.gov/hfp/btos/,T1
Utah,US state,2025-06-30,2025.496,13.0,"US Census Bureau BTOS (Q7, answer Yes)",https://www.census.gov/hfp/btos/,T1
Utah,US state,2025-07-14,2025.534,8.3,"US Census Bureau BTOS (Q7, answer Yes)",https://www.census.gov/hfp/btos/,T1
Utah,US state,2025-07-28,2025.572,14.4,"US Census Bureau BTOS (Q7, answer Yes)",https://www.census.gov/hfp/btos/,T1
Utah,US state,2025-08-11,2025.611,10.3,"US Census Bureau BTOS (Q7, answer Yes)",https://www.census.gov/hfp/btos/,T1
Utah,US state,2025-08-25,2025.649,11.2,"US Census Bureau BTOS (Q7, answer Yes)",https://www.census.gov/hfp/btos/,T1
Utah,US state,2025-09-08,2025.687,11.0,"US Census Bureau BTOS (Q7, answer Yes)",https://www.census.gov/hfp/btos/,T1
Utah,US state,2025-09-22,2025.726,15.6,"US Census Bureau BTOS (Q7, answer Yes)",https://www.census.gov/hfp/btos/,T1
Utah,US state,2025-11-17,2025.879,15.3,"US Census Bureau BTOS (Q7, answer Yes)",https://www.census.gov/hfp/btos/,T1
Utah,US state,2025-12-01,2025.917,17.3,"US Census Bureau BTOS (Q7, answer Yes)",https://www.census.gov/hfp/btos/,T1
Utah,US state,2025-12-15,2025.956,23.5,"US Census Bureau BTOS (Q7, answer Yes)",https://www.census.gov/hfp/btos/,T1
Utah,US state,2025-12-29,2025.994,15.2,"US Census Bureau BTOS (Q7, answer Yes)",https://www.census.gov/hfp/btos/,T1
Utah,US state,2026-01-12,2026.033,17.6,"US Census Bureau BTOS (Q7, answer Yes)",https://www.census.gov/hfp/btos/,T1
Utah,US state,2026-01-26,2026.071,22.8,"US Census Bureau BTOS (Q7, answer Yes)",https://www.census.gov/hfp/btos/,T1
Utah,US state,2026-02-09,2026.11,18.9,"US Census Bureau BTOS (Q7, answer Yes)",https://www.census.gov/hfp/btos/,T1
Utah,US state,2026-02-23,2026.148,26.8,"US Census Bureau BTOS (Q7, answer Yes)",https://www.census.gov/hfp/btos/,T1
Utah,US state,2026-03-09,2026.186,25.3,"US Census Bureau BTOS (Q7, answer Yes)",https://www.census.gov/hfp/btos/,T1
Utah,US state,2026-03-23,2026.225,19.7,"US Census Bureau BTOS (Q7, answer Yes)",https://www.census.gov/hfp/btos/,T1
Utah,US state,2026-04-06,2026.263,22.6,"US Census Bureau BTOS (Q7, answer Yes)",https://www.census.gov/hfp/btos/,T1
Utah,US state,2026-04-20,2026.301,21.6,"US Census Bureau BTOS (Q7, answer Yes)",https://www.census.gov/hfp/btos/,T1
Utah,US state,2026-05-04,2026.339,23.1,"US Census Bureau BTOS (Q7, answer Yes)",https://www.census.gov/hfp/btos/,T1
Utah,US state,2026-05-18,2026.378,24.8,"US Census Bureau BTOS (Q7, answer Yes)",https://www.census.gov/hfp/btos/,T1
Utah,US state,2026-06-01,2026.416,24.5,"US Census Bureau BTOS (Q7, answer Yes)",https://www.census.gov/hfp/btos/,T1
Utah,US state,2026-06-15,2026.454,20.7,"US Census Bureau BTOS (Q7, answer Yes)",https://www.census.gov/hfp/btos/,T1
Virginia,US state,2023-09-11,2023.695,4.1,"US Census Bureau BTOS (Q7, answer Yes)",https://www.census.gov/hfp/btos/,T1
Virginia,US state,2023-09-25,2023.734,4.2,"US Census Bureau BTOS (Q7, answer Yes)",https://www.census.gov/hfp/btos/,T1
Virginia,US state,2023-10-09,2023.772,3.4,"US Census Bureau BTOS (Q7, answer Yes)",https://www.census.gov/hfp/btos/,T1
Virginia,US state,2023-10-23,2023.81,4.6,"US Census Bureau BTOS (Q7, answer Yes)",https://www.census.gov/hfp/btos/,T1
Virginia,US state,2023-11-06,2023.849,4.9,"US Census Bureau BTOS (Q7, answer Yes)",https://www.census.gov/hfp/btos/,T1
Virginia,US state,2023-11-20,2023.887,5.4,"US Census Bureau BTOS (Q7, answer Yes)",https://www.census.gov/hfp/btos/,T1
Virginia,US state,2023-12-04,2023.925,4.5,"US Census Bureau BTOS (Q7, answer Yes)",https://www.census.gov/hfp/btos/,T1
Virginia,US state,2023-12-18,2023.964,3.1,"US Census Bureau BTOS (Q7, answer Yes)",https://www.census.gov/hfp/btos/,T1
Virginia,US state,2024-01-01,2024.003,4.5,"US Census Bureau BTOS (Q7, answer Yes)",https://www.census.gov/hfp/btos/,T1
Virginia,US state,2024-01-15,2024.041,5.6,"US Census Bureau BTOS (Q7, answer Yes)",https://www.census.gov/hfp/btos/,T1
Virginia,US state,2024-01-29,2024.079,5.4,"US Census Bureau BTOS (Q7, answer Yes)",https://www.census.gov/hfp/btos/,T1
Virginia,US state,2024-02-12,2024.118,5.2,"US Census Bureau BTOS (Q7, answer Yes)",https://www.census.gov/hfp/btos/,T1
Virginia,US state,2024-02-26,2024.156,5.7,"US Census Bureau BTOS (Q7, answer Yes)",https://www.census.gov/hfp/btos/,T1
Virginia,US state,2024-03-11,2024.194,4.8,"US Census Bureau BTOS (Q7, answer Yes)",https://www.census.gov/hfp/btos/,T1
Virginia,US state,2024-03-25,2024.233,4.5,"US Census Bureau BTOS (Q7, answer Yes)",https://www.census.gov/hfp/btos/,T1
Virginia,US state,2024-04-08,2024.271,5.3,"US Census Bureau BTOS (Q7, answer Yes)",https://www.census.gov/hfp/btos/,T1
Virginia,US state,2024-04-22,2024.309,4.8,"US Census Bureau BTOS (Q7, answer Yes)",https://www.census.gov/hfp/btos/,T1
Virginia,US state,2024-05-06,2024.348,5.8,"US Census Bureau BTOS (Q7, answer Yes)",https://www.census.gov/hfp/btos/,T1
Virginia,US state,2024-05-20,2024.386,4.5,"US Census Bureau BTOS (Q7, answer Yes)",https://www.census.gov/hfp/btos/,T1
Virginia,US state,2024-06-03,2024.424,6.1,"US Census Bureau BTOS (Q7, answer Yes)",https://www.census.gov/hfp/btos/,T1
Virginia,US state,2024-06-17,2024.463,3.9,"US Census Bureau BTOS (Q7, answer Yes)",https://www.census.gov/hfp/btos/,T1
Virginia,US state,2024-07-01,2024.501,6.1,"US Census Bureau BTOS (Q7, answer Yes)",https://www.census.gov/hfp/btos/,T1
Virginia,US state,2024-07-15,2024.539,4.9,"US Census Bureau BTOS (Q7, answer Yes)",https://www.census.gov/hfp/btos/,T1
Virginia,US state,2024-07-29,2024.578,4.5,"US Census Bureau BTOS (Q7, answer Yes)",https://www.census.gov/hfp/btos/,T1
Virginia,US state,2024-08-12,2024.616,6.8,"US Census Bureau BTOS (Q7, answer Yes)",https://www.census.gov/hfp/btos/,T1
Virginia,US state,2024-08-26,2024.654,5.6,"US Census Bureau BTOS (Q7, answer Yes)",https://www.census.gov/hfp/btos/,T1
Virginia,US state,2024-09-09,2024.693,5.2,"US Census Bureau BTOS (Q7, answer Yes)",https://www.census.gov/hfp/btos/,T1
Virginia,US state,2024-09-23,2024.731,5.1,"US Census Bureau BTOS (Q7, answer Yes)",https://www.census.gov/hfp/btos/,T1
Virginia,US state,2024-10-07,2024.769,7.9,"US Census Bureau BTOS (Q7, answer Yes)",https://www.census.gov/hfp/btos/,T1
Virginia,US state,2024-10-21,2024.808,6.1,"US Census Bureau BTOS (Q7, answer Yes)",https://www.census.gov/hfp/btos/,T1
Virginia,US state,2024-11-04,2024.846,6.1,"US Census Bureau BTOS (Q7, answer Yes)",https://www.census.gov/hfp/btos/,T1
Virginia,US state,2024-11-18,2024.884,6.7,"US Census Bureau BTOS (Q7, answer Yes)",https://www.census.gov/hfp/btos/,T1
Virginia,US state,2024-12-02,2024.923,6.3,"US Census Bureau BTOS (Q7, answer Yes)",https://www.census.gov/hfp/btos/,T1
Virginia,US state,2024-12-16,2024.961,6.7,"US Census Bureau BTOS (Q7, answer Yes)",https://www.census.gov/hfp/btos/,T1
Virginia,US state,2024-12-30,2024.999,6.7,"US Census Bureau BTOS (Q7, answer Yes)",https://www.census.gov/hfp/btos/,T1
Virginia,US state,2025-01-13,2025.036,5.3,"US Census Bureau BTOS (Q7, answer Yes)",https://www.census.gov/hfp/btos/,T1
Virginia,US state,2025-01-27,2025.074,7.3,"US Census Bureau BTOS (Q7, answer Yes)",https://www.census.gov/hfp/btos/,T1
Virginia,US state,2025-02-10,2025.112,7.7,"US Census Bureau BTOS (Q7, answer Yes)",https://www.census.gov/hfp/btos/,T1
Virginia,US state,2025-02-24,2025.151,6.7,"US Census Bureau BTOS (Q7, answer Yes)",https://www.census.gov/hfp/btos/,T1
Virginia,US state,2025-03-10,2025.189,7.5,"US Census Bureau BTOS (Q7, answer Yes)",https://www.census.gov/hfp/btos/,T1
Virginia,US state,2025-03-24,2025.227,6.5,"US Census Bureau BTOS (Q7, answer Yes)",https://www.census.gov/hfp/btos/,T1
Virginia,US state,2025-04-07,2025.266,8.8,"US Census Bureau BTOS (Q7, answer Yes)",https://www.census.gov/hfp/btos/,T1
Virginia,US state,2025-04-21,2025.304,11.0,"US Census Bureau BTOS (Q7, answer Yes)",https://www.census.gov/hfp/btos/,T1
Virginia,US state,2025-05-05,2025.342,8.9,"US Census Bureau BTOS (Q7, answer Yes)",https://www.census.gov/hfp/btos/,T1
Virginia,US state,2025-05-19,2025.381,9.0,"US Census Bureau BTOS (Q7, answer Yes)",https://www.census.gov/hfp/btos/,T1
Virginia,US state,2025-06-02,2025.419,8.0,"US Census Bureau BTOS (Q7, answer Yes)",https://www.census.gov/hfp/btos/,T1
Virginia,US state,2025-06-16,2025.457,9.9,"US Census Bureau BTOS (Q7, answer Yes)",https://www.census.gov/hfp/btos/,T1
Virginia,US state,2025-06-30,2025.496,9.0,"US Census Bureau BTOS (Q7, answer Yes)",https://www.census.gov/hfp/btos/,T1
Virginia,US state,2025-07-14,2025.534,11.8,"US Census Bureau BTOS (Q7, answer Yes)",https://www.census.gov/hfp/btos/,T1
Virginia,US state,2025-07-28,2025.572,10.6,"US Census Bureau BTOS (Q7, answer Yes)",https://www.census.gov/hfp/btos/,T1
Virginia,US state,2025-08-11,2025.611,11.8,"US Census Bureau BTOS (Q7, answer Yes)",https://www.census.gov/hfp/btos/,T1
Virginia,US state,2025-08-25,2025.649,8.0,"US Census Bureau BTOS (Q7, answer Yes)",https://www.census.gov/hfp/btos/,T1
Virginia,US state,2025-09-08,2025.687,11.6,"US Census Bureau BTOS (Q7, answer Yes)",https://www.census.gov/hfp/btos/,T1
Virginia,US state,2025-09-22,2025.726,11.1,"US Census Bureau BTOS (Q7, answer Yes)",https://www.census.gov/hfp/btos/,T1
Virginia,US state,2025-11-17,2025.879,19.8,"US Census Bureau BTOS (Q7, answer Yes)",https://www.census.gov/hfp/btos/,T1
Virginia,US state,2025-12-01,2025.917,20.8,"US Census Bureau BTOS (Q7, answer Yes)",https://www.census.gov/hfp/btos/,T1
Virginia,US state,2025-12-15,2025.956,22.3,"US Census Bureau BTOS (Q7, answer Yes)",https://www.census.gov/hfp/btos/,T1
Virginia,US state,2025-12-29,2025.994,13.5,"US Census Bureau BTOS (Q7, answer Yes)",https://www.census.gov/hfp/btos/,T1
Virginia,US state,2026-01-12,2026.033,22.4,"US Census Bureau BTOS (Q7, answer Yes)",https://www.census.gov/hfp/btos/,T1
Virginia,US state,2026-01-26,2026.071,19.2,"US Census Bureau BTOS (Q7, answer Yes)",https://www.census.gov/hfp/btos/,T1
Virginia,US state,2026-02-09,2026.11,17.8,"US Census Bureau BTOS (Q7, answer Yes)",https://www.census.gov/hfp/btos/,T1
Virginia,US state,2026-02-23,2026.148,18.6,"US Census Bureau BTOS (Q7, answer Yes)",https://www.census.gov/hfp/btos/,T1
Virginia,US state,2026-03-09,2026.186,18.8,"US Census Bureau BTOS (Q7, answer Yes)",https://www.census.gov/hfp/btos/,T1
Virginia,US state,2026-03-23,2026.225,17.6,"US Census Bureau BTOS (Q7, answer Yes)",https://www.census.gov/hfp/btos/,T1
Virginia,US state,2026-04-06,2026.263,25.2,"US Census Bureau BTOS (Q7, answer Yes)",https://www.census.gov/hfp/btos/,T1
Virginia,US state,2026-04-20,2026.301,19.2,"US Census Bureau BTOS (Q7, answer Yes)",https://www.census.gov/hfp/btos/,T1
Virginia,US state,2026-05-04,2026.339,23.2,"US Census Bureau BTOS (Q7, answer Yes)",https://www.census.gov/hfp/btos/,T1
Virginia,US state,2026-05-18,2026.378,24.3,"US Census Bureau BTOS (Q7, answer Yes)",https://www.census.gov/hfp/btos/,T1
Virginia,US state,2026-06-01,2026.416,23.9,"US Census Bureau BTOS (Q7, answer Yes)",https://www.census.gov/hfp/btos/,T1
Virginia,US state,2026-06-15,2026.454,20.4,"US Census Bureau BTOS (Q7, answer Yes)",https://www.census.gov/hfp/btos/,T1
Vermont,US state,2024-12-02,2024.923,8.3,"US Census Bureau BTOS (Q7, answer Yes)",https://www.census.gov/hfp/btos/,T1
Vermont,US state,2025-02-24,2025.151,8.3,"US Census Bureau BTOS (Q7, answer Yes)",https://www.census.gov/hfp/btos/,T1
Vermont,US state,2025-05-19,2025.381,9.5,"US Census Bureau BTOS (Q7, answer Yes)",https://www.census.gov/hfp/btos/,T1
Vermont,US state,2025-09-22,2025.726,13.1,"US Census Bureau BTOS (Q7, answer Yes)",https://www.census.gov/hfp/btos/,T1
Vermont,US state,2025-12-01,2025.917,24.7,"US Census Bureau BTOS (Q7, answer Yes)",https://www.census.gov/hfp/btos/,T1
Vermont,US state,2025-12-15,2025.956,18.8,"US Census Bureau BTOS (Q7, answer Yes)",https://www.census.gov/hfp/btos/,T1
Vermont,US state,2025-12-29,2025.994,15.6,"US Census Bureau BTOS (Q7, answer Yes)",https://www.census.gov/hfp/btos/,T1
Vermont,US state,2026-01-26,2026.071,15.1,"US Census Bureau BTOS (Q7, answer Yes)",https://www.census.gov/hfp/btos/,T1
Vermont,US state,2026-02-09,2026.11,8.5,"US Census Bureau BTOS (Q7, answer Yes)",https://www.census.gov/hfp/btos/,T1
Vermont,US state,2026-02-23,2026.148,15.1,"US Census Bureau BTOS (Q7, answer Yes)",https://www.census.gov/hfp/btos/,T1
Vermont,US state,2026-03-09,2026.186,15.9,"US Census Bureau BTOS (Q7, answer Yes)",https://www.census.gov/hfp/btos/,T1
Vermont,US state,2026-03-23,2026.225,16.1,"US Census Bureau BTOS (Q7, answer Yes)",https://www.census.gov/hfp/btos/,T1
Vermont,US state,2026-04-06,2026.263,15.1,"US Census Bureau BTOS (Q7, answer Yes)",https://www.census.gov/hfp/btos/,T1
Vermont,US state,2026-04-20,2026.301,9.3,"US Census Bureau BTOS (Q7, answer Yes)",https://www.census.gov/hfp/btos/,T1
Vermont,US state,2026-05-18,2026.378,19.5,"US Census Bureau BTOS (Q7, answer Yes)",https://www.census.gov/hfp/btos/,T1
Vermont,US state,2026-06-01,2026.416,31.9,"US Census Bureau BTOS (Q7, answer Yes)",https://www.census.gov/hfp/btos/,T1
Vermont,US state,2026-06-15,2026.454,18.4,"US Census Bureau BTOS (Q7, answer Yes)",https://www.census.gov/hfp/btos/,T1
Washington,US state,2023-09-11,2023.695,4.0,"US Census Bureau BTOS (Q7, answer Yes)",https://www.census.gov/hfp/btos/,T1
Washington,US state,2023-09-25,2023.734,3.9,"US Census Bureau BTOS (Q7, answer Yes)",https://www.census.gov/hfp/btos/,T1
Washington,US state,2023-10-09,2023.772,5.3,"US Census Bureau BTOS (Q7, answer Yes)",https://www.census.gov/hfp/btos/,T1
Washington,US state,2023-10-23,2023.81,4.2,"US Census Bureau BTOS (Q7, answer Yes)",https://www.census.gov/hfp/btos/,T1
Washington,US state,2023-11-06,2023.849,4.9,"US Census Bureau BTOS (Q7, answer Yes)",https://www.census.gov/hfp/btos/,T1
Washington,US state,2023-11-20,2023.887,4.9,"US Census Bureau BTOS (Q7, answer Yes)",https://www.census.gov/hfp/btos/,T1
Washington,US state,2023-12-04,2023.925,5.7,"US Census Bureau BTOS (Q7, answer Yes)",https://www.census.gov/hfp/btos/,T1
Washington,US state,2023-12-18,2023.964,6.5,"US Census Bureau BTOS (Q7, answer Yes)",https://www.census.gov/hfp/btos/,T1
Washington,US state,2024-01-01,2024.003,5.9,"US Census Bureau BTOS (Q7, answer Yes)",https://www.census.gov/hfp/btos/,T1
Washington,US state,2024-01-15,2024.041,5.9,"US Census Bureau BTOS (Q7, answer Yes)",https://www.census.gov/hfp/btos/,T1
Washington,US state,2024-01-29,2024.079,5.9,"US Census Bureau BTOS (Q7, answer Yes)",https://www.census.gov/hfp/btos/,T1
Washington,US state,2024-02-12,2024.118,6.4,"US Census Bureau BTOS (Q7, answer Yes)",https://www.census.gov/hfp/btos/,T1
Washington,US state,2024-02-26,2024.156,5.4,"US Census Bureau BTOS (Q7, answer Yes)",https://www.census.gov/hfp/btos/,T1
Washington,US state,2024-03-11,2024.194,5.8,"US Census Bureau BTOS (Q7, answer Yes)",https://www.census.gov/hfp/btos/,T1
Washington,US state,2024-03-25,2024.233,4.4,"US Census Bureau BTOS (Q7, answer Yes)",https://www.census.gov/hfp/btos/,T1
Washington,US state,2024-04-08,2024.271,4.9,"US Census Bureau BTOS (Q7, answer Yes)",https://www.census.gov/hfp/btos/,T1
Washington,US state,2024-04-22,2024.309,6.7,"US Census Bureau BTOS (Q7, answer Yes)",https://www.census.gov/hfp/btos/,T1
Washington,US state,2024-05-06,2024.348,6.7,"US Census Bureau BTOS (Q7, answer Yes)",https://www.census.gov/hfp/btos/,T1
Washington,US state,2024-05-20,2024.386,5.4,"US Census Bureau BTOS (Q7, answer Yes)",https://www.census.gov/hfp/btos/,T1
Washington,US state,2024-06-03,2024.424,6.1,"US Census Bureau BTOS (Q7, answer Yes)",https://www.census.gov/hfp/btos/,T1
Washington,US state,2024-06-17,2024.463,6.7,"US Census Bureau BTOS (Q7, answer Yes)",https://www.census.gov/hfp/btos/,T1
Washington,US state,2024-07-01,2024.501,5.1,"US Census Bureau BTOS (Q7, answer Yes)",https://www.census.gov/hfp/btos/,T1
Washington,US state,2024-07-15,2024.539,5.8,"US Census Bureau BTOS (Q7, answer Yes)",https://www.census.gov/hfp/btos/,T1
Washington,US state,2024-07-29,2024.578,6.3,"US Census Bureau BTOS (Q7, answer Yes)",https://www.census.gov/hfp/btos/,T1
Washington,US state,2024-08-12,2024.616,6.6,"US Census Bureau BTOS (Q7, answer Yes)",https://www.census.gov/hfp/btos/,T1
Washington,US state,2024-08-26,2024.654,7.1,"US Census Bureau BTOS (Q7, answer Yes)",https://www.census.gov/hfp/btos/,T1
Washington,US state,2024-09-09,2024.693,7.1,"US Census Bureau BTOS (Q7, answer Yes)",https://www.census.gov/hfp/btos/,T1
Washington,US state,2024-09-23,2024.731,9.1,"US Census Bureau BTOS (Q7, answer Yes)",https://www.census.gov/hfp/btos/,T1
Washington,US state,2024-10-07,2024.769,8.4,"US Census Bureau BTOS (Q7, answer Yes)",https://www.census.gov/hfp/btos/,T1
Washington,US state,2024-10-21,2024.808,8.9,"US Census Bureau BTOS (Q7, answer Yes)",https://www.census.gov/hfp/btos/,T1
Washington,US state,2024-11-04,2024.846,7.6,"US Census Bureau BTOS (Q7, answer Yes)",https://www.census.gov/hfp/btos/,T1
Washington,US state,2024-11-18,2024.884,6.8,"US Census Bureau BTOS (Q7, answer Yes)",https://www.census.gov/hfp/btos/,T1
Washington,US state,2024-12-02,2024.923,7.6,"US Census Bureau BTOS (Q7, answer Yes)",https://www.census.gov/hfp/btos/,T1
Washington,US state,2024-12-16,2024.961,10.5,"US Census Bureau BTOS (Q7, answer Yes)",https://www.census.gov/hfp/btos/,T1
Washington,US state,2024-12-30,2024.999,8.0,"US Census Bureau BTOS (Q7, answer Yes)",https://www.census.gov/hfp/btos/,T1
Washington,US state,2025-01-13,2025.036,9.3,"US Census Bureau BTOS (Q7, answer Yes)",https://www.census.gov/hfp/btos/,T1
Washington,US state,2025-01-27,2025.074,7.4,"US Census Bureau BTOS (Q7, answer Yes)",https://www.census.gov/hfp/btos/,T1
Washington,US state,2025-02-10,2025.112,10.1,"US Census Bureau BTOS (Q7, answer Yes)",https://www.census.gov/hfp/btos/,T1
Washington,US state,2025-02-24,2025.151,8.5,"US Census Bureau BTOS (Q7, answer Yes)",https://www.census.gov/hfp/btos/,T1
Washington,US state,2025-03-10,2025.189,10.6,"US Census Bureau BTOS (Q7, answer Yes)",https://www.census.gov/hfp/btos/,T1
Washington,US state,2025-03-24,2025.227,8.6,"US Census Bureau BTOS (Q7, answer Yes)",https://www.census.gov/hfp/btos/,T1
Washington,US state,2025-04-07,2025.266,10.7,"US Census Bureau BTOS (Q7, answer Yes)",https://www.census.gov/hfp/btos/,T1
Washington,US state,2025-04-21,2025.304,10.3,"US Census Bureau BTOS (Q7, answer Yes)",https://www.census.gov/hfp/btos/,T1
Washington,US state,2025-05-05,2025.342,10.0,"US Census Bureau BTOS (Q7, answer Yes)",https://www.census.gov/hfp/btos/,T1
Washington,US state,2025-05-19,2025.381,11.1,"US Census Bureau BTOS (Q7, answer Yes)",https://www.census.gov/hfp/btos/,T1
Washington,US state,2025-06-02,2025.419,12.0,"US Census Bureau BTOS (Q7, answer Yes)",https://www.census.gov/hfp/btos/,T1
Washington,US state,2025-06-16,2025.457,11.9,"US Census Bureau BTOS (Q7, answer Yes)",https://www.census.gov/hfp/btos/,T1
Washington,US state,2025-06-30,2025.496,13.6,"US Census Bureau BTOS (Q7, answer Yes)",https://www.census.gov/hfp/btos/,T1
Washington,US state,2025-07-14,2025.534,11.5,"US Census Bureau BTOS (Q7, answer Yes)",https://www.census.gov/hfp/btos/,T1
Washington,US state,2025-07-28,2025.572,8.9,"US Census Bureau BTOS (Q7, answer Yes)",https://www.census.gov/hfp/btos/,T1
Washington,US state,2025-08-11,2025.611,10.6,"US Census Bureau BTOS (Q7, answer Yes)",https://www.census.gov/hfp/btos/,T1
Washington,US state,2025-08-25,2025.649,10.2,"US Census Bureau BTOS (Q7, answer Yes)",https://www.census.gov/hfp/btos/,T1
Washington,US state,2025-09-08,2025.687,14.6,"US Census Bureau BTOS (Q7, answer Yes)",https://www.census.gov/hfp/btos/,T1
Washington,US state,2025-09-22,2025.726,12.2,"US Census Bureau BTOS (Q7, answer Yes)",https://www.census.gov/hfp/btos/,T1
Washington,US state,2025-11-17,2025.879,17.8,"US Census Bureau BTOS (Q7, answer Yes)",https://www.census.gov/hfp/btos/,T1
Washington,US state,2025-12-01,2025.917,20.6,"US Census Bureau BTOS (Q7, answer Yes)",https://www.census.gov/hfp/btos/,T1
Washington,US state,2025-12-15,2025.956,19.1,"US Census Bureau BTOS (Q7, answer Yes)",https://www.census.gov/hfp/btos/,T1
Washington,US state,2025-12-29,2025.994,21.4,"US Census Bureau BTOS (Q7, answer Yes)",https://www.census.gov/hfp/btos/,T1
Washington,US state,2026-01-12,2026.033,20.9,"US Census Bureau BTOS (Q7, answer Yes)",https://www.census.gov/hfp/btos/,T1
Washington,US state,2026-01-26,2026.071,19.8,"US Census Bureau BTOS (Q7, answer Yes)",https://www.census.gov/hfp/btos/,T1
Washington,US state,2026-02-09,2026.11,21.3,"US Census Bureau BTOS (Q7, answer Yes)",https://www.census.gov/hfp/btos/,T1
Washington,US state,2026-02-23,2026.148,19.0,"US Census Bureau BTOS (Q7, answer Yes)",https://www.census.gov/hfp/btos/,T1
Washington,US state,2026-03-09,2026.186,19.9,"US Census Bureau BTOS (Q7, answer Yes)",https://www.census.gov/hfp/btos/,T1
Washington,US state,2026-03-23,2026.225,22.4,"US Census Bureau BTOS (Q7, answer Yes)",https://www.census.gov/hfp/btos/,T1
Washington,US state,2026-04-06,2026.263,26.0,"US Census Bureau BTOS (Q7, answer Yes)",https://www.census.gov/hfp/btos/,T1
Washington,US state,2026-04-20,2026.301,28.6,"US Census Bureau BTOS (Q7, answer Yes)",https://www.census.gov/hfp/btos/,T1
Washington,US state,2026-05-04,2026.339,23.4,"US Census Bureau BTOS (Q7, answer Yes)",https://www.census.gov/hfp/btos/,T1
Washington,US state,2026-05-18,2026.378,24.6,"US Census Bureau BTOS (Q7, answer Yes)",https://www.census.gov/hfp/btos/,T1
Washington,US state,2026-06-01,2026.416,21.8,"US Census Bureau BTOS (Q7, answer Yes)",https://www.census.gov/hfp/btos/,T1
Washington,US state,2026-06-15,2026.454,23.7,"US Census Bureau BTOS (Q7, answer Yes)",https://www.census.gov/hfp/btos/,T1
Wisconsin,US state,2023-09-11,2023.695,3.1,"US Census Bureau BTOS (Q7, answer Yes)",https://www.census.gov/hfp/btos/,T1
Wisconsin,US state,2023-09-25,2023.734,2.3,"US Census Bureau BTOS (Q7, answer Yes)",https://www.census.gov/hfp/btos/,T1
Wisconsin,US state,2023-10-09,2023.772,2.7,"US Census Bureau BTOS (Q7, answer Yes)",https://www.census.gov/hfp/btos/,T1
Wisconsin,US state,2023-10-23,2023.81,2.0,"US Census Bureau BTOS (Q7, answer Yes)",https://www.census.gov/hfp/btos/,T1
Wisconsin,US state,2023-11-06,2023.849,3.3,"US Census Bureau BTOS (Q7, answer Yes)",https://www.census.gov/hfp/btos/,T1
Wisconsin,US state,2023-11-20,2023.887,3.1,"US Census Bureau BTOS (Q7, answer Yes)",https://www.census.gov/hfp/btos/,T1
Wisconsin,US state,2023-12-04,2023.925,3.6,"US Census Bureau BTOS (Q7, answer Yes)",https://www.census.gov/hfp/btos/,T1
Wisconsin,US state,2023-12-18,2023.964,3.9,"US Census Bureau BTOS (Q7, answer Yes)",https://www.census.gov/hfp/btos/,T1
Wisconsin,US state,2024-01-01,2024.003,2.7,"US Census Bureau BTOS (Q7, answer Yes)",https://www.census.gov/hfp/btos/,T1
Wisconsin,US state,2024-01-15,2024.041,4.9,"US Census Bureau BTOS (Q7, answer Yes)",https://www.census.gov/hfp/btos/,T1
Wisconsin,US state,2024-01-29,2024.079,4.3,"US Census Bureau BTOS (Q7, answer Yes)",https://www.census.gov/hfp/btos/,T1
Wisconsin,US state,2024-02-12,2024.118,5.2,"US Census Bureau BTOS (Q7, answer Yes)",https://www.census.gov/hfp/btos/,T1
Wisconsin,US state,2024-02-26,2024.156,4.2,"US Census Bureau BTOS (Q7, answer Yes)",https://www.census.gov/hfp/btos/,T1
Wisconsin,US state,2024-03-11,2024.194,2.6,"US Census Bureau BTOS (Q7, answer Yes)",https://www.census.gov/hfp/btos/,T1
Wisconsin,US state,2024-03-25,2024.233,3.9,"US Census Bureau BTOS (Q7, answer Yes)",https://www.census.gov/hfp/btos/,T1
Wisconsin,US state,2024-04-08,2024.271,3.1,"US Census Bureau BTOS (Q7, answer Yes)",https://www.census.gov/hfp/btos/,T1
Wisconsin,US state,2024-04-22,2024.309,3.9,"US Census Bureau BTOS (Q7, answer Yes)",https://www.census.gov/hfp/btos/,T1
Wisconsin,US state,2024-05-06,2024.348,3.2,"US Census Bureau BTOS (Q7, answer Yes)",https://www.census.gov/hfp/btos/,T1
Wisconsin,US state,2024-05-20,2024.386,4.9,"US Census Bureau BTOS (Q7, answer Yes)",https://www.census.gov/hfp/btos/,T1
Wisconsin,US state,2024-06-03,2024.424,3.5,"US Census Bureau BTOS (Q7, answer Yes)",https://www.census.gov/hfp/btos/,T1
Wisconsin,US state,2024-06-17,2024.463,4.2,"US Census Bureau BTOS (Q7, answer Yes)",https://www.census.gov/hfp/btos/,T1
Wisconsin,US state,2024-07-01,2024.501,3.2,"US Census Bureau BTOS (Q7, answer Yes)",https://www.census.gov/hfp/btos/,T1
Wisconsin,US state,2024-07-15,2024.539,5.9,"US Census Bureau BTOS (Q7, answer Yes)",https://www.census.gov/hfp/btos/,T1
Wisconsin,US state,2024-07-29,2024.578,3.8,"US Census Bureau BTOS (Q7, answer Yes)",https://www.census.gov/hfp/btos/,T1
Wisconsin,US state,2024-08-12,2024.616,3.4,"US Census Bureau BTOS (Q7, answer Yes)",https://www.census.gov/hfp/btos/,T1
Wisconsin,US state,2024-08-26,2024.654,3.9,"US Census Bureau BTOS (Q7, answer Yes)",https://www.census.gov/hfp/btos/,T1
Wisconsin,US state,2024-09-09,2024.693,3.3,"US Census Bureau BTOS (Q7, answer Yes)",https://www.census.gov/hfp/btos/,T1
Wisconsin,US state,2024-09-23,2024.731,3.6,"US Census Bureau BTOS (Q7, answer Yes)",https://www.census.gov/hfp/btos/,T1
Wisconsin,US state,2024-10-07,2024.769,4.6,"US Census Bureau BTOS (Q7, answer Yes)",https://www.census.gov/hfp/btos/,T1
Wisconsin,US state,2024-10-21,2024.808,3.9,"US Census Bureau BTOS (Q7, answer Yes)",https://www.census.gov/hfp/btos/,T1
Wisconsin,US state,2024-11-04,2024.846,3.9,"US Census Bureau BTOS (Q7, answer Yes)",https://www.census.gov/hfp/btos/,T1
Wisconsin,US state,2024-11-18,2024.884,6.3,"US Census Bureau BTOS (Q7, answer Yes)",https://www.census.gov/hfp/btos/,T1
Wisconsin,US state,2024-12-02,2024.923,3.2,"US Census Bureau BTOS (Q7, answer Yes)",https://www.census.gov/hfp/btos/,T1
Wisconsin,US state,2024-12-16,2024.961,4.1,"US Census Bureau BTOS (Q7, answer Yes)",https://www.census.gov/hfp/btos/,T1
Wisconsin,US state,2024-12-30,2024.999,4.8,"US Census Bureau BTOS (Q7, answer Yes)",https://www.census.gov/hfp/btos/,T1
Wisconsin,US state,2025-01-13,2025.036,4.8,"US Census Bureau BTOS (Q7, answer Yes)",https://www.census.gov/hfp/btos/,T1
Wisconsin,US state,2025-01-27,2025.074,6.1,"US Census Bureau BTOS (Q7, answer Yes)",https://www.census.gov/hfp/btos/,T1
Wisconsin,US state,2025-02-10,2025.112,6.4,"US Census Bureau BTOS (Q7, answer Yes)",https://www.census.gov/hfp/btos/,T1
Wisconsin,US state,2025-02-24,2025.151,4.7,"US Census Bureau BTOS (Q7, answer Yes)",https://www.census.gov/hfp/btos/,T1
Wisconsin,US state,2025-03-10,2025.189,5.1,"US Census Bureau BTOS (Q7, answer Yes)",https://www.census.gov/hfp/btos/,T1
Wisconsin,US state,2025-03-24,2025.227,8.1,"US Census Bureau BTOS (Q7, answer Yes)",https://www.census.gov/hfp/btos/,T1
Wisconsin,US state,2025-04-07,2025.266,7.8,"US Census Bureau BTOS (Q7, answer Yes)",https://www.census.gov/hfp/btos/,T1
Wisconsin,US state,2025-04-21,2025.304,7.1,"US Census Bureau BTOS (Q7, answer Yes)",https://www.census.gov/hfp/btos/,T1
Wisconsin,US state,2025-05-05,2025.342,8.0,"US Census Bureau BTOS (Q7, answer Yes)",https://www.census.gov/hfp/btos/,T1
Wisconsin,US state,2025-05-19,2025.381,6.3,"US Census Bureau BTOS (Q7, answer Yes)",https://www.census.gov/hfp/btos/,T1
Wisconsin,US state,2025-06-02,2025.419,5.2,"US Census Bureau BTOS (Q7, answer Yes)",https://www.census.gov/hfp/btos/,T1
Wisconsin,US state,2025-06-16,2025.457,8.2,"US Census Bureau BTOS (Q7, answer Yes)",https://www.census.gov/hfp/btos/,T1
Wisconsin,US state,2025-06-30,2025.496,6.6,"US Census Bureau BTOS (Q7, answer Yes)",https://www.census.gov/hfp/btos/,T1
Wisconsin,US state,2025-07-14,2025.534,4.6,"US Census Bureau BTOS (Q7, answer Yes)",https://www.census.gov/hfp/btos/,T1
Wisconsin,US state,2025-07-28,2025.572,5.2,"US Census Bureau BTOS (Q7, answer Yes)",https://www.census.gov/hfp/btos/,T1
Wisconsin,US state,2025-08-11,2025.611,6.0,"US Census Bureau BTOS (Q7, answer Yes)",https://www.census.gov/hfp/btos/,T1
Wisconsin,US state,2025-08-25,2025.649,7.5,"US Census Bureau BTOS (Q7, answer Yes)",https://www.census.gov/hfp/btos/,T1
Wisconsin,US state,2025-09-08,2025.687,4.8,"US Census Bureau BTOS (Q7, answer Yes)",https://www.census.gov/hfp/btos/,T1
Wisconsin,US state,2025-09-22,2025.726,7.3,"US Census Bureau BTOS (Q7, answer Yes)",https://www.census.gov/hfp/btos/,T1
Wisconsin,US state,2025-11-17,2025.879,14.2,"US Census Bureau BTOS (Q7, answer Yes)",https://www.census.gov/hfp/btos/,T1
Wisconsin,US state,2025-12-01,2025.917,13.0,"US Census Bureau BTOS (Q7, answer Yes)",https://www.census.gov/hfp/btos/,T1
Wisconsin,US state,2025-12-15,2025.956,15.3,"US Census Bureau BTOS (Q7, answer Yes)",https://www.census.gov/hfp/btos/,T1
Wisconsin,US state,2025-12-29,2025.994,17.1,"US Census Bureau BTOS (Q7, answer Yes)",https://www.census.gov/hfp/btos/,T1
Wisconsin,US state,2026-01-12,2026.033,16.9,"US Census Bureau BTOS (Q7, answer Yes)",https://www.census.gov/hfp/btos/,T1
Wisconsin,US state,2026-01-26,2026.071,19.2,"US Census Bureau BTOS (Q7, answer Yes)",https://www.census.gov/hfp/btos/,T1
Wisconsin,US state,2026-02-09,2026.11,15.1,"US Census Bureau BTOS (Q7, answer Yes)",https://www.census.gov/hfp/btos/,T1
Wisconsin,US state,2026-02-23,2026.148,14.7,"US Census Bureau BTOS (Q7, answer Yes)",https://www.census.gov/hfp/btos/,T1
Wisconsin,US state,2026-03-09,2026.186,13.4,"US Census Bureau BTOS (Q7, answer Yes)",https://www.census.gov/hfp/btos/,T1
Wisconsin,US state,2026-03-23,2026.225,16.4,"US Census Bureau BTOS (Q7, answer Yes)",https://www.census.gov/hfp/btos/,T1
Wisconsin,US state,2026-04-06,2026.263,19.7,"US Census Bureau BTOS (Q7, answer Yes)",https://www.census.gov/hfp/btos/,T1
Wisconsin,US state,2026-04-20,2026.301,16.8,"US Census Bureau BTOS (Q7, answer Yes)",https://www.census.gov/hfp/btos/,T1
Wisconsin,US state,2026-05-04,2026.339,18.4,"US Census Bureau BTOS (Q7, answer Yes)",https://www.census.gov/hfp/btos/,T1
Wisconsin,US state,2026-05-18,2026.378,14.4,"US Census Bureau BTOS (Q7, answer Yes)",https://www.census.gov/hfp/btos/,T1
Wisconsin,US state,2026-06-01,2026.416,16.7,"US Census Bureau BTOS (Q7, answer Yes)",https://www.census.gov/hfp/btos/,T1
Wisconsin,US state,2026-06-15,2026.454,17.7,"US Census Bureau BTOS (Q7, answer Yes)",https://www.census.gov/hfp/btos/,T1
West Virginia,US state,2025-08-25,2025.649,8.2,"US Census Bureau BTOS (Q7, answer Yes)",https://www.census.gov/hfp/btos/,T1
West Virginia,US state,2025-09-08,2025.687,7.1,"US Census Bureau BTOS (Q7, answer Yes)",https://www.census.gov/hfp/btos/,T1
West Virginia,US state,2025-12-29,2025.994,14.2,"US Census Bureau BTOS (Q7, answer Yes)",https://www.census.gov/hfp/btos/,T1
West Virginia,US state,2026-01-12,2026.033,9.8,"US Census Bureau BTOS (Q7, answer Yes)",https://www.census.gov/hfp/btos/,T1
West Virginia,US state,2026-03-09,2026.186,8.3,"US Census Bureau BTOS (Q7, answer Yes)",https://www.census.gov/hfp/btos/,T1
West Virginia,US state,2026-03-23,2026.225,13.6,"US Census Bureau BTOS (Q7, answer Yes)",https://www.census.gov/hfp/btos/,T1
West Virginia,US state,2026-04-06,2026.263,12.6,"US Census Bureau BTOS (Q7, answer Yes)",https://www.census.gov/hfp/btos/,T1
West Virginia,US state,2026-05-04,2026.339,17.6,"US Census Bureau BTOS (Q7, answer Yes)",https://www.census.gov/hfp/btos/,T1
West Virginia,US state,2026-05-18,2026.378,14.5,"US Census Bureau BTOS (Q7, answer Yes)",https://www.census.gov/hfp/btos/,T1
West Virginia,US state,2026-06-01,2026.416,11.3,"US Census Bureau BTOS (Q7, answer Yes)",https://www.census.gov/hfp/btos/,T1
West Virginia,US state,2026-06-15,2026.454,14.2,"US Census Bureau BTOS (Q7, answer Yes)",https://www.census.gov/hfp/btos/,T1
Wyoming,US state,2025-03-24,2025.227,16.1,"US Census Bureau BTOS (Q7, answer Yes)",https://www.census.gov/hfp/btos/,T1
Wyoming,US state,2025-06-16,2025.457,17.2,"US Census Bureau BTOS (Q7, answer Yes)",https://www.census.gov/hfp/btos/,T1
Wyoming,US state,2025-08-11,2025.611,12.9,"US Census Bureau BTOS (Q7, answer Yes)",https://www.census.gov/hfp/btos/,T1
Wyoming,US state,2025-11-17,2025.879,19.0,"US Census Bureau BTOS (Q7, answer Yes)",https://www.census.gov/hfp/btos/,T1
Wyoming,US state,2025-12-01,2025.917,17.1,"US Census Bureau BTOS (Q7, answer Yes)",https://www.census.gov/hfp/btos/,T1
Wyoming,US state,2025-12-29,2025.994,19.1,"US Census Bureau BTOS (Q7, answer Yes)",https://www.census.gov/hfp/btos/,T1
Wyoming,US state,2026-01-12,2026.033,23.3,"US Census Bureau BTOS (Q7, answer Yes)",https://www.census.gov/hfp/btos/,T1
Wyoming,US state,2026-01-26,2026.071,11.8,"US Census Bureau BTOS (Q7, answer Yes)",https://www.census.gov/hfp/btos/,T1
Wyoming,US state,2026-02-23,2026.148,15.0,"US Census Bureau BTOS (Q7, answer Yes)",https://www.census.gov/hfp/btos/,T1
Wyoming,US state,2026-03-09,2026.186,19.8,"US Census Bureau BTOS (Q7, answer Yes)",https://www.census.gov/hfp/btos/,T1
Wyoming,US state,2026-03-23,2026.225,27.4,"US Census Bureau BTOS (Q7, answer Yes)",https://www.census.gov/hfp/btos/,T1
Wyoming,US state,2026-04-06,2026.263,20.9,"US Census Bureau BTOS (Q7, answer Yes)",https://www.census.gov/hfp/btos/,T1
Wyoming,US state,2026-04-20,2026.301,19.3,"US Census Bureau BTOS (Q7, answer Yes)",https://www.census.gov/hfp/btos/,T1
Wyoming,US state,2026-05-04,2026.339,14.6,"US Census Bureau BTOS (Q7, answer Yes)",https://www.census.gov/hfp/btos/,T1
Wyoming,US state,2026-05-18,2026.378,13.2,"US Census Bureau BTOS (Q7, answer Yes)",https://www.census.gov/hfp/btos/,T1
Wyoming,US state,2026-06-01,2026.416,13.5,"US Census Bureau BTOS (Q7, answer Yes)",https://www.census.gov/hfp/btos/,T1
Wyoming,US state,2026-06-15,2026.454,20.2,"US Census Bureau BTOS (Q7, answer Yes)",https://www.census.gov/hfp/btos/,T1
XX,US state,2023-09-11,2023.695,3.0,"US Census Bureau BTOS (Q7, answer Yes)",https://www.census.gov/hfp/btos/,T1
XX,US state,2023-09-25,2023.734,3.3,"US Census Bureau BTOS (Q7, answer Yes)",https://www.census.gov/hfp/btos/,T1
XX,US state,2023-10-09,2023.772,3.0,"US Census Bureau BTOS (Q7, answer Yes)",https://www.census.gov/hfp/btos/,T1
XX,US state,2023-10-23,2023.81,2.9,"US Census Bureau BTOS (Q7, answer Yes)",https://www.census.gov/hfp/btos/,T1
XX,US state,2023-11-06,2023.849,4.8,"US Census Bureau BTOS (Q7, answer Yes)",https://www.census.gov/hfp/btos/,T1
XX,US state,2023-11-20,2023.887,5.1,"US Census Bureau BTOS (Q7, answer Yes)",https://www.census.gov/hfp/btos/,T1
XX,US state,2023-12-04,2023.925,7.0,"US Census Bureau BTOS (Q7, answer Yes)",https://www.census.gov/hfp/btos/,T1
XX,US state,2023-12-18,2023.964,4.8,"US Census Bureau BTOS (Q7, answer Yes)",https://www.census.gov/hfp/btos/,T1
XX,US state,2024-01-01,2024.003,5.0,"US Census Bureau BTOS (Q7, answer Yes)",https://www.census.gov/hfp/btos/,T1
XX,US state,2024-01-15,2024.041,5.0,"US Census Bureau BTOS (Q7, answer Yes)",https://www.census.gov/hfp/btos/,T1
XX,US state,2024-01-29,2024.079,6.0,"US Census Bureau BTOS (Q7, answer Yes)",https://www.census.gov/hfp/btos/,T1
XX,US state,2024-02-12,2024.118,6.8,"US Census Bureau BTOS (Q7, answer Yes)",https://www.census.gov/hfp/btos/,T1
XX,US state,2024-02-26,2024.156,5.2,"US Census Bureau BTOS (Q7, answer Yes)",https://www.census.gov/hfp/btos/,T1
XX,US state,2024-03-11,2024.194,4.5,"US Census Bureau BTOS (Q7, answer Yes)",https://www.census.gov/hfp/btos/,T1
XX,US state,2024-03-25,2024.233,4.9,"US Census Bureau BTOS (Q7, answer Yes)",https://www.census.gov/hfp/btos/,T1
XX,US state,2024-04-08,2024.271,5.3,"US Census Bureau BTOS (Q7, answer Yes)",https://www.census.gov/hfp/btos/,T1
XX,US state,2024-04-22,2024.309,3.3,"US Census Bureau BTOS (Q7, answer Yes)",https://www.census.gov/hfp/btos/,T1
XX,US state,2024-05-06,2024.348,6.0,"US Census Bureau BTOS (Q7, answer Yes)",https://www.census.gov/hfp/btos/,T1
XX,US state,2024-05-20,2024.386,5.4,"US Census Bureau BTOS (Q7, answer Yes)",https://www.census.gov/hfp/btos/,T1
XX,US state,2024-06-03,2024.424,6.6,"US Census Bureau BTOS (Q7, answer Yes)",https://www.census.gov/hfp/btos/,T1
XX,US state,2024-06-17,2024.463,5.7,"US Census Bureau BTOS (Q7, answer Yes)",https://www.census.gov/hfp/btos/,T1
XX,US state,2024-07-01,2024.501,4.7,"US Census Bureau BTOS (Q7, answer Yes)",https://www.census.gov/hfp/btos/,T1
XX,US state,2024-07-15,2024.539,5.4,"US Census Bureau BTOS (Q7, answer Yes)",https://www.census.gov/hfp/btos/,T1
XX,US state,2024-07-29,2024.578,7.1,"US Census Bureau BTOS (Q7, answer Yes)",https://www.census.gov/hfp/btos/,T1
XX,US state,2024-08-12,2024.616,9.0,"US Census Bureau BTOS (Q7, answer Yes)",https://www.census.gov/hfp/btos/,T1
XX,US state,2024-08-26,2024.654,7.9,"US Census Bureau BTOS (Q7, answer Yes)",https://www.census.gov/hfp/btos/,T1
XX,US state,2024-09-09,2024.693,7.6,"US Census Bureau BTOS (Q7, answer Yes)",https://www.census.gov/hfp/btos/,T1
XX,US state,2024-09-23,2024.731,6.4,"US Census Bureau BTOS (Q7, answer Yes)",https://www.census.gov/hfp/btos/,T1
XX,US state,2024-10-07,2024.769,8.7,"US Census Bureau BTOS (Q7, answer Yes)",https://www.census.gov/hfp/btos/,T1
XX,US state,2024-10-21,2024.808,7.8,"US Census Bureau BTOS (Q7, answer Yes)",https://www.census.gov/hfp/btos/,T1
XX,US state,2024-11-04,2024.846,8.8,"US Census Bureau BTOS (Q7, answer Yes)",https://www.census.gov/hfp/btos/,T1
XX,US state,2024-11-18,2024.884,9.0,"US Census Bureau BTOS (Q7, answer Yes)",https://www.census.gov/hfp/btos/,T1
XX,US state,2024-12-02,2024.923,9.6,"US Census Bureau BTOS (Q7, answer Yes)",https://www.census.gov/hfp/btos/,T1
XX,US state,2024-12-16,2024.961,8.0,"US Census Bureau BTOS (Q7, answer Yes)",https://www.census.gov/hfp/btos/,T1
XX,US state,2024-12-30,2024.999,8.7,"US Census Bureau BTOS (Q7, answer Yes)",https://www.census.gov/hfp/btos/,T1
XX,US state,2025-01-13,2025.036,7.8,"US Census Bureau BTOS (Q7, answer Yes)",https://www.census.gov/hfp/btos/,T1
XX,US state,2025-01-27,2025.074,10.2,"US Census Bureau BTOS (Q7, answer Yes)",https://www.census.gov/hfp/btos/,T1
XX,US state,2025-02-10,2025.112,11.6,"US Census Bureau BTOS (Q7, answer Yes)",https://www.census.gov/hfp/btos/,T1
XX,US state,2025-02-24,2025.151,11.1,"US Census Bureau BTOS (Q7, answer Yes)",https://www.census.gov/hfp/btos/,T1
XX,US state,2025-03-10,2025.189,9.8,"US Census Bureau BTOS (Q7, answer Yes)",https://www.census.gov/hfp/btos/,T1
XX,US state,2025-03-24,2025.227,11.3,"US Census Bureau BTOS (Q7, answer Yes)",https://www.census.gov/hfp/btos/,T1
XX,US state,2025-04-07,2025.266,9.5,"US Census Bureau BTOS (Q7, answer Yes)",https://www.census.gov/hfp/btos/,T1
XX,US state,2025-04-21,2025.304,11.3,"US Census Bureau BTOS (Q7, answer Yes)",https://www.census.gov/hfp/btos/,T1
XX,US state,2025-05-05,2025.342,13.8,"US Census Bureau BTOS (Q7, answer Yes)",https://www.census.gov/hfp/btos/,T1
XX,US state,2025-05-19,2025.381,12.1,"US Census Bureau BTOS (Q7, answer Yes)",https://www.census.gov/hfp/btos/,T1
XX,US state,2025-06-02,2025.419,11.7,"US Census Bureau BTOS (Q7, answer Yes)",https://www.census.gov/hfp/btos/,T1
XX,US state,2025-06-16,2025.457,12.8,"US Census Bureau BTOS (Q7, answer Yes)",https://www.census.gov/hfp/btos/,T1
XX,US state,2025-06-30,2025.496,14.8,"US Census Bureau BTOS (Q7, answer Yes)",https://www.census.gov/hfp/btos/,T1
XX,US state,2025-07-14,2025.534,10.7,"US Census Bureau BTOS (Q7, answer Yes)",https://www.census.gov/hfp/btos/,T1
XX,US state,2025-07-28,2025.572,9.2,"US Census Bureau BTOS (Q7, answer Yes)",https://www.census.gov/hfp/btos/,T1
XX,US state,2025-08-11,2025.611,12.1,"US Census Bureau BTOS (Q7, answer Yes)",https://www.census.gov/hfp/btos/,T1
XX,US state,2025-08-25,2025.649,12.4,"US Census Bureau BTOS (Q7, answer Yes)",https://www.census.gov/hfp/btos/,T1
XX,US state,2025-09-08,2025.687,11.6,"US Census Bureau BTOS (Q7, answer Yes)",https://www.census.gov/hfp/btos/,T1
XX,US state,2025-09-22,2025.726,12.0,"US Census Bureau BTOS (Q7, answer Yes)",https://www.census.gov/hfp/btos/,T1
XX,US state,2025-11-17,2025.879,30.2,"US Census Bureau BTOS (Q7, answer Yes)",https://www.census.gov/hfp/btos/,T1
XX,US state,2025-12-01,2025.917,25.5,"US Census Bureau BTOS (Q7, answer Yes)",https://www.census.gov/hfp/btos/,T1
XX,US state,2025-12-15,2025.956,28.3,"US Census Bureau BTOS (Q7, answer Yes)",https://www.census.gov/hfp/btos/,T1
XX,US state,2025-12-29,2025.994,31.0,"US Census Bureau BTOS (Q7, answer Yes)",https://www.census.gov/hfp/btos/,T1
XX,US state,2026-01-12,2026.033,28.3,"US Census Bureau BTOS (Q7, answer Yes)",https://www.census.gov/hfp/btos/,T1
XX,US state,2026-01-26,2026.071,32.3,"US Census Bureau BTOS (Q7, answer Yes)",https://www.census.gov/hfp/btos/,T1
XX,US state,2026-02-09,2026.11,30.4,"US Census Bureau BTOS (Q7, answer Yes)",https://www.census.gov/hfp/btos/,T1
XX,US state,2026-02-23,2026.148,28.5,"US Census Bureau BTOS (Q7, answer Yes)",https://www.census.gov/hfp/btos/,T1
XX,US state,2026-03-09,2026.186,32.0,"US Census Bureau BTOS (Q7, answer Yes)",https://www.census.gov/hfp/btos/,T1
XX,US state,2026-03-23,2026.225,34.6,"US Census Bureau BTOS (Q7, answer Yes)",https://www.census.gov/hfp/btos/,T1
XX,US state,2026-04-06,2026.263,34.8,"US Census Bureau BTOS (Q7, answer Yes)",https://www.census.gov/hfp/btos/,T1
XX,US state,2026-04-20,2026.301,32.0,"US Census Bureau BTOS (Q7, answer Yes)",https://www.census.gov/hfp/btos/,T1
XX,US state,2026-05-04,2026.339,33.9,"US Census Bureau BTOS (Q7, answer Yes)",https://www.census.gov/hfp/btos/,T1
XX,US state,2026-05-18,2026.378,34.6,"US Census Bureau BTOS (Q7, answer Yes)",https://www.census.gov/hfp/btos/,T1
XX,US state,2026-06-01,2026.416,34.2,"US Census Bureau BTOS (Q7, answer Yes)",https://www.census.gov/hfp/btos/,T1
XX,US state,2026-06-15,2026.454,36.4,"US Census Bureau BTOS (Q7, answer Yes)",https://www.census.gov/hfp/btos/,T1
